circuit_idx,src,tgt,n_src_samples,n_edge_samples,confidence,dominant_type,hamming
1,1000,0000,200000,200000,1.0,boundary_analytic,1
1,0010,0000,200000,200000,1.0,boundary_analytic,1
1,0010,0011,200000,200000,1.0,boundary_analytic,1
2,1000,0000,200000,200000,1.0,boundary_analytic,1
2,0010,0000,200000,200000,1.0,boundary_analytic,1
2,0010,0011,200000,200000,1.0,boundary_analytic,1
2,0011,0111,200000,41596,0.20798,boundary_analytic,1
3,1000,0000,200000,200000,1.0,boundary_analytic,1
3,0010,0000,200000,200000,1.0,boundary_analytic,1
3,0010,0011,200000,200000,1.0,boundary_analytic,1
3,1100,1101,200000,182326,0.91163,boundary_analytic,1
4,1000,0000,200000,200000,1.0,boundary_analytic,1
4,0010,0000,200000,200000,1.0,boundary_analytic,1
4,0010,0011,200000,200000,1.0,boundary_analytic,1
4,0011,1011,200000,152479,0.762395,boundary_analytic,1
5,1000,0000,200000,200000,1.0,boundary_analytic,1
5,0010,0000,200000,200000,1.0,boundary_analytic,1
5,0010,0011,200000,200000,1.0,boundary_analytic,1
5,1100,1101,200000,177644,0.88822,boundary_analytic,1
5,1000,1001,200000,173389,0.866945,boundary_analytic,1
6,1000,0000,200000,200000,1.0,boundary_analytic,1
6,0010,0000,200000,200000,1.0,boundary_analytic,1
6,0010,0011,200000,200000,1.0,boundary_analytic,1
6,0011,0111,200000,133241,0.666205,boundary_analytic,1
7,1000,0000,200000,200000,1.0,boundary_analytic,1
7,0010,0000,200000,200000,1.0,boundary_analytic,1
7,0010,0011,200000,200000,1.0,boundary_analytic,1
7,1100,1110,200000,197361,0.986805,boundary_analytic,1
8,1000,0000,200000,200000,1.0,boundary_analytic,1
8,0010,0000,200000,200000,1.0,boundary_analytic,1
8,0010,0011,200000,200000,1.0,boundary_analytic,1
8,0011,1011,200000,180109,0.900545,boundary_analytic,1
9,1000,0000,200000,200000,1.0,boundary_analytic,1
9,0010,0000,200000,200000,1.0,boundary_analytic,1
9,0010,0011,200000,200000,1.0,boundary_analytic,1
9,1100,1110,200000,196625,0.983125,boundary_analytic,1
9,1000,1010,200000,195957,0.979785,boundary_analytic,1
10,1000,0000,200000,200000,1.0,boundary_analytic,1
10,0010,0000,200000,200000,1.0,boundary_analytic,1
10,0010,0011,200000,200000,1.0,boundary_analytic,1
10,0011,0111,200000,41596,0.20798,boundary_analytic,1
10,1100,1101,200000,182326,0.91163,boundary_analytic,1
11,1000,0000,200000,200000,1.0,boundary_analytic,1
11,0010,0000,200000,200000,1.0,boundary_analytic,1
11,0010,0011,200000,200000,1.0,boundary_analytic,1
11,0011,1011,200000,152479,0.762395,boundary_analytic,1
11,0011,0111,200000,41596,0.20798,boundary_analytic,1
12,1000,0000,200000,200000,1.0,boundary_analytic,1
12,0010,0000,200000,200000,1.0,boundary_analytic,1
12,0010,0011,200000,200000,1.0,boundary_analytic,1
12,0011,1011,200000,152479,0.762395,boundary_analytic,1
12,1100,1101,200000,182326,0.91163,boundary_analytic,1
13,1000,0000,200000,200000,1.0,boundary_analytic,1
13,0010,0000,200000,200000,1.0,boundary_analytic,1
13,0010,0011,200000,200000,1.0,boundary_analytic,1
13,0011,0111,200000,41596,0.20798,boundary_analytic,1
13,1100,1101,200000,177644,0.88822,boundary_analytic,1
13,1000,1001,200000,173389,0.866945,boundary_analytic,1
14,1000,0000,200000,200000,1.0,boundary_analytic,1
14,0010,0000,200000,200000,1.0,boundary_analytic,1
14,0010,0011,200000,200000,1.0,boundary_analytic,1
14,1100,1101,200000,199052,0.99526,boundary_analytic,1
14,1000,1001,200000,173389,0.866945,boundary_analytic,1
15,1000,0000,200000,200000,1.0,boundary_analytic,1
15,0010,0000,200000,200000,1.0,boundary_analytic,1
15,0010,0011,200000,200000,1.0,boundary_analytic,1
15,0011,1011,200000,152479,0.762395,boundary_analytic,1
15,1100,1101,200000,177644,0.88822,boundary_analytic,1
15,1000,1001,200000,173389,0.866945,boundary_analytic,1
16,1000,0000,200000,200000,1.0,boundary_analytic,1
16,0010,0000,200000,200000,1.0,boundary_analytic,1
16,0010,0011,200000,200000,1.0,boundary_analytic,1
16,0011,0111,200000,173626,0.86813,boundary_analytic,1
17,1000,0000,200000,200000,1.0,boundary_analytic,1
17,0010,0000,200000,200000,1.0,boundary_analytic,1
17,0010,0011,200000,200000,1.0,boundary_analytic,1
17,0011,0111,200000,133241,0.666205,boundary_analytic,1
17,1100,1101,200000,182326,0.91163,boundary_analytic,1
18,1000,0000,200000,200000,1.0,boundary_analytic,1
18,0010,0000,200000,200000,1.0,boundary_analytic,1
18,0010,0011,200000,200000,1.0,boundary_analytic,1
18,0011,1011,200000,152479,0.762395,boundary_analytic,1
18,0011,0111,200000,133241,0.666205,boundary_analytic,1
19,1000,0000,200000,200000,1.0,boundary_analytic,1
19,0010,0000,200000,200000,1.0,boundary_analytic,1
19,0010,0011,200000,200000,1.0,boundary_analytic,1
19,0011,0111,200000,133241,0.666205,boundary_analytic,1
19,1100,1101,200000,177644,0.88822,boundary_analytic,1
19,1000,1001,200000,173389,0.866945,boundary_analytic,1
20,1000,0000,200000,200000,1.0,boundary_analytic,1
20,0010,0000,200000,200000,1.0,boundary_analytic,1
20,0010,0011,200000,200000,1.0,boundary_analytic,1
20,0011,0111,200000,41596,0.20798,boundary_analytic,1
20,1100,1110,200000,197361,0.986805,boundary_analytic,1
21,1000,0000,200000,200000,1.0,boundary_analytic,1
21,0010,0000,200000,200000,1.0,boundary_analytic,1
21,0010,0011,200000,200000,1.0,boundary_analytic,1
21,1100,1110,200000,197361,0.986805,boundary_analytic,1
21,1100,1101,200000,182326,0.91163,boundary_analytic,1
22,1000,0000,200000,200000,1.0,boundary_analytic,1
22,0010,0000,200000,200000,1.0,boundary_analytic,1
22,0010,0011,200000,200000,1.0,boundary_analytic,1
22,0011,1011,200000,152479,0.762395,boundary_analytic,1
22,1100,1110,200000,197361,0.986805,boundary_analytic,1
23,1000,0000,200000,200000,1.0,boundary_analytic,1
23,0010,0000,200000,200000,1.0,boundary_analytic,1
23,0010,0011,200000,200000,1.0,boundary_analytic,1
23,1100,1110,200000,197361,0.986805,boundary_analytic,1
23,1100,1101,200000,177644,0.88822,boundary_analytic,1
23,1000,1001,200000,173389,0.866945,boundary_analytic,1
24,1000,0000,200000,200000,1.0,boundary_analytic,1
24,0010,0000,200000,200000,1.0,boundary_analytic,1
24,0010,0011,200000,200000,1.0,boundary_analytic,1
24,0011,0111,200000,133241,0.666205,boundary_analytic,1
24,1100,1110,200000,197361,0.986805,boundary_analytic,1
25,1000,0000,200000,200000,1.0,boundary_analytic,1
25,0010,0000,200000,200000,1.0,boundary_analytic,1
25,0010,0011,200000,200000,1.0,boundary_analytic,1
25,0011,1011,200000,180109,0.900545,boundary_analytic,1
25,0011,0111,200000,41596,0.20798,boundary_analytic,1
26,1000,0000,200000,200000,1.0,boundary_analytic,1
26,0010,0000,200000,200000,1.0,boundary_analytic,1
26,0010,0011,200000,200000,1.0,boundary_analytic,1
26,0011,1011,200000,180109,0.900545,boundary_analytic,1
26,1100,1101,200000,182326,0.91163,boundary_analytic,1
27,1000,0000,200000,200000,1.0,boundary_analytic,1
27,0010,0000,200000,200000,1.0,boundary_analytic,1
27,0010,0011,200000,200000,1.0,boundary_analytic,1
27,0011,1011,200000,197661,0.988305,boundary_analytic,1
28,1000,0000,200000,200000,1.0,boundary_analytic,1
28,0010,0000,200000,200000,1.0,boundary_analytic,1
28,0010,0011,200000,200000,1.0,boundary_analytic,1
28,0011,1011,200000,180109,0.900545,boundary_analytic,1
28,1100,1101,200000,177644,0.88822,boundary_analytic,1
28,1000,1001,200000,173389,0.866945,boundary_analytic,1
29,1000,0000,200000,200000,1.0,boundary_analytic,1
29,0010,0000,200000,200000,1.0,boundary_analytic,1
29,0010,0011,200000,200000,1.0,boundary_analytic,1
29,0011,1011,200000,180109,0.900545,boundary_analytic,1
29,0011,0111,200000,133241,0.666205,boundary_analytic,1
30,1000,0000,200000,200000,1.0,boundary_analytic,1
30,0010,0000,200000,200000,1.0,boundary_analytic,1
30,0010,0011,200000,200000,1.0,boundary_analytic,1
30,0011,1011,200000,180109,0.900545,boundary_analytic,1
30,1100,1110,200000,197361,0.986805,boundary_analytic,1
31,1000,0000,200000,200000,1.0,boundary_analytic,1
31,0010,0000,200000,200000,1.0,boundary_analytic,1
31,0010,0011,200000,200000,1.0,boundary_analytic,1
31,0011,0111,200000,41596,0.20798,boundary_analytic,1
31,1100,1110,200000,196625,0.983125,boundary_analytic,1
31,1000,1010,200000,195957,0.979785,boundary_analytic,1
32,1000,0000,200000,200000,1.0,boundary_analytic,1
32,0010,0000,200000,200000,1.0,boundary_analytic,1
32,0010,0011,200000,200000,1.0,boundary_analytic,1
32,1100,1110,200000,196625,0.983125,boundary_analytic,1
32,1100,1101,200000,182326,0.91163,boundary_analytic,1
32,1000,1010,200000,195957,0.979785,boundary_analytic,1
33,1000,0000,200000,200000,1.0,boundary_analytic,1
33,0010,0000,200000,200000,1.0,boundary_analytic,1
33,0010,0011,200000,200000,1.0,boundary_analytic,1
33,0011,1011,200000,152479,0.762395,boundary_analytic,1
33,1100,1110,200000,196625,0.983125,boundary_analytic,1
33,1000,1010,200000,195957,0.979785,boundary_analytic,1
34,1000,0000,200000,200000,1.0,boundary_analytic,1
34,0010,0000,200000,200000,1.0,boundary_analytic,1
34,0010,0011,200000,200000,1.0,boundary_analytic,1
34,1100,1110,200000,196625,0.983125,boundary_analytic,1
34,1100,1101,200000,177644,0.88822,boundary_analytic,1
34,1000,1010,200000,195957,0.979785,boundary_analytic,1
34,1000,1001,200000,173389,0.866945,boundary_analytic,1
35,1000,0000,200000,200000,1.0,boundary_analytic,1
35,0010,0000,200000,200000,1.0,boundary_analytic,1
35,0010,0011,200000,200000,1.0,boundary_analytic,1
35,0011,0111,200000,133241,0.666205,boundary_analytic,1
35,1100,1110,200000,196625,0.983125,boundary_analytic,1
35,1000,1010,200000,195957,0.979785,boundary_analytic,1
36,1000,0000,200000,200000,1.0,boundary_analytic,1
36,0010,0000,200000,200000,1.0,boundary_analytic,1
36,0010,0011,200000,200000,1.0,boundary_analytic,1
36,1100,1110,200000,199974,0.99987,boundary_analytic,1
36,1000,1010,200000,195957,0.979785,boundary_analytic,1
37,1000,0000,200000,200000,1.0,boundary_analytic,1
37,0010,0000,200000,200000,1.0,boundary_analytic,1
37,0010,0011,200000,200000,1.0,boundary_analytic,1
37,0011,1011,200000,180109,0.900545,boundary_analytic,1
37,1100,1110,200000,196625,0.983125,boundary_analytic,1
37,1000,1010,200000,195957,0.979785,boundary_analytic,1
38,1000,0000,200000,200000,1.0,boundary_analytic,1
38,0010,0000,200000,200000,1.0,boundary_analytic,1
38,0010,0011,200000,200000,1.0,boundary_analytic,1
38,0011,1011,200000,152479,0.762395,boundary_analytic,1
38,0011,0111,200000,41596,0.20798,boundary_analytic,1
38,1100,1101,200000,182326,0.91163,boundary_analytic,1
39,1000,0000,200000,200000,1.0,boundary_analytic,1
39,0010,0000,200000,200000,1.0,boundary_analytic,1
39,0010,0011,200000,200000,1.0,boundary_analytic,1
39,0011,0111,200000,41596,0.20798,boundary_analytic,1
39,1100,1101,200000,199052,0.99526,boundary_analytic,1
39,1000,1001,200000,173389,0.866945,boundary_analytic,1
40,1000,0000,200000,200000,1.0,boundary_analytic,1
40,0010,0000,200000,200000,1.0,boundary_analytic,1
40,0010,0011,200000,200000,1.0,boundary_analytic,1
40,0011,1011,200000,152479,0.762395,boundary_analytic,1
40,0011,0111,200000,41596,0.20798,boundary_analytic,1
40,1100,1101,200000,177644,0.88822,boundary_analytic,1
40,1000,1001,200000,173389,0.866945,boundary_analytic,1
41,1000,0000,200000,200000,1.0,boundary_analytic,1
41,0010,0000,200000,200000,1.0,boundary_analytic,1
41,0010,0011,200000,200000,1.0,boundary_analytic,1
41,0011,1011,200000,152479,0.762395,boundary_analytic,1
41,1100,1101,200000,199052,0.99526,boundary_analytic,1
41,1000,1001,200000,173389,0.866945,boundary_analytic,1
42,1000,0000,200000,200000,1.0,boundary_analytic,1
42,0010,0000,200000,200000,1.0,boundary_analytic,1
42,0010,0011,200000,200000,1.0,boundary_analytic,1
42,0011,0111,200000,173626,0.86813,boundary_analytic,1
42,1100,1101,200000,182326,0.91163,boundary_analytic,1
43,1000,0000,200000,200000,1.0,boundary_analytic,1
43,0010,0000,200000,200000,1.0,boundary_analytic,1
43,0010,0011,200000,200000,1.0,boundary_analytic,1
43,0011,1011,200000,152479,0.762395,boundary_analytic,1
43,0011,0111,200000,173626,0.86813,boundary_analytic,1
44,1000,0000,200000,200000,1.0,boundary_analytic,1
44,0010,0000,200000,200000,1.0,boundary_analytic,1
44,0010,0011,200000,200000,1.0,boundary_analytic,1
44,0011,1011,200000,152479,0.762395,boundary_analytic,1
44,0011,0111,200000,133241,0.666205,boundary_analytic,1
44,1100,1101,200000,182326,0.91163,boundary_analytic,1
45,1000,0000,200000,200000,1.0,boundary_analytic,1
45,0010,0000,200000,200000,1.0,boundary_analytic,1
45,0010,0011,200000,200000,1.0,boundary_analytic,1
45,0011,0111,200000,173626,0.86813,boundary_analytic,1
45,1100,1101,200000,177644,0.88822,boundary_analytic,1
45,1000,1001,200000,173389,0.866945,boundary_analytic,1
46,1000,0000,200000,200000,1.0,boundary_analytic,1
46,0010,0000,200000,200000,1.0,boundary_analytic,1
46,0010,0011,200000,200000,1.0,boundary_analytic,1
46,0011,0111,200000,133241,0.666205,boundary_analytic,1
46,1100,1101,200000,199052,0.99526,boundary_analytic,1
46,1000,1001,200000,173389,0.866945,boundary_analytic,1
47,1000,0000,200000,200000,1.0,boundary_analytic,1
47,0010,0000,200000,200000,1.0,boundary_analytic,1
47,0010,0011,200000,200000,1.0,boundary_analytic,1
47,0011,1011,200000,152479,0.762395,boundary_analytic,1
47,0011,0111,200000,133241,0.666205,boundary_analytic,1
47,1100,1101,200000,177644,0.88822,boundary_analytic,1
47,1000,1001,200000,173389,0.866945,boundary_analytic,1
48,1000,0000,200000,200000,1.0,boundary_analytic,1
48,0010,0000,200000,200000,1.0,boundary_analytic,1
48,0010,0011,200000,200000,1.0,boundary_analytic,1
48,0011,0111,200000,41596,0.20798,boundary_analytic,1
48,1100,1110,200000,197361,0.986805,boundary_analytic,1
48,1100,1101,200000,182326,0.91163,boundary_analytic,1
49,1000,0000,200000,200000,1.0,boundary_analytic,1
49,0010,0000,200000,200000,1.0,boundary_analytic,1
49,0010,0011,200000,200000,1.0,boundary_analytic,1
49,0011,1011,200000,152479,0.762395,boundary_analytic,1
49,0011,0111,200000,41596,0.20798,boundary_analytic,1
49,1100,1110,200000,197361,0.986805,boundary_analytic,1
50,1000,0000,200000,200000,1.0,boundary_analytic,1
50,0010,0000,200000,200000,1.0,boundary_analytic,1
50,0010,0011,200000,200000,1.0,boundary_analytic,1
50,0011,1011,200000,152479,0.762395,boundary_analytic,1
50,1100,1110,200000,197361,0.986805,boundary_analytic,1
50,1100,1101,200000,182326,0.91163,boundary_analytic,1
51,1000,0000,200000,200000,1.0,boundary_analytic,1
51,0010,0000,200000,200000,1.0,boundary_analytic,1
51,0010,0011,200000,200000,1.0,boundary_analytic,1
51,0011,0111,200000,41596,0.20798,boundary_analytic,1
51,1100,1110,200000,197361,0.986805,boundary_analytic,1
51,1100,1101,200000,177644,0.88822,boundary_analytic,1
51,1000,1001,200000,173389,0.866945,boundary_analytic,1
52,1000,0000,200000,200000,1.0,boundary_analytic,1
52,0010,0000,200000,200000,1.0,boundary_analytic,1
52,0010,0011,200000,200000,1.0,boundary_analytic,1
52,1100,1110,200000,197361,0.986805,boundary_analytic,1
52,1100,1101,200000,199052,0.99526,boundary_analytic,1
52,1000,1001,200000,173389,0.866945,boundary_analytic,1
53,1000,0000,200000,200000,1.0,boundary_analytic,1
53,0010,0000,200000,200000,1.0,boundary_analytic,1
53,0010,0011,200000,200000,1.0,boundary_analytic,1
53,0011,1011,200000,152479,0.762395,boundary_analytic,1
53,1100,1110,200000,197361,0.986805,boundary_analytic,1
53,1100,1101,200000,177644,0.88822,boundary_analytic,1
53,1000,1001,200000,173389,0.866945,boundary_analytic,1
54,1000,0000,200000,200000,1.0,boundary_analytic,1
54,0010,0000,200000,200000,1.0,boundary_analytic,1
54,0010,0011,200000,200000,1.0,boundary_analytic,1
54,0011,0111,200000,173626,0.86813,boundary_analytic,1
54,1100,1110,200000,197361,0.986805,boundary_analytic,1
55,1000,0000,200000,200000,1.0,boundary_analytic,1
55,0010,0000,200000,200000,1.0,boundary_analytic,1
55,0010,0011,200000,200000,1.0,boundary_analytic,1
55,0011,0111,200000,133241,0.666205,boundary_analytic,1
55,1100,1110,200000,197361,0.986805,boundary_analytic,1
55,1100,1101,200000,182326,0.91163,boundary_analytic,1
56,1000,0000,200000,200000,1.0,boundary_analytic,1
56,0010,0000,200000,200000,1.0,boundary_analytic,1
56,0010,0011,200000,200000,1.0,boundary_analytic,1
56,0011,1011,200000,152479,0.762395,boundary_analytic,1
56,0011,0111,200000,133241,0.666205,boundary_analytic,1
56,1100,1110,200000,197361,0.986805,boundary_analytic,1
57,1000,0000,200000,200000,1.0,boundary_analytic,1
57,0010,0000,200000,200000,1.0,boundary_analytic,1
57,0010,0011,200000,200000,1.0,boundary_analytic,1
57,0011,0111,200000,133241,0.666205,boundary_analytic,1
57,1100,1110,200000,197361,0.986805,boundary_analytic,1
57,1100,1101,200000,177644,0.88822,boundary_analytic,1
57,1000,1001,200000,173389,0.866945,boundary_analytic,1
58,1000,0000,200000,200000,1.0,boundary_analytic,1
58,0010,0000,200000,200000,1.0,boundary_analytic,1
58,0010,0011,200000,200000,1.0,boundary_analytic,1
58,0011,1011,200000,180109,0.900545,boundary_analytic,1
58,0011,0111,200000,41596,0.20798,boundary_analytic,1
58,1100,1101,200000,182326,0.91163,boundary_analytic,1
59,1000,0000,200000,200000,1.0,boundary_analytic,1
59,0010,0000,200000,200000,1.0,boundary_analytic,1
59,0010,0011,200000,200000,1.0,boundary_analytic,1
59,0011,1011,200000,197661,0.988305,boundary_analytic,1
59,0011,0111,200000,41596,0.20798,boundary_analytic,1
60,1000,0000,200000,200000,1.0,boundary_analytic,1
60,0010,0000,200000,200000,1.0,boundary_analytic,1
60,0010,0011,200000,200000,1.0,boundary_analytic,1
60,0011,1011,200000,197661,0.988305,boundary_analytic,1
60,1100,1101,200000,182326,0.91163,boundary_analytic,1
61,1000,0000,200000,200000,1.0,boundary_analytic,1
61,0010,0000,200000,200000,1.0,boundary_analytic,1
61,0010,0011,200000,200000,1.0,boundary_analytic,1
61,0011,1011,200000,180109,0.900545,boundary_analytic,1
61,0011,0111,200000,41596,0.20798,boundary_analytic,1
61,1100,1101,200000,177644,0.88822,boundary_analytic,1
61,1000,1001,200000,173389,0.866945,boundary_analytic,1
62,1000,0000,200000,200000,1.0,boundary_analytic,1
62,0010,0000,200000,200000,1.0,boundary_analytic,1
62,0010,0011,200000,200000,1.0,boundary_analytic,1
62,0011,1011,200000,180109,0.900545,boundary_analytic,1
62,1100,1101,200000,199052,0.99526,boundary_analytic,1
62,1000,1001,200000,173389,0.866945,boundary_analytic,1
63,1000,0000,200000,200000,1.0,boundary_analytic,1
63,0010,0000,200000,200000,1.0,boundary_analytic,1
63,0010,0011,200000,200000,1.0,boundary_analytic,1
63,0011,1011,200000,197661,0.988305,boundary_analytic,1
63,1100,1101,200000,177644,0.88822,boundary_analytic,1
63,1000,1001,200000,173389,0.866945,boundary_analytic,1
64,1000,0000,200000,200000,1.0,boundary_analytic,1
64,0010,0000,200000,200000,1.0,boundary_analytic,1
64,0010,0011,200000,200000,1.0,boundary_analytic,1
64,0011,1011,200000,180109,0.900545,boundary_analytic,1
64,0011,0111,200000,173626,0.86813,boundary_analytic,1
65,1000,0000,200000,200000,1.0,boundary_analytic,1
65,0010,0000,200000,200000,1.0,boundary_analytic,1
65,0010,0011,200000,200000,1.0,boundary_analytic,1
65,0011,1011,200000,180109,0.900545,boundary_analytic,1
65,0011,0111,200000,133241,0.666205,boundary_analytic,1
65,1100,1101,200000,182326,0.91163,boundary_analytic,1
66,1000,0000,200000,200000,1.0,boundary_analytic,1
66,0010,0000,200000,200000,1.0,boundary_analytic,1
66,0010,0011,200000,200000,1.0,boundary_analytic,1
66,0011,1011,200000,197661,0.988305,boundary_analytic,1
66,0011,0111,200000,133241,0.666205,boundary_analytic,1
67,1000,0000,200000,200000,1.0,boundary_analytic,1
67,0010,0000,200000,200000,1.0,boundary_analytic,1
67,0010,0011,200000,200000,1.0,boundary_analytic,1
67,0011,1011,200000,180109,0.900545,boundary_analytic,1
67,0011,0111,200000,133241,0.666205,boundary_analytic,1
67,1100,1101,200000,177644,0.88822,boundary_analytic,1
67,1000,1001,200000,173389,0.866945,boundary_analytic,1
68,1000,0000,200000,200000,1.0,boundary_analytic,1
68,0010,0000,200000,200000,1.0,boundary_analytic,1
68,0010,0011,200000,200000,1.0,boundary_analytic,1
68,0011,1011,200000,180109,0.900545,boundary_analytic,1
68,0011,0111,200000,41596,0.20798,boundary_analytic,1
68,1100,1110,200000,197361,0.986805,boundary_analytic,1
69,1000,0000,200000,200000,1.0,boundary_analytic,1
69,0010,0000,200000,200000,1.0,boundary_analytic,1
69,0010,0011,200000,200000,1.0,boundary_analytic,1
69,0011,1011,200000,180109,0.900545,boundary_analytic,1
69,1100,1110,200000,197361,0.986805,boundary_analytic,1
69,1100,1101,200000,182326,0.91163,boundary_analytic,1
70,1000,0000,200000,200000,1.0,boundary_analytic,1
70,0010,0000,200000,200000,1.0,boundary_analytic,1
70,0010,0011,200000,200000,1.0,boundary_analytic,1
70,0011,1011,200000,197661,0.988305,boundary_analytic,1
70,1100,1110,200000,197361,0.986805,boundary_analytic,1
71,1000,0000,200000,200000,1.0,boundary_analytic,1
71,0010,0000,200000,200000,1.0,boundary_analytic,1
71,0010,0011,200000,200000,1.0,boundary_analytic,1
71,0011,1011,200000,180109,0.900545,boundary_analytic,1
71,1100,1110,200000,197361,0.986805,boundary_analytic,1
71,1100,1101,200000,177644,0.88822,boundary_analytic,1
71,1000,1001,200000,173389,0.866945,boundary_analytic,1
72,1000,0000,200000,200000,1.0,boundary_analytic,1
72,0010,0000,200000,200000,1.0,boundary_analytic,1
72,0010,0011,200000,200000,1.0,boundary_analytic,1
72,0011,1011,200000,180109,0.900545,boundary_analytic,1
72,0011,0111,200000,133241,0.666205,boundary_analytic,1
72,1100,1110,200000,197361,0.986805,boundary_analytic,1
73,1000,0000,200000,200000,1.0,boundary_analytic,1
73,0010,0000,200000,200000,1.0,boundary_analytic,1
73,0010,0011,200000,200000,1.0,boundary_analytic,1
73,0011,0111,200000,41596,0.20798,boundary_analytic,1
73,1100,1110,200000,196625,0.983125,boundary_analytic,1
73,1100,1101,200000,182326,0.91163,boundary_analytic,1
73,1000,1010,200000,195957,0.979785,boundary_analytic,1
74,1000,0000,200000,200000,1.0,boundary_analytic,1
74,0010,0000,200000,200000,1.0,boundary_analytic,1
74,0010,0011,200000,200000,1.0,boundary_analytic,1
74,0011,1011,200000,152479,0.762395,boundary_analytic,1
74,0011,0111,200000,41596,0.20798,boundary_analytic,1
74,1100,1110,200000,196625,0.983125,boundary_analytic,1
74,1000,1010,200000,195957,0.979785,boundary_analytic,1
75,1000,0000,200000,200000,1.0,boundary_analytic,1
75,0010,0000,200000,200000,1.0,boundary_analytic,1
75,0010,0011,200000,200000,1.0,boundary_analytic,1
75,0011,1011,200000,152479,0.762395,boundary_analytic,1
75,1100,1110,200000,196625,0.983125,boundary_analytic,1
75,1100,1101,200000,182326,0.91163,boundary_analytic,1
75,1000,1010,200000,195957,0.979785,boundary_analytic,1
76,1000,0000,200000,200000,1.0,boundary_analytic,1
76,0010,0000,200000,200000,1.0,boundary_analytic,1
76,0010,0011,200000,200000,1.0,boundary_analytic,1
76,0011,0111,200000,41596,0.20798,boundary_analytic,1
76,1100,1110,200000,196625,0.983125,boundary_analytic,1
76,1100,1101,200000,177644,0.88822,boundary_analytic,1
76,1000,1010,200000,195957,0.979785,boundary_analytic,1
76,1000,1001,200000,173389,0.866945,boundary_analytic,1
77,1000,0000,200000,200000,1.0,boundary_analytic,1
77,0010,0000,200000,200000,1.0,boundary_analytic,1
77,0010,0011,200000,200000,1.0,boundary_analytic,1
77,1100,1110,200000,196625,0.983125,boundary_analytic,1
77,1100,1101,200000,199052,0.99526,boundary_analytic,1
77,1000,1010,200000,195957,0.979785,boundary_analytic,1
77,1000,1001,200000,173389,0.866945,boundary_analytic,1
78,1000,0000,200000,200000,1.0,boundary_analytic,1
78,0010,0000,200000,200000,1.0,boundary_analytic,1
78,0010,0011,200000,200000,1.0,boundary_analytic,1
78,0011,1011,200000,152479,0.762395,boundary_analytic,1
78,1100,1110,200000,196625,0.983125,boundary_analytic,1
78,1100,1101,200000,177644,0.88822,boundary_analytic,1
78,1000,1010,200000,195957,0.979785,boundary_analytic,1
78,1000,1001,200000,173389,0.866945,boundary_analytic,1
79,1000,0000,200000,200000,1.0,boundary_analytic,1
79,0010,0000,200000,200000,1.0,boundary_analytic,1
79,0010,0011,200000,200000,1.0,boundary_analytic,1
79,0011,0111,200000,173626,0.86813,boundary_analytic,1
79,1100,1110,200000,196625,0.983125,boundary_analytic,1
79,1000,1010,200000,195957,0.979785,boundary_analytic,1
80,1000,0000,200000,200000,1.0,boundary_analytic,1
80,0010,0000,200000,200000,1.0,boundary_analytic,1
80,0010,0011,200000,200000,1.0,boundary_analytic,1
80,0011,0111,200000,133241,0.666205,boundary_analytic,1
80,1100,1110,200000,196625,0.983125,boundary_analytic,1
80,1100,1101,200000,182326,0.91163,boundary_analytic,1
80,1000,1010,200000,195957,0.979785,boundary_analytic,1
81,1000,0000,200000,200000,1.0,boundary_analytic,1
81,0010,0000,200000,200000,1.0,boundary_analytic,1
81,0010,0011,200000,200000,1.0,boundary_analytic,1
81,0011,1011,200000,152479,0.762395,boundary_analytic,1
81,0011,0111,200000,133241,0.666205,boundary_analytic,1
81,1100,1110,200000,196625,0.983125,boundary_analytic,1
81,1000,1010,200000,195957,0.979785,boundary_analytic,1
82,1000,0000,200000,200000,1.0,boundary_analytic,1
82,0010,0000,200000,200000,1.0,boundary_analytic,1
82,0010,0011,200000,200000,1.0,boundary_analytic,1
82,0011,0111,200000,133241,0.666205,boundary_analytic,1
82,1100,1110,200000,196625,0.983125,boundary_analytic,1
82,1100,1101,200000,177644,0.88822,boundary_analytic,1
82,1000,1010,200000,195957,0.979785,boundary_analytic,1
82,1000,1001,200000,173389,0.866945,boundary_analytic,1
83,1000,0000,200000,200000,1.0,boundary_analytic,1
83,0010,0000,200000,200000,1.0,boundary_analytic,1
83,0010,0011,200000,200000,1.0,boundary_analytic,1
83,0011,0111,200000,41596,0.20798,boundary_analytic,1
83,1100,1110,200000,199974,0.99987,boundary_analytic,1
83,1000,1010,200000,195957,0.979785,boundary_analytic,1
84,1000,0000,200000,200000,1.0,boundary_analytic,1
84,0010,0000,200000,200000,1.0,boundary_analytic,1
84,0010,0011,200000,200000,1.0,boundary_analytic,1
84,1100,1110,200000,199974,0.99987,boundary_analytic,1
84,1100,1101,200000,182326,0.91163,boundary_analytic,1
84,1000,1010,200000,195957,0.979785,boundary_analytic,1
85,1000,0000,200000,200000,1.0,boundary_analytic,1
85,0010,0000,200000,200000,1.0,boundary_analytic,1
85,0010,0011,200000,200000,1.0,boundary_analytic,1
85,0011,1011,200000,152479,0.762395,boundary_analytic,1
85,1100,1110,200000,199974,0.99987,boundary_analytic,1
85,1000,1010,200000,195957,0.979785,boundary_analytic,1
86,1000,0000,200000,200000,1.0,boundary_analytic,1
86,0010,0000,200000,200000,1.0,boundary_analytic,1
86,0010,0011,200000,200000,1.0,boundary_analytic,1
86,1100,1110,200000,199974,0.99987,boundary_analytic,1
86,1100,1101,200000,177644,0.88822,boundary_analytic,1
86,1000,1010,200000,195957,0.979785,boundary_analytic,1
86,1000,1001,200000,173389,0.866945,boundary_analytic,1
87,1000,0000,200000,200000,1.0,boundary_analytic,1
87,0010,0000,200000,200000,1.0,boundary_analytic,1
87,0010,0011,200000,200000,1.0,boundary_analytic,1
87,0011,0111,200000,133241,0.666205,boundary_analytic,1
87,1100,1110,200000,199974,0.99987,boundary_analytic,1
87,1000,1010,200000,195957,0.979785,boundary_analytic,1
88,1000,0000,200000,200000,1.0,boundary_analytic,1
88,0010,0000,200000,200000,1.0,boundary_analytic,1
88,0010,0011,200000,200000,1.0,boundary_analytic,1
88,0011,1011,200000,180109,0.900545,boundary_analytic,1
88,0011,0111,200000,41596,0.20798,boundary_analytic,1
88,1100,1110,200000,196625,0.983125,boundary_analytic,1
88,1000,1010,200000,195957,0.979785,boundary_analytic,1
89,1000,0000,200000,200000,1.0,boundary_analytic,1
89,0010,0000,200000,200000,1.0,boundary_analytic,1
89,0010,0011,200000,200000,1.0,boundary_analytic,1
89,0011,1011,200000,180109,0.900545,boundary_analytic,1
89,1100,1110,200000,196625,0.983125,boundary_analytic,1
89,1100,1101,200000,182326,0.91163,boundary_analytic,1
89,1000,1010,200000,195957,0.979785,boundary_analytic,1
90,1000,0000,200000,200000,1.0,boundary_analytic,1
90,0010,0000,200000,200000,1.0,boundary_analytic,1
90,0010,0011,200000,200000,1.0,boundary_analytic,1
90,0011,1011,200000,197661,0.988305,boundary_analytic,1
90,1100,1110,200000,196625,0.983125,boundary_analytic,1
90,1000,1010,200000,195957,0.979785,boundary_analytic,1
91,1000,0000,200000,200000,1.0,boundary_analytic,1
91,0010,0000,200000,200000,1.0,boundary_analytic,1
91,0010,0011,200000,200000,1.0,boundary_analytic,1
91,0011,1011,200000,180109,0.900545,boundary_analytic,1
91,1100,1110,200000,196625,0.983125,boundary_analytic,1
91,1100,1101,200000,177644,0.88822,boundary_analytic,1
91,1000,1010,200000,195957,0.979785,boundary_analytic,1
91,1000,1001,200000,173389,0.866945,boundary_analytic,1
92,1000,0000,200000,200000,1.0,boundary_analytic,1
92,0010,0000,200000,200000,1.0,boundary_analytic,1
92,0010,0011,200000,200000,1.0,boundary_analytic,1
92,0011,1011,200000,180109,0.900545,boundary_analytic,1
92,0011,0111,200000,133241,0.666205,boundary_analytic,1
92,1100,1110,200000,196625,0.983125,boundary_analytic,1
92,1000,1010,200000,195957,0.979785,boundary_analytic,1
93,1000,0000,200000,200000,1.0,boundary_analytic,1
93,0010,0000,200000,200000,1.0,boundary_analytic,1
93,0010,0011,200000,200000,1.0,boundary_analytic,1
93,0011,1011,200000,180109,0.900545,boundary_analytic,1
93,1100,1110,200000,199974,0.99987,boundary_analytic,1
93,1000,1010,200000,195957,0.979785,boundary_analytic,1
94,1000,0000,200000,200000,1.0,boundary_analytic,1
94,0010,0000,200000,200000,1.0,boundary_analytic,1
94,0010,0011,200000,200000,1.0,boundary_analytic,1
94,0011,1011,200000,152479,0.762395,boundary_analytic,1
94,0011,0111,200000,41596,0.20798,boundary_analytic,1
94,1100,1101,200000,199052,0.99526,boundary_analytic,1
94,1000,1001,200000,173389,0.866945,boundary_analytic,1
95,1000,0000,200000,200000,1.0,boundary_analytic,1
95,0010,0000,200000,200000,1.0,boundary_analytic,1
95,0010,0011,200000,200000,1.0,boundary_analytic,1
95,0011,1011,200000,152479,0.762395,boundary_analytic,1
95,0011,0111,200000,173626,0.86813,boundary_analytic,1
95,1100,1101,200000,182326,0.91163,boundary_analytic,1
96,1000,0000,200000,200000,1.0,boundary_analytic,1
96,0010,0000,200000,200000,1.0,boundary_analytic,1
96,0010,0011,200000,200000,1.0,boundary_analytic,1
96,0011,0111,200000,173626,0.86813,boundary_analytic,1
96,1100,1101,200000,199052,0.99526,boundary_analytic,1
96,1000,1001,200000,173389,0.866945,boundary_analytic,1
97,1000,0000,200000,200000,1.0,boundary_analytic,1
97,0010,0000,200000,200000,1.0,boundary_analytic,1
97,0010,0011,200000,200000,1.0,boundary_analytic,1
97,0011,1011,200000,152479,0.762395,boundary_analytic,1
97,0011,0111,200000,173626,0.86813,boundary_analytic,1
97,1100,1101,200000,177644,0.88822,boundary_analytic,1
97,1000,1001,200000,173389,0.866945,boundary_analytic,1
98,1000,0000,200000,200000,1.0,boundary_analytic,1
98,0010,0000,200000,200000,1.0,boundary_analytic,1
98,0010,0011,200000,200000,1.0,boundary_analytic,1
98,0011,1011,200000,152479,0.762395,boundary_analytic,1
98,0011,0111,200000,133241,0.666205,boundary_analytic,1
98,1100,1101,200000,199052,0.99526,boundary_analytic,1
98,1000,1001,200000,173389,0.866945,boundary_analytic,1
99,1000,0000,200000,200000,1.0,boundary_analytic,1
99,0010,0000,200000,200000,1.0,boundary_analytic,1
99,0010,0011,200000,200000,1.0,boundary_analytic,1
99,0011,1011,200000,152479,0.762395,boundary_analytic,1
99,0011,0111,200000,41596,0.20798,boundary_analytic,1
99,1100,1110,200000,197361,0.986805,boundary_analytic,1
99,1100,1101,200000,182326,0.91163,boundary_analytic,1
100,1000,0000,200000,200000,1.0,boundary_analytic,1
100,0010,0000,200000,200000,1.0,boundary_analytic,1
100,0010,0011,200000,200000,1.0,boundary_analytic,1
100,0011,0111,200000,41596,0.20798,boundary_analytic,1
100,1100,1110,200000,197361,0.986805,boundary_analytic,1
100,1100,1101,200000,199052,0.99526,boundary_analytic,1
100,1000,1001,200000,173389,0.866945,boundary_analytic,1
101,1000,0000,200000,200000,1.0,boundary_analytic,1
101,0010,0000,200000,200000,1.0,boundary_analytic,1
101,0010,0011,200000,200000,1.0,boundary_analytic,1
101,0011,1011,200000,152479,0.762395,boundary_analytic,1
101,0011,0111,200000,41596,0.20798,boundary_analytic,1
101,1100,1110,200000,197361,0.986805,boundary_analytic,1
101,1100,1101,200000,177644,0.88822,boundary_analytic,1
101,1000,1001,200000,173389,0.866945,boundary_analytic,1
102,1000,0000,200000,200000,1.0,boundary_analytic,1
102,0010,0000,200000,200000,1.0,boundary_analytic,1
102,0010,0011,200000,200000,1.0,boundary_analytic,1
102,0011,1011,200000,152479,0.762395,boundary_analytic,1
102,1100,1110,200000,197361,0.986805,boundary_analytic,1
102,1100,1101,200000,199052,0.99526,boundary_analytic,1
102,1000,1001,200000,173389,0.866945,boundary_analytic,1
103,1000,0000,200000,200000,1.0,boundary_analytic,1
103,0010,0000,200000,200000,1.0,boundary_analytic,1
103,0010,0011,200000,200000,1.0,boundary_analytic,1
103,0011,0111,200000,173626,0.86813,boundary_analytic,1
103,1100,1110,200000,197361,0.986805,boundary_analytic,1
103,1100,1101,200000,182326,0.91163,boundary_analytic,1
104,1000,0000,200000,200000,1.0,boundary_analytic,1
104,0010,0000,200000,200000,1.0,boundary_analytic,1
104,0010,0011,200000,200000,1.0,boundary_analytic,1
104,0011,1011,200000,152479,0.762395,boundary_analytic,1
104,0011,0111,200000,173626,0.86813,boundary_analytic,1
104,1100,1110,200000,197361,0.986805,boundary_analytic,1
105,1000,0000,200000,200000,1.0,boundary_analytic,1
105,0010,0000,200000,200000,1.0,boundary_analytic,1
105,0010,0011,200000,200000,1.0,boundary_analytic,1
105,0011,1011,200000,152479,0.762395,boundary_analytic,1
105,0011,0111,200000,133241,0.666205,boundary_analytic,1
105,1100,1110,200000,197361,0.986805,boundary_analytic,1
105,1100,1101,200000,182326,0.91163,boundary_analytic,1
106,1000,0000,200000,200000,1.0,boundary_analytic,1
106,0010,0000,200000,200000,1.0,boundary_analytic,1
106,0010,0011,200000,200000,1.0,boundary_analytic,1
106,0011,0111,200000,173626,0.86813,boundary_analytic,1
106,1100,1110,200000,197361,0.986805,boundary_analytic,1
106,1100,1101,200000,177644,0.88822,boundary_analytic,1
106,1000,1001,200000,173389,0.866945,boundary_analytic,1
107,1000,0000,200000,200000,1.0,boundary_analytic,1
107,0010,0000,200000,200000,1.0,boundary_analytic,1
107,0010,0011,200000,200000,1.0,boundary_analytic,1
107,0011,0111,200000,133241,0.666205,boundary_analytic,1
107,1100,1110,200000,197361,0.986805,boundary_analytic,1
107,1100,1101,200000,199052,0.99526,boundary_analytic,1
107,1000,1001,200000,173389,0.866945,boundary_analytic,1
108,1000,0000,200000,200000,1.0,boundary_analytic,1
108,0010,0000,200000,200000,1.0,boundary_analytic,1
108,0010,0011,200000,200000,1.0,boundary_analytic,1
108,0011,1011,200000,152479,0.762395,boundary_analytic,1
108,0011,0111,200000,133241,0.666205,boundary_analytic,1
108,1100,1110,200000,197361,0.986805,boundary_analytic,1
108,1100,1101,200000,177644,0.88822,boundary_analytic,1
108,1000,1001,200000,173389,0.866945,boundary_analytic,1
109,1000,0000,200000,200000,1.0,boundary_analytic,1
109,0010,0000,200000,200000,1.0,boundary_analytic,1
109,0010,0011,200000,200000,1.0,boundary_analytic,1
109,0011,1011,200000,197661,0.988305,boundary_analytic,1
109,0011,0111,200000,41596,0.20798,boundary_analytic,1
109,1100,1101,200000,182326,0.91163,boundary_analytic,1
110,1000,0000,200000,200000,1.0,boundary_analytic,1
110,0010,0000,200000,200000,1.0,boundary_analytic,1
110,0010,0011,200000,200000,1.0,boundary_analytic,1
110,0011,1011,200000,180109,0.900545,boundary_analytic,1
110,0011,0111,200000,41596,0.20798,boundary_analytic,1
110,1100,1101,200000,199052,0.99526,boundary_analytic,1
110,1000,1001,200000,173389,0.866945,boundary_analytic,1
111,1000,0000,200000,200000,1.0,boundary_analytic,1
111,0010,0000,200000,200000,1.0,boundary_analytic,1
111,0010,0011,200000,200000,1.0,boundary_analytic,1
111,0011,1011,200000,197661,0.988305,boundary_analytic,1
111,0011,0111,200000,41596,0.20798,boundary_analytic,1
111,1100,1101,200000,177644,0.88822,boundary_analytic,1
111,1000,1001,200000,173389,0.866945,boundary_analytic,1
112,1000,0000,200000,200000,1.0,boundary_analytic,1
112,0010,0000,200000,200000,1.0,boundary_analytic,1
112,0010,0011,200000,200000,1.0,boundary_analytic,1
112,0011,1011,200000,197661,0.988305,boundary_analytic,1
112,1100,1101,200000,199052,0.99526,boundary_analytic,1
112,1000,1001,200000,173389,0.866945,boundary_analytic,1
113,1000,0000,200000,200000,1.0,boundary_analytic,1
113,0010,0000,200000,200000,1.0,boundary_analytic,1
113,0010,0011,200000,200000,1.0,boundary_analytic,1
113,0011,1011,200000,180109,0.900545,boundary_analytic,1
113,0011,0111,200000,173626,0.86813,boundary_analytic,1
113,1100,1101,200000,182326,0.91163,boundary_analytic,1
114,1000,0000,200000,200000,1.0,boundary_analytic,1
114,0010,0000,200000,200000,1.0,boundary_analytic,1
114,0010,0011,200000,200000,1.0,boundary_analytic,1
114,0011,1011,200000,197661,0.988305,boundary_analytic,1
114,0011,0111,200000,173626,0.86813,boundary_analytic,1
115,1000,0000,200000,200000,1.0,boundary_analytic,1
115,0010,0000,200000,200000,1.0,boundary_analytic,1
115,0010,0011,200000,200000,1.0,boundary_analytic,1
115,0011,1011,200000,197661,0.988305,boundary_analytic,1
115,0011,0111,200000,133241,0.666205,boundary_analytic,1
115,1100,1101,200000,182326,0.91163,boundary_analytic,1
116,1000,0000,200000,200000,1.0,boundary_analytic,1
116,0010,0000,200000,200000,1.0,boundary_analytic,1
116,0010,0011,200000,200000,1.0,boundary_analytic,1
116,0011,1011,200000,180109,0.900545,boundary_analytic,1
116,0011,0111,200000,173626,0.86813,boundary_analytic,1
116,1100,1101,200000,177644,0.88822,boundary_analytic,1
116,1000,1001,200000,173389,0.866945,boundary_analytic,1
117,1000,0000,200000,200000,1.0,boundary_analytic,1
117,0010,0000,200000,200000,1.0,boundary_analytic,1
117,0010,0011,200000,200000,1.0,boundary_analytic,1
117,0011,1011,200000,180109,0.900545,boundary_analytic,1
117,0011,0111,200000,133241,0.666205,boundary_analytic,1
117,1100,1101,200000,199052,0.99526,boundary_analytic,1
117,1000,1001,200000,173389,0.866945,boundary_analytic,1
118,1000,0000,200000,200000,1.0,boundary_analytic,1
118,0010,0000,200000,200000,1.0,boundary_analytic,1
118,0010,0011,200000,200000,1.0,boundary_analytic,1
118,0011,1011,200000,197661,0.988305,boundary_analytic,1
118,0011,0111,200000,133241,0.666205,boundary_analytic,1
118,1100,1101,200000,177644,0.88822,boundary_analytic,1
118,1000,1001,200000,173389,0.866945,boundary_analytic,1
119,1000,0000,200000,200000,1.0,boundary_analytic,1
119,0010,0000,200000,200000,1.0,boundary_analytic,1
119,0010,0011,200000,200000,1.0,boundary_analytic,1
119,0011,1011,200000,180109,0.900545,boundary_analytic,1
119,0011,0111,200000,41596,0.20798,boundary_analytic,1
119,1100,1110,200000,197361,0.986805,boundary_analytic,1
119,1100,1101,200000,182326,0.91163,boundary_analytic,1
120,1000,0000,200000,200000,1.0,boundary_analytic,1
120,0010,0000,200000,200000,1.0,boundary_analytic,1
120,0010,0011,200000,200000,1.0,boundary_analytic,1
120,0011,1011,200000,197661,0.988305,boundary_analytic,1
120,0011,0111,200000,41596,0.20798,boundary_analytic,1
120,1100,1110,200000,197361,0.986805,boundary_analytic,1
121,1000,0000,200000,200000,1.0,boundary_analytic,1
121,0010,0000,200000,200000,1.0,boundary_analytic,1
121,0010,0011,200000,200000,1.0,boundary_analytic,1
121,0011,1011,200000,197661,0.988305,boundary_analytic,1
121,1100,1110,200000,197361,0.986805,boundary_analytic,1
121,1100,1101,200000,182326,0.91163,boundary_analytic,1
122,1000,0000,200000,200000,1.0,boundary_analytic,1
122,0010,0000,200000,200000,1.0,boundary_analytic,1
122,0010,0011,200000,200000,1.0,boundary_analytic,1
122,0011,1011,200000,180109,0.900545,boundary_analytic,1
122,0011,0111,200000,41596,0.20798,boundary_analytic,1
122,1100,1110,200000,197361,0.986805,boundary_analytic,1
122,1100,1101,200000,177644,0.88822,boundary_analytic,1
122,1000,1001,200000,173389,0.866945,boundary_analytic,1
123,1000,0000,200000,200000,1.0,boundary_analytic,1
123,0010,0000,200000,200000,1.0,boundary_analytic,1
123,0010,0011,200000,200000,1.0,boundary_analytic,1
123,0011,1011,200000,180109,0.900545,boundary_analytic,1
123,1100,1110,200000,197361,0.986805,boundary_analytic,1
123,1100,1101,200000,199052,0.99526,boundary_analytic,1
123,1000,1001,200000,173389,0.866945,boundary_analytic,1
124,1000,0000,200000,200000,1.0,boundary_analytic,1
124,0010,0000,200000,200000,1.0,boundary_analytic,1
124,0010,0011,200000,200000,1.0,boundary_analytic,1
124,0011,1011,200000,197661,0.988305,boundary_analytic,1
124,1100,1110,200000,197361,0.986805,boundary_analytic,1
124,1100,1101,200000,177644,0.88822,boundary_analytic,1
124,1000,1001,200000,173389,0.866945,boundary_analytic,1
125,1000,0000,200000,200000,1.0,boundary_analytic,1
125,0010,0000,200000,200000,1.0,boundary_analytic,1
125,0010,0011,200000,200000,1.0,boundary_analytic,1
125,0011,1011,200000,180109,0.900545,boundary_analytic,1
125,0011,0111,200000,173626,0.86813,boundary_analytic,1
125,1100,1110,200000,197361,0.986805,boundary_analytic,1
126,1000,0000,200000,200000,1.0,boundary_analytic,1
126,0010,0000,200000,200000,1.0,boundary_analytic,1
126,0010,0011,200000,200000,1.0,boundary_analytic,1
126,0011,1011,200000,180109,0.900545,boundary_analytic,1
126,0011,0111,200000,133241,0.666205,boundary_analytic,1
126,1100,1110,200000,197361,0.986805,boundary_analytic,1
126,1100,1101,200000,182326,0.91163,boundary_analytic,1
127,1000,0000,200000,200000,1.0,boundary_analytic,1
127,0010,0000,200000,200000,1.0,boundary_analytic,1
127,0010,0011,200000,200000,1.0,boundary_analytic,1
127,0011,1011,200000,197661,0.988305,boundary_analytic,1
127,0011,0111,200000,133241,0.666205,boundary_analytic,1
127,1100,1110,200000,197361,0.986805,boundary_analytic,1
128,1000,0000,200000,200000,1.0,boundary_analytic,1
128,0010,0000,200000,200000,1.0,boundary_analytic,1
128,0010,0011,200000,200000,1.0,boundary_analytic,1
128,0011,1011,200000,180109,0.900545,boundary_analytic,1
128,0011,0111,200000,133241,0.666205,boundary_analytic,1
128,1100,1110,200000,197361,0.986805,boundary_analytic,1
128,1100,1101,200000,177644,0.88822,boundary_analytic,1
128,1000,1001,200000,173389,0.866945,boundary_analytic,1
129,1000,0000,200000,200000,1.0,boundary_analytic,1
129,0010,0000,200000,200000,1.0,boundary_analytic,1
129,0010,0011,200000,200000,1.0,boundary_analytic,1
129,0011,1011,200000,152479,0.762395,boundary_analytic,1
129,0011,0111,200000,41596,0.20798,boundary_analytic,1
129,1100,1110,200000,196625,0.983125,boundary_analytic,1
129,1100,1101,200000,182326,0.91163,boundary_analytic,1
129,1000,1010,200000,195957,0.979785,boundary_analytic,1
130,1000,0000,200000,200000,1.0,boundary_analytic,1
130,0010,0000,200000,200000,1.0,boundary_analytic,1
130,0010,0011,200000,200000,1.0,boundary_analytic,1
130,0011,0111,200000,41596,0.20798,boundary_analytic,1
130,1100,1110,200000,196625,0.983125,boundary_analytic,1
130,1100,1101,200000,199052,0.99526,boundary_analytic,1
130,1000,1010,200000,195957,0.979785,boundary_analytic,1
130,1000,1001,200000,173389,0.866945,boundary_analytic,1
131,1000,0000,200000,200000,1.0,boundary_analytic,1
131,0010,0000,200000,200000,1.0,boundary_analytic,1
131,0010,0011,200000,200000,1.0,boundary_analytic,1
131,0011,1011,200000,152479,0.762395,boundary_analytic,1
131,0011,0111,200000,41596,0.20798,boundary_analytic,1
131,1100,1110,200000,196625,0.983125,boundary_analytic,1
131,1100,1101,200000,177644,0.88822,boundary_analytic,1
131,1000,1010,200000,195957,0.979785,boundary_analytic,1
131,1000,1001,200000,173389,0.866945,boundary_analytic,1
132,1000,0000,200000,200000,1.0,boundary_analytic,1
132,0010,0000,200000,200000,1.0,boundary_analytic,1
132,0010,0011,200000,200000,1.0,boundary_analytic,1
132,0011,1011,200000,152479,0.762395,boundary_analytic,1
132,1100,1110,200000,196625,0.983125,boundary_analytic,1
132,1100,1101,200000,199052,0.99526,boundary_analytic,1
132,1000,1010,200000,195957,0.979785,boundary_analytic,1
132,1000,1001,200000,173389,0.866945,boundary_analytic,1
133,1000,0000,200000,200000,1.0,boundary_analytic,1
133,0010,0000,200000,200000,1.0,boundary_analytic,1
133,0010,0011,200000,200000,1.0,boundary_analytic,1
133,0011,0111,200000,173626,0.86813,boundary_analytic,1
133,1100,1110,200000,196625,0.983125,boundary_analytic,1
133,1100,1101,200000,182326,0.91163,boundary_analytic,1
133,1000,1010,200000,195957,0.979785,boundary_analytic,1
134,1000,0000,200000,200000,1.0,boundary_analytic,1
134,0010,0000,200000,200000,1.0,boundary_analytic,1
134,0010,0011,200000,200000,1.0,boundary_analytic,1
134,0011,1011,200000,152479,0.762395,boundary_analytic,1
134,0011,0111,200000,173626,0.86813,boundary_analytic,1
134,1100,1110,200000,196625,0.983125,boundary_analytic,1
134,1000,1010,200000,195957,0.979785,boundary_analytic,1
135,1000,0000,200000,200000,1.0,boundary_analytic,1
135,0010,0000,200000,200000,1.0,boundary_analytic,1
135,0010,0011,200000,200000,1.0,boundary_analytic,1
135,0011,1011,200000,152479,0.762395,boundary_analytic,1
135,0011,0111,200000,133241,0.666205,boundary_analytic,1
135,1100,1110,200000,196625,0.983125,boundary_analytic,1
135,1100,1101,200000,182326,0.91163,boundary_analytic,1
135,1000,1010,200000,195957,0.979785,boundary_analytic,1
136,1000,0000,200000,200000,1.0,boundary_analytic,1
136,0010,0000,200000,200000,1.0,boundary_analytic,1
136,0010,0011,200000,200000,1.0,boundary_analytic,1
136,0011,0111,200000,173626,0.86813,boundary_analytic,1
136,1100,1110,200000,196625,0.983125,boundary_analytic,1
136,1100,1101,200000,177644,0.88822,boundary_analytic,1
136,1000,1010,200000,195957,0.979785,boundary_analytic,1
136,1000,1001,200000,173389,0.866945,boundary_analytic,1
137,1000,0000,200000,200000,1.0,boundary_analytic,1
137,0010,0000,200000,200000,1.0,boundary_analytic,1
137,0010,0011,200000,200000,1.0,boundary_analytic,1
137,0011,0111,200000,133241,0.666205,boundary_analytic,1
137,1100,1110,200000,196625,0.983125,boundary_analytic,1
137,1100,1101,200000,199052,0.99526,boundary_analytic,1
137,1000,1010,200000,195957,0.979785,boundary_analytic,1
137,1000,1001,200000,173389,0.866945,boundary_analytic,1
138,1000,0000,200000,200000,1.0,boundary_analytic,1
138,0010,0000,200000,200000,1.0,boundary_analytic,1
138,0010,0011,200000,200000,1.0,boundary_analytic,1
138,0011,1011,200000,152479,0.762395,boundary_analytic,1
138,0011,0111,200000,133241,0.666205,boundary_analytic,1
138,1100,1110,200000,196625,0.983125,boundary_analytic,1
138,1100,1101,200000,177644,0.88822,boundary_analytic,1
138,1000,1010,200000,195957,0.979785,boundary_analytic,1
138,1000,1001,200000,173389,0.866945,boundary_analytic,1
139,1000,0000,200000,200000,1.0,boundary_analytic,1
139,0010,0000,200000,200000,1.0,boundary_analytic,1
139,0010,0011,200000,200000,1.0,boundary_analytic,1
139,0011,0111,200000,41596,0.20798,boundary_analytic,1
139,1100,1110,200000,199974,0.99987,boundary_analytic,1
139,1100,1101,200000,182326,0.91163,boundary_analytic,1
139,1000,1010,200000,195957,0.979785,boundary_analytic,1
140,1000,0000,200000,200000,1.0,boundary_analytic,1
140,0010,0000,200000,200000,1.0,boundary_analytic,1
140,0010,0011,200000,200000,1.0,boundary_analytic,1
140,0011,1011,200000,152479,0.762395,boundary_analytic,1
140,0011,0111,200000,41596,0.20798,boundary_analytic,1
140,1100,1110,200000,199974,0.99987,boundary_analytic,1
140,1000,1010,200000,195957,0.979785,boundary_analytic,1
141,1000,0000,200000,200000,1.0,boundary_analytic,1
141,0010,0000,200000,200000,1.0,boundary_analytic,1
141,0010,0011,200000,200000,1.0,boundary_analytic,1
141,0011,1011,200000,152479,0.762395,boundary_analytic,1
141,1100,1110,200000,199974,0.99987,boundary_analytic,1
141,1100,1101,200000,182326,0.91163,boundary_analytic,1
141,1000,1010,200000,195957,0.979785,boundary_analytic,1
142,1000,0000,200000,200000,1.0,boundary_analytic,1
142,0010,0000,200000,200000,1.0,boundary_analytic,1
142,0010,0011,200000,200000,1.0,boundary_analytic,1
142,0011,0111,200000,41596,0.20798,boundary_analytic,1
142,1100,1110,200000,199974,0.99987,boundary_analytic,1
142,1100,1101,200000,177644,0.88822,boundary_analytic,1
142,1000,1010,200000,195957,0.979785,boundary_analytic,1
142,1000,1001,200000,173389,0.866945,boundary_analytic,1
143,1000,0000,200000,200000,1.0,boundary_analytic,1
143,0010,0000,200000,200000,1.0,boundary_analytic,1
143,0010,0011,200000,200000,1.0,boundary_analytic,1
143,1100,1110,200000,199974,0.99987,boundary_analytic,1
143,1100,1101,200000,199052,0.99526,boundary_analytic,1
143,1000,1010,200000,195957,0.979785,boundary_analytic,1
143,1000,1001,200000,173389,0.866945,boundary_analytic,1
144,1000,0000,200000,200000,1.0,boundary_analytic,1
144,0010,0000,200000,200000,1.0,boundary_analytic,1
144,0010,0011,200000,200000,1.0,boundary_analytic,1
144,0011,1011,200000,152479,0.762395,boundary_analytic,1
144,1100,1110,200000,199974,0.99987,boundary_analytic,1
144,1100,1101,200000,177644,0.88822,boundary_analytic,1
144,1000,1010,200000,195957,0.979785,boundary_analytic,1
144,1000,1001,200000,173389,0.866945,boundary_analytic,1
145,1000,0000,200000,200000,1.0,boundary_analytic,1
145,0010,0000,200000,200000,1.0,boundary_analytic,1
145,0010,0011,200000,200000,1.0,boundary_analytic,1
145,0011,0111,200000,173626,0.86813,boundary_analytic,1
145,1100,1110,200000,199974,0.99987,boundary_analytic,1
145,1000,1010,200000,195957,0.979785,boundary_analytic,1
146,1000,0000,200000,200000,1.0,boundary_analytic,1
146,0010,0000,200000,200000,1.0,boundary_analytic,1
146,0010,0011,200000,200000,1.0,boundary_analytic,1
146,0011,0111,200000,133241,0.666205,boundary_analytic,1
146,1100,1110,200000,199974,0.99987,boundary_analytic,1
146,1100,1101,200000,182326,0.91163,boundary_analytic,1
146,1000,1010,200000,195957,0.979785,boundary_analytic,1
147,1000,0000,200000,200000,1.0,boundary_analytic,1
147,0010,0000,200000,200000,1.0,boundary_analytic,1
147,0010,0011,200000,200000,1.0,boundary_analytic,1
147,0011,1011,200000,152479,0.762395,boundary_analytic,1
147,0011,0111,200000,133241,0.666205,boundary_analytic,1
147,1100,1110,200000,199974,0.99987,boundary_analytic,1
147,1000,1010,200000,195957,0.979785,boundary_analytic,1
148,1000,0000,200000,200000,1.0,boundary_analytic,1
148,0010,0000,200000,200000,1.0,boundary_analytic,1
148,0010,0011,200000,200000,1.0,boundary_analytic,1
148,0011,0111,200000,133241,0.666205,boundary_analytic,1
148,1100,1110,200000,199974,0.99987,boundary_analytic,1
148,1100,1101,200000,177644,0.88822,boundary_analytic,1
148,1000,1010,200000,195957,0.979785,boundary_analytic,1
148,1000,1001,200000,173389,0.866945,boundary_analytic,1
149,1000,0000,200000,200000,1.0,boundary_analytic,1
149,0010,0000,200000,200000,1.0,boundary_analytic,1
149,0010,0011,200000,200000,1.0,boundary_analytic,1
149,0011,1011,200000,180109,0.900545,boundary_analytic,1
149,0011,0111,200000,41596,0.20798,boundary_analytic,1
149,1100,1110,200000,196625,0.983125,boundary_analytic,1
149,1100,1101,200000,182326,0.91163,boundary_analytic,1
149,1000,1010,200000,195957,0.979785,boundary_analytic,1
150,1000,0000,200000,200000,1.0,boundary_analytic,1
150,0010,0000,200000,200000,1.0,boundary_analytic,1
150,0010,0011,200000,200000,1.0,boundary_analytic,1
150,0011,1011,200000,197661,0.988305,boundary_analytic,1
150,0011,0111,200000,41596,0.20798,boundary_analytic,1
150,1100,1110,200000,196625,0.983125,boundary_analytic,1
150,1000,1010,200000,195957,0.979785,boundary_analytic,1
151,1000,0000,200000,200000,1.0,boundary_analytic,1
151,0010,0000,200000,200000,1.0,boundary_analytic,1
151,0010,0011,200000,200000,1.0,boundary_analytic,1
151,0011,1011,200000,197661,0.988305,boundary_analytic,1
151,1100,1110,200000,196625,0.983125,boundary_analytic,1
151,1100,1101,200000,182326,0.91163,boundary_analytic,1
151,1000,1010,200000,195957,0.979785,boundary_analytic,1
152,1000,0000,200000,200000,1.0,boundary_analytic,1
152,0010,0000,200000,200000,1.0,boundary_analytic,1
152,0010,0011,200000,200000,1.0,boundary_analytic,1
152,0011,1011,200000,180109,0.900545,boundary_analytic,1
152,0011,0111,200000,41596,0.20798,boundary_analytic,1
152,1100,1110,200000,196625,0.983125,boundary_analytic,1
152,1100,1101,200000,177644,0.88822,boundary_analytic,1
152,1000,1010,200000,195957,0.979785,boundary_analytic,1
152,1000,1001,200000,173389,0.866945,boundary_analytic,1
153,1000,0000,200000,200000,1.0,boundary_analytic,1
153,0010,0000,200000,200000,1.0,boundary_analytic,1
153,0010,0011,200000,200000,1.0,boundary_analytic,1
153,0011,1011,200000,180109,0.900545,boundary_analytic,1
153,1100,1110,200000,196625,0.983125,boundary_analytic,1
153,1100,1101,200000,199052,0.99526,boundary_analytic,1
153,1000,1010,200000,195957,0.979785,boundary_analytic,1
153,1000,1001,200000,173389,0.866945,boundary_analytic,1
154,1000,0000,200000,200000,1.0,boundary_analytic,1
154,0010,0000,200000,200000,1.0,boundary_analytic,1
154,0010,0011,200000,200000,1.0,boundary_analytic,1
154,0011,1011,200000,197661,0.988305,boundary_analytic,1
154,1100,1110,200000,196625,0.983125,boundary_analytic,1
154,1100,1101,200000,177644,0.88822,boundary_analytic,1
154,1000,1010,200000,195957,0.979785,boundary_analytic,1
154,1000,1001,200000,173389,0.866945,boundary_analytic,1
155,1000,0000,200000,200000,1.0,boundary_analytic,1
155,0010,0000,200000,200000,1.0,boundary_analytic,1
155,0010,0011,200000,200000,1.0,boundary_analytic,1
155,0011,1011,200000,180109,0.900545,boundary_analytic,1
155,0011,0111,200000,173626,0.86813,boundary_analytic,1
155,1100,1110,200000,196625,0.983125,boundary_analytic,1
155,1000,1010,200000,195957,0.979785,boundary_analytic,1
156,1000,0000,200000,200000,1.0,boundary_analytic,1
156,0010,0000,200000,200000,1.0,boundary_analytic,1
156,0010,0011,200000,200000,1.0,boundary_analytic,1
156,0011,1011,200000,180109,0.900545,boundary_analytic,1
156,0011,0111,200000,133241,0.666205,boundary_analytic,1
156,1100,1110,200000,196625,0.983125,boundary_analytic,1
156,1100,1101,200000,182326,0.91163,boundary_analytic,1
156,1000,1010,200000,195957,0.979785,boundary_analytic,1
157,1000,0000,200000,200000,1.0,boundary_analytic,1
157,0010,0000,200000,200000,1.0,boundary_analytic,1
157,0010,0011,200000,200000,1.0,boundary_analytic,1
157,0011,1011,200000,197661,0.988305,boundary_analytic,1
157,0011,0111,200000,133241,0.666205,boundary_analytic,1
157,1100,1110,200000,196625,0.983125,boundary_analytic,1
157,1000,1010,200000,195957,0.979785,boundary_analytic,1
158,1000,0000,200000,200000,1.0,boundary_analytic,1
158,0010,0000,200000,200000,1.0,boundary_analytic,1
158,0010,0011,200000,200000,1.0,boundary_analytic,1
158,0011,1011,200000,180109,0.900545,boundary_analytic,1
158,0011,0111,200000,133241,0.666205,boundary_analytic,1
158,1100,1110,200000,196625,0.983125,boundary_analytic,1
158,1100,1101,200000,177644,0.88822,boundary_analytic,1
158,1000,1010,200000,195957,0.979785,boundary_analytic,1
158,1000,1001,200000,173389,0.866945,boundary_analytic,1
159,1000,0000,200000,200000,1.0,boundary_analytic,1
159,0010,0000,200000,200000,1.0,boundary_analytic,1
159,0010,0011,200000,200000,1.0,boundary_analytic,1
159,0011,1011,200000,180109,0.900545,boundary_analytic,1
159,0011,0111,200000,41596,0.20798,boundary_analytic,1
159,1100,1110,200000,199974,0.99987,boundary_analytic,1
159,1000,1010,200000,195957,0.979785,boundary_analytic,1
160,1000,0000,200000,200000,1.0,boundary_analytic,1
160,0010,0000,200000,200000,1.0,boundary_analytic,1
160,0010,0011,200000,200000,1.0,boundary_analytic,1
160,0011,1011,200000,180109,0.900545,boundary_analytic,1
160,1100,1110,200000,199974,0.99987,boundary_analytic,1
160,1100,1101,200000,182326,0.91163,boundary_analytic,1
160,1000,1010,200000,195957,0.979785,boundary_analytic,1
161,1000,0000,200000,200000,1.0,boundary_analytic,1
161,0010,0000,200000,200000,1.0,boundary_analytic,1
161,0010,0011,200000,200000,1.0,boundary_analytic,1
161,0011,1011,200000,197661,0.988305,boundary_analytic,1
161,1100,1110,200000,199974,0.99987,boundary_analytic,1
161,1000,1010,200000,195957,0.979785,boundary_analytic,1
162,1000,0000,200000,200000,1.0,boundary_analytic,1
162,0010,0000,200000,200000,1.0,boundary_analytic,1
162,0010,0011,200000,200000,1.0,boundary_analytic,1
162,0011,1011,200000,180109,0.900545,boundary_analytic,1
162,1100,1110,200000,199974,0.99987,boundary_analytic,1
162,1100,1101,200000,177644,0.88822,boundary_analytic,1
162,1000,1010,200000,195957,0.979785,boundary_analytic,1
162,1000,1001,200000,173389,0.866945,boundary_analytic,1
163,1000,0000,200000,200000,1.0,boundary_analytic,1
163,0010,0000,200000,200000,1.0,boundary_analytic,1
163,0010,0011,200000,200000,1.0,boundary_analytic,1
163,0011,1011,200000,180109,0.900545,boundary_analytic,1
163,0011,0111,200000,133241,0.666205,boundary_analytic,1
163,1100,1110,200000,199974,0.99987,boundary_analytic,1
163,1000,1010,200000,195957,0.979785,boundary_analytic,1
164,1000,0000,200000,200000,1.0,boundary_analytic,1
164,0010,0000,200000,200000,1.0,boundary_analytic,1
164,0010,0011,200000,200000,1.0,boundary_analytic,1
164,0011,1011,200000,152479,0.762395,boundary_analytic,1
164,0011,0111,200000,173626,0.86813,boundary_analytic,1
164,1100,1101,200000,199052,0.99526,boundary_analytic,1
164,1000,1001,200000,173389,0.866945,boundary_analytic,1
165,1000,0000,200000,200000,1.0,boundary_analytic,1
165,0010,0000,200000,200000,1.0,boundary_analytic,1
165,0010,0011,200000,200000,1.0,boundary_analytic,1
165,0011,1011,200000,152479,0.762395,boundary_analytic,1
165,0011,0111,200000,41596,0.20798,boundary_analytic,1
165,1100,1110,200000,197361,0.986805,boundary_analytic,1
165,1100,1101,200000,199052,0.99526,boundary_analytic,1
165,1000,1001,200000,173389,0.866945,boundary_analytic,1
166,1000,0000,200000,200000,1.0,boundary_analytic,1
166,0010,0000,200000,200000,1.0,boundary_analytic,1
166,0010,0011,200000,200000,1.0,boundary_analytic,1
166,0011,1011,200000,152479,0.762395,boundary_analytic,1
166,0011,0111,200000,173626,0.86813,boundary_analytic,1
166,1100,1110,200000,197361,0.986805,boundary_analytic,1
166,1100,1101,200000,182326,0.91163,boundary_analytic,1
167,1000,0000,200000,200000,1.0,boundary_analytic,1
167,0010,0000,200000,200000,1.0,boundary_analytic,1
167,0010,0011,200000,200000,1.0,boundary_analytic,1
167,0011,0111,200000,173626,0.86813,boundary_analytic,1
167,1100,1110,200000,197361,0.986805,boundary_analytic,1
167,1100,1101,200000,199052,0.99526,boundary_analytic,1
167,1000,1001,200000,173389,0.866945,boundary_analytic,1
168,1000,0000,200000,200000,1.0,boundary_analytic,1
168,0010,0000,200000,200000,1.0,boundary_analytic,1
168,0010,0011,200000,200000,1.0,boundary_analytic,1
168,0011,1011,200000,152479,0.762395,boundary_analytic,1
168,0011,0111,200000,173626,0.86813,boundary_analytic,1
168,1100,1110,200000,197361,0.986805,boundary_analytic,1
168,1100,1101,200000,177644,0.88822,boundary_analytic,1
168,1000,1001,200000,173389,0.866945,boundary_analytic,1
169,1000,0000,200000,200000,1.0,boundary_analytic,1
169,0010,0000,200000,200000,1.0,boundary_analytic,1
169,0010,0011,200000,200000,1.0,boundary_analytic,1
169,0011,1011,200000,152479,0.762395,boundary_analytic,1
169,0011,0111,200000,133241,0.666205,boundary_analytic,1
169,1100,1110,200000,197361,0.986805,boundary_analytic,1
169,1100,1101,200000,199052,0.99526,boundary_analytic,1
169,1000,1001,200000,173389,0.866945,boundary_analytic,1
170,1000,0000,200000,200000,1.0,boundary_analytic,1
170,0010,0000,200000,200000,1.0,boundary_analytic,1
170,0010,0011,200000,200000,1.0,boundary_analytic,1
170,0011,1011,200000,197661,0.988305,boundary_analytic,1
170,0011,0111,200000,41596,0.20798,boundary_analytic,1
170,1100,1101,200000,199052,0.99526,boundary_analytic,1
170,1000,1001,200000,173389,0.866945,boundary_analytic,1
171,1000,0000,200000,200000,1.0,boundary_analytic,1
171,0010,0000,200000,200000,1.0,boundary_analytic,1
171,0010,0011,200000,200000,1.0,boundary_analytic,1
171,0011,1011,200000,197661,0.988305,boundary_analytic,1
171,0011,0111,200000,173626,0.86813,boundary_analytic,1
171,1100,1101,200000,182326,0.91163,boundary_analytic,1
172,1000,0000,200000,200000,1.0,boundary_analytic,1
172,0010,0000,200000,200000,1.0,boundary_analytic,1
172,0010,0011,200000,200000,1.0,boundary_analytic,1
172,0011,1011,200000,180109,0.900545,boundary_analytic,1
172,0011,0111,200000,173626,0.86813,boundary_analytic,1
172,1100,1101,200000,199052,0.99526,boundary_analytic,1
172,1000,1001,200000,173389,0.866945,boundary_analytic,1
173,1000,0000,200000,200000,1.0,boundary_analytic,1
173,0010,0000,200000,200000,1.0,boundary_analytic,1
173,0010,0011,200000,200000,1.0,boundary_analytic,1
173,0011,1011,200000,197661,0.988305,boundary_analytic,1
173,0011,0111,200000,173626,0.86813,boundary_analytic,1
173,1100,1101,200000,177644,0.88822,boundary_analytic,1
173,1000,1001,200000,173389,0.866945,boundary_analytic,1
174,1000,0000,200000,200000,1.0,boundary_analytic,1
174,0010,0000,200000,200000,1.0,boundary_analytic,1
174,0010,0011,200000,200000,1.0,boundary_analytic,1
174,0011,1011,200000,197661,0.988305,boundary_analytic,1
174,0011,0111,200000,133241,0.666205,boundary_analytic,1
174,1100,1101,200000,199052,0.99526,boundary_analytic,1
174,1000,1001,200000,173389,0.866945,boundary_analytic,1
175,1000,0000,200000,200000,1.0,boundary_analytic,1
175,0010,0000,200000,200000,1.0,boundary_analytic,1
175,0010,0011,200000,200000,1.0,boundary_analytic,1
175,0011,1011,200000,197661,0.988305,boundary_analytic,1
175,0011,0111,200000,41596,0.20798,boundary_analytic,1
175,1100,1110,200000,197361,0.986805,boundary_analytic,1
175,1100,1101,200000,182326,0.91163,boundary_analytic,1
176,1000,0000,200000,200000,1.0,boundary_analytic,1
176,0010,0000,200000,200000,1.0,boundary_analytic,1
176,0010,0011,200000,200000,1.0,boundary_analytic,1
176,0011,1011,200000,180109,0.900545,boundary_analytic,1
176,0011,0111,200000,41596,0.20798,boundary_analytic,1
176,1100,1110,200000,197361,0.986805,boundary_analytic,1
176,1100,1101,200000,199052,0.99526,boundary_analytic,1
176,1000,1001,200000,173389,0.866945,boundary_analytic,1
177,1000,0000,200000,200000,1.0,boundary_analytic,1
177,0010,0000,200000,200000,1.0,boundary_analytic,1
177,0010,0011,200000,200000,1.0,boundary_analytic,1
177,0011,1011,200000,197661,0.988305,boundary_analytic,1
177,0011,0111,200000,41596,0.20798,boundary_analytic,1
177,1100,1110,200000,197361,0.986805,boundary_analytic,1
177,1100,1101,200000,177644,0.88822,boundary_analytic,1
177,1000,1001,200000,173389,0.866945,boundary_analytic,1
178,1000,0000,200000,200000,1.0,boundary_analytic,1
178,0010,0000,200000,200000,1.0,boundary_analytic,1
178,0010,0011,200000,200000,1.0,boundary_analytic,1
178,0011,1011,200000,197661,0.988305,boundary_analytic,1
178,1100,1110,200000,197361,0.986805,boundary_analytic,1
178,1100,1101,200000,199052,0.99526,boundary_analytic,1
178,1000,1001,200000,173389,0.866945,boundary_analytic,1
179,1000,0000,200000,200000,1.0,boundary_analytic,1
179,0010,0000,200000,200000,1.0,boundary_analytic,1
179,0010,0011,200000,200000,1.0,boundary_analytic,1
179,0011,1011,200000,180109,0.900545,boundary_analytic,1
179,0011,0111,200000,173626,0.86813,boundary_analytic,1
179,1100,1110,200000,197361,0.986805,boundary_analytic,1
179,1100,1101,200000,182326,0.91163,boundary_analytic,1
180,1000,0000,200000,200000,1.0,boundary_analytic,1
180,0010,0000,200000,200000,1.0,boundary_analytic,1
180,0010,0011,200000,200000,1.0,boundary_analytic,1
180,0011,1011,200000,197661,0.988305,boundary_analytic,1
180,0011,0111,200000,173626,0.86813,boundary_analytic,1
180,1100,1110,200000,197361,0.986805,boundary_analytic,1
181,1000,0000,200000,200000,1.0,boundary_analytic,1
181,0010,0000,200000,200000,1.0,boundary_analytic,1
181,0010,0011,200000,200000,1.0,boundary_analytic,1
181,0011,1011,200000,197661,0.988305,boundary_analytic,1
181,0011,0111,200000,133241,0.666205,boundary_analytic,1
181,1100,1110,200000,197361,0.986805,boundary_analytic,1
181,1100,1101,200000,182326,0.91163,boundary_analytic,1
182,1000,0000,200000,200000,1.0,boundary_analytic,1
182,0010,0000,200000,200000,1.0,boundary_analytic,1
182,0010,0011,200000,200000,1.0,boundary_analytic,1
182,0011,1011,200000,180109,0.900545,boundary_analytic,1
182,0011,0111,200000,173626,0.86813,boundary_analytic,1
182,1100,1110,200000,197361,0.986805,boundary_analytic,1
182,1100,1101,200000,177644,0.88822,boundary_analytic,1
182,1000,1001,200000,173389,0.866945,boundary_analytic,1
183,1000,0000,200000,200000,1.0,boundary_analytic,1
183,0010,0000,200000,200000,1.0,boundary_analytic,1
183,0010,0011,200000,200000,1.0,boundary_analytic,1
183,0011,1011,200000,180109,0.900545,boundary_analytic,1
183,0011,0111,200000,133241,0.666205,boundary_analytic,1
183,1100,1110,200000,197361,0.986805,boundary_analytic,1
183,1100,1101,200000,199052,0.99526,boundary_analytic,1
183,1000,1001,200000,173389,0.866945,boundary_analytic,1
184,1000,0000,200000,200000,1.0,boundary_analytic,1
184,0010,0000,200000,200000,1.0,boundary_analytic,1
184,0010,0011,200000,200000,1.0,boundary_analytic,1
184,0011,1011,200000,197661,0.988305,boundary_analytic,1
184,0011,0111,200000,133241,0.666205,boundary_analytic,1
184,1100,1110,200000,197361,0.986805,boundary_analytic,1
184,1100,1101,200000,177644,0.88822,boundary_analytic,1
184,1000,1001,200000,173389,0.866945,boundary_analytic,1
185,1000,0000,200000,200000,1.0,boundary_analytic,1
185,0010,0000,200000,200000,1.0,boundary_analytic,1
185,0010,0011,200000,200000,1.0,boundary_analytic,1
185,0011,1011,200000,152479,0.762395,boundary_analytic,1
185,0011,0111,200000,41596,0.20798,boundary_analytic,1
185,1100,1110,200000,196625,0.983125,boundary_analytic,1
185,1100,1101,200000,199052,0.99526,boundary_analytic,1
185,1000,1010,200000,195957,0.979785,boundary_analytic,1
185,1000,1001,200000,173389,0.866945,boundary_analytic,1
186,1000,0000,200000,200000,1.0,boundary_analytic,1
186,0010,0000,200000,200000,1.0,boundary_analytic,1
186,0010,0011,200000,200000,1.0,boundary_analytic,1
186,0011,1011,200000,152479,0.762395,boundary_analytic,1
186,0011,0111,200000,173626,0.86813,boundary_analytic,1
186,1100,1110,200000,196625,0.983125,boundary_analytic,1
186,1100,1101,200000,182326,0.91163,boundary_analytic,1
186,1000,1010,200000,195957,0.979785,boundary_analytic,1
187,1000,0000,200000,200000,1.0,boundary_analytic,1
187,0010,0000,200000,200000,1.0,boundary_analytic,1
187,0010,0011,200000,200000,1.0,boundary_analytic,1
187,0011,0111,200000,173626,0.86813,boundary_analytic,1
187,1100,1110,200000,196625,0.983125,boundary_analytic,1
187,1100,1101,200000,199052,0.99526,boundary_analytic,1
187,1000,1010,200000,195957,0.979785,boundary_analytic,1
187,1000,1001,200000,173389,0.866945,boundary_analytic,1
188,1000,0000,200000,200000,1.0,boundary_analytic,1
188,0010,0000,200000,200000,1.0,boundary_analytic,1
188,0010,0011,200000,200000,1.0,boundary_analytic,1
188,0011,1011,200000,152479,0.762395,boundary_analytic,1
188,0011,0111,200000,173626,0.86813,boundary_analytic,1
188,1100,1110,200000,196625,0.983125,boundary_analytic,1
188,1100,1101,200000,177644,0.88822,boundary_analytic,1
188,1000,1010,200000,195957,0.979785,boundary_analytic,1
188,1000,1001,200000,173389,0.866945,boundary_analytic,1
189,1000,0000,200000,200000,1.0,boundary_analytic,1
189,0010,0000,200000,200000,1.0,boundary_analytic,1
189,0010,0011,200000,200000,1.0,boundary_analytic,1
189,0011,1011,200000,152479,0.762395,boundary_analytic,1
189,0011,0111,200000,133241,0.666205,boundary_analytic,1
189,1100,1110,200000,196625,0.983125,boundary_analytic,1
189,1100,1101,200000,199052,0.99526,boundary_analytic,1
189,1000,1010,200000,195957,0.979785,boundary_analytic,1
189,1000,1001,200000,173389,0.866945,boundary_analytic,1
190,1000,0000,200000,200000,1.0,boundary_analytic,1
190,0010,0000,200000,200000,1.0,boundary_analytic,1
190,0010,0011,200000,200000,1.0,boundary_analytic,1
190,0011,1011,200000,152479,0.762395,boundary_analytic,1
190,0011,0111,200000,41596,0.20798,boundary_analytic,1
190,1100,1110,200000,199974,0.99987,boundary_analytic,1
190,1100,1101,200000,182326,0.91163,boundary_analytic,1
190,1000,1010,200000,195957,0.979785,boundary_analytic,1
191,1000,0000,200000,200000,1.0,boundary_analytic,1
191,0010,0000,200000,200000,1.0,boundary_analytic,1
191,0010,0011,200000,200000,1.0,boundary_analytic,1
191,0011,0111,200000,41596,0.20798,boundary_analytic,1
191,1100,1110,200000,199974,0.99987,boundary_analytic,1
191,1100,1101,200000,199052,0.99526,boundary_analytic,1
191,1000,1010,200000,195957,0.979785,boundary_analytic,1
191,1000,1001,200000,173389,0.866945,boundary_analytic,1
192,1000,0000,200000,200000,1.0,boundary_analytic,1
192,0010,0000,200000,200000,1.0,boundary_analytic,1
192,0010,0011,200000,200000,1.0,boundary_analytic,1
192,0011,1011,200000,152479,0.762395,boundary_analytic,1
192,0011,0111,200000,41596,0.20798,boundary_analytic,1
192,1100,1110,200000,199974,0.99987,boundary_analytic,1
192,1100,1101,200000,177644,0.88822,boundary_analytic,1
192,1000,1010,200000,195957,0.979785,boundary_analytic,1
192,1000,1001,200000,173389,0.866945,boundary_analytic,1
193,1000,0000,200000,200000,1.0,boundary_analytic,1
193,0010,0000,200000,200000,1.0,boundary_analytic,1
193,0010,0011,200000,200000,1.0,boundary_analytic,1
193,0011,1011,200000,152479,0.762395,boundary_analytic,1
193,1100,1110,200000,199974,0.99987,boundary_analytic,1
193,1100,1101,200000,199052,0.99526,boundary_analytic,1
193,1000,1010,200000,195957,0.979785,boundary_analytic,1
193,1000,1001,200000,173389,0.866945,boundary_analytic,1
194,1000,0000,200000,200000,1.0,boundary_analytic,1
194,0010,0000,200000,200000,1.0,boundary_analytic,1
194,0010,0011,200000,200000,1.0,boundary_analytic,1
194,0011,0111,200000,173626,0.86813,boundary_analytic,1
194,1100,1110,200000,199974,0.99987,boundary_analytic,1
194,1100,1101,200000,182326,0.91163,boundary_analytic,1
194,1000,1010,200000,195957,0.979785,boundary_analytic,1
195,1000,0000,200000,200000,1.0,boundary_analytic,1
195,0010,0000,200000,200000,1.0,boundary_analytic,1
195,0010,0011,200000,200000,1.0,boundary_analytic,1
195,0011,1011,200000,152479,0.762395,boundary_analytic,1
195,0011,0111,200000,173626,0.86813,boundary_analytic,1
195,1100,1110,200000,199974,0.99987,boundary_analytic,1
195,1000,1010,200000,195957,0.979785,boundary_analytic,1
196,1000,0000,200000,200000,1.0,boundary_analytic,1
196,0010,0000,200000,200000,1.0,boundary_analytic,1
196,0010,0011,200000,200000,1.0,boundary_analytic,1
196,0011,1011,200000,152479,0.762395,boundary_analytic,1
196,0011,0111,200000,133241,0.666205,boundary_analytic,1
196,1100,1110,200000,199974,0.99987,boundary_analytic,1
196,1100,1101,200000,182326,0.91163,boundary_analytic,1
196,1000,1010,200000,195957,0.979785,boundary_analytic,1
197,1000,0000,200000,200000,1.0,boundary_analytic,1
197,0010,0000,200000,200000,1.0,boundary_analytic,1
197,0010,0011,200000,200000,1.0,boundary_analytic,1
197,0011,0111,200000,173626,0.86813,boundary_analytic,1
197,1100,1110,200000,199974,0.99987,boundary_analytic,1
197,1100,1101,200000,177644,0.88822,boundary_analytic,1
197,1000,1010,200000,195957,0.979785,boundary_analytic,1
197,1000,1001,200000,173389,0.866945,boundary_analytic,1
198,1000,0000,200000,200000,1.0,boundary_analytic,1
198,0010,0000,200000,200000,1.0,boundary_analytic,1
198,0010,0011,200000,200000,1.0,boundary_analytic,1
198,0011,0111,200000,133241,0.666205,boundary_analytic,1
198,1100,1110,200000,199974,0.99987,boundary_analytic,1
198,1100,1101,200000,199052,0.99526,boundary_analytic,1
198,1000,1010,200000,195957,0.979785,boundary_analytic,1
198,1000,1001,200000,173389,0.866945,boundary_analytic,1
199,1000,0000,200000,200000,1.0,boundary_analytic,1
199,0010,0000,200000,200000,1.0,boundary_analytic,1
199,0010,0011,200000,200000,1.0,boundary_analytic,1
199,0011,1011,200000,152479,0.762395,boundary_analytic,1
199,0011,0111,200000,133241,0.666205,boundary_analytic,1
199,1100,1110,200000,199974,0.99987,boundary_analytic,1
199,1100,1101,200000,177644,0.88822,boundary_analytic,1
199,1000,1010,200000,195957,0.979785,boundary_analytic,1
199,1000,1001,200000,173389,0.866945,boundary_analytic,1
200,1000,0000,200000,200000,1.0,boundary_analytic,1
200,0010,0000,200000,200000,1.0,boundary_analytic,1
200,0010,0011,200000,200000,1.0,boundary_analytic,1
200,0011,1011,200000,197661,0.988305,boundary_analytic,1
200,0011,0111,200000,41596,0.20798,boundary_analytic,1
200,1100,1110,200000,196625,0.983125,boundary_analytic,1
200,1100,1101,200000,182326,0.91163,boundary_analytic,1
200,1000,1010,200000,195957,0.979785,boundary_analytic,1
201,1000,0000,200000,200000,1.0,boundary_analytic,1
201,0010,0000,200000,200000,1.0,boundary_analytic,1
201,0010,0011,200000,200000,1.0,boundary_analytic,1
201,0011,1011,200000,180109,0.900545,boundary_analytic,1
201,0011,0111,200000,41596,0.20798,boundary_analytic,1
201,1100,1110,200000,196625,0.983125,boundary_analytic,1
201,1100,1101,200000,199052,0.99526,boundary_analytic,1
201,1000,1010,200000,195957,0.979785,boundary_analytic,1
201,1000,1001,200000,173389,0.866945,boundary_analytic,1
202,1000,0000,200000,200000,1.0,boundary_analytic,1
202,0010,0000,200000,200000,1.0,boundary_analytic,1
202,0010,0011,200000,200000,1.0,boundary_analytic,1
202,0011,1011,200000,197661,0.988305,boundary_analytic,1
202,0011,0111,200000,41596,0.20798,boundary_analytic,1
202,1100,1110,200000,196625,0.983125,boundary_analytic,1
202,1100,1101,200000,177644,0.88822,boundary_analytic,1
202,1000,1010,200000,195957,0.979785,boundary_analytic,1
202,1000,1001,200000,173389,0.866945,boundary_analytic,1
203,1000,0000,200000,200000,1.0,boundary_analytic,1
203,0010,0000,200000,200000,1.0,boundary_analytic,1
203,0010,0011,200000,200000,1.0,boundary_analytic,1
203,0011,1011,200000,197661,0.988305,boundary_analytic,1
203,1100,1110,200000,196625,0.983125,boundary_analytic,1
203,1100,1101,200000,199052,0.99526,boundary_analytic,1
203,1000,1010,200000,195957,0.979785,boundary_analytic,1
203,1000,1001,200000,173389,0.866945,boundary_analytic,1
204,1000,0000,200000,200000,1.0,boundary_analytic,1
204,0010,0000,200000,200000,1.0,boundary_analytic,1
204,0010,0011,200000,200000,1.0,boundary_analytic,1
204,0011,1011,200000,180109,0.900545,boundary_analytic,1
204,0011,0111,200000,173626,0.86813,boundary_analytic,1
204,1100,1110,200000,196625,0.983125,boundary_analytic,1
204,1100,1101,200000,182326,0.91163,boundary_analytic,1
204,1000,1010,200000,195957,0.979785,boundary_analytic,1
205,1000,0000,200000,200000,1.0,boundary_analytic,1
205,0010,0000,200000,200000,1.0,boundary_analytic,1
205,0010,0011,200000,200000,1.0,boundary_analytic,1
205,0011,1011,200000,197661,0.988305,boundary_analytic,1
205,0011,0111,200000,173626,0.86813,boundary_analytic,1
205,1100,1110,200000,196625,0.983125,boundary_analytic,1
205,1000,1010,200000,195957,0.979785,boundary_analytic,1
206,1000,0000,200000,200000,1.0,boundary_analytic,1
206,0010,0000,200000,200000,1.0,boundary_analytic,1
206,0010,0011,200000,200000,1.0,boundary_analytic,1
206,0011,1011,200000,197661,0.988305,boundary_analytic,1
206,0011,0111,200000,133241,0.666205,boundary_analytic,1
206,1100,1110,200000,196625,0.983125,boundary_analytic,1
206,1100,1101,200000,182326,0.91163,boundary_analytic,1
206,1000,1010,200000,195957,0.979785,boundary_analytic,1
207,1000,0000,200000,200000,1.0,boundary_analytic,1
207,0010,0000,200000,200000,1.0,boundary_analytic,1
207,0010,0011,200000,200000,1.0,boundary_analytic,1
207,0011,1011,200000,180109,0.900545,boundary_analytic,1
207,0011,0111,200000,173626,0.86813,boundary_analytic,1
207,1100,1110,200000,196625,0.983125,boundary_analytic,1
207,1100,1101,200000,177644,0.88822,boundary_analytic,1
207,1000,1010,200000,195957,0.979785,boundary_analytic,1
207,1000,1001,200000,173389,0.866945,boundary_analytic,1
208,1000,0000,200000,200000,1.0,boundary_analytic,1
208,0010,0000,200000,200000,1.0,boundary_analytic,1
208,0010,0011,200000,200000,1.0,boundary_analytic,1
208,0011,1011,200000,180109,0.900545,boundary_analytic,1
208,0011,0111,200000,133241,0.666205,boundary_analytic,1
208,1100,1110,200000,196625,0.983125,boundary_analytic,1
208,1100,1101,200000,199052,0.99526,boundary_analytic,1
208,1000,1010,200000,195957,0.979785,boundary_analytic,1
208,1000,1001,200000,173389,0.866945,boundary_analytic,1
209,1000,0000,200000,200000,1.0,boundary_analytic,1
209,0010,0000,200000,200000,1.0,boundary_analytic,1
209,0010,0011,200000,200000,1.0,boundary_analytic,1
209,0011,1011,200000,197661,0.988305,boundary_analytic,1
209,0011,0111,200000,133241,0.666205,boundary_analytic,1
209,1100,1110,200000,196625,0.983125,boundary_analytic,1
209,1100,1101,200000,177644,0.88822,boundary_analytic,1
209,1000,1010,200000,195957,0.979785,boundary_analytic,1
209,1000,1001,200000,173389,0.866945,boundary_analytic,1
210,1000,0000,200000,200000,1.0,boundary_analytic,1
210,0010,0000,200000,200000,1.0,boundary_analytic,1
210,0010,0011,200000,200000,1.0,boundary_analytic,1
210,0011,1011,200000,180109,0.900545,boundary_analytic,1
210,0011,0111,200000,41596,0.20798,boundary_analytic,1
210,1100,1110,200000,199974,0.99987,boundary_analytic,1
210,1100,1101,200000,182326,0.91163,boundary_analytic,1
210,1000,1010,200000,195957,0.979785,boundary_analytic,1
211,1000,0000,200000,200000,1.0,boundary_analytic,1
211,0010,0000,200000,200000,1.0,boundary_analytic,1
211,0010,0011,200000,200000,1.0,boundary_analytic,1
211,0011,1011,200000,197661,0.988305,boundary_analytic,1
211,0011,0111,200000,41596,0.20798,boundary_analytic,1
211,1100,1110,200000,199974,0.99987,boundary_analytic,1
211,1000,1010,200000,195957,0.979785,boundary_analytic,1
212,1000,0000,200000,200000,1.0,boundary_analytic,1
212,0010,0000,200000,200000,1.0,boundary_analytic,1
212,0010,0011,200000,200000,1.0,boundary_analytic,1
212,0011,1011,200000,197661,0.988305,boundary_analytic,1
212,1100,1110,200000,199974,0.99987,boundary_analytic,1
212,1100,1101,200000,182326,0.91163,boundary_analytic,1
212,1000,1010,200000,195957,0.979785,boundary_analytic,1
213,1000,0000,200000,200000,1.0,boundary_analytic,1
213,0010,0000,200000,200000,1.0,boundary_analytic,1
213,0010,0011,200000,200000,1.0,boundary_analytic,1
213,0011,1011,200000,180109,0.900545,boundary_analytic,1
213,0011,0111,200000,41596,0.20798,boundary_analytic,1
213,1100,1110,200000,199974,0.99987,boundary_analytic,1
213,1100,1101,200000,177644,0.88822,boundary_analytic,1
213,1000,1010,200000,195957,0.979785,boundary_analytic,1
213,1000,1001,200000,173389,0.866945,boundary_analytic,1
214,1000,0000,200000,200000,1.0,boundary_analytic,1
214,0010,0000,200000,200000,1.0,boundary_analytic,1
214,0010,0011,200000,200000,1.0,boundary_analytic,1
214,0011,1011,200000,180109,0.900545,boundary_analytic,1
214,1100,1110,200000,199974,0.99987,boundary_analytic,1
214,1100,1101,200000,199052,0.99526,boundary_analytic,1
214,1000,1010,200000,195957,0.979785,boundary_analytic,1
214,1000,1001,200000,173389,0.866945,boundary_analytic,1
215,1000,0000,200000,200000,1.0,boundary_analytic,1
215,0010,0000,200000,200000,1.0,boundary_analytic,1
215,0010,0011,200000,200000,1.0,boundary_analytic,1
215,0011,1011,200000,197661,0.988305,boundary_analytic,1
215,1100,1110,200000,199974,0.99987,boundary_analytic,1
215,1100,1101,200000,177644,0.88822,boundary_analytic,1
215,1000,1010,200000,195957,0.979785,boundary_analytic,1
215,1000,1001,200000,173389,0.866945,boundary_analytic,1
216,1000,0000,200000,200000,1.0,boundary_analytic,1
216,0010,0000,200000,200000,1.0,boundary_analytic,1
216,0010,0011,200000,200000,1.0,boundary_analytic,1
216,0011,1011,200000,180109,0.900545,boundary_analytic,1
216,0011,0111,200000,173626,0.86813,boundary_analytic,1
216,1100,1110,200000,199974,0.99987,boundary_analytic,1
216,1000,1010,200000,195957,0.979785,boundary_analytic,1
217,1000,0000,200000,200000,1.0,boundary_analytic,1
217,0010,0000,200000,200000,1.0,boundary_analytic,1
217,0010,0011,200000,200000,1.0,boundary_analytic,1
217,0011,1011,200000,180109,0.900545,boundary_analytic,1
217,0011,0111,200000,133241,0.666205,boundary_analytic,1
217,1100,1110,200000,199974,0.99987,boundary_analytic,1
217,1100,1101,200000,182326,0.91163,boundary_analytic,1
217,1000,1010,200000,195957,0.979785,boundary_analytic,1
218,1000,0000,200000,200000,1.0,boundary_analytic,1
218,0010,0000,200000,200000,1.0,boundary_analytic,1
218,0010,0011,200000,200000,1.0,boundary_analytic,1
218,0011,1011,200000,197661,0.988305,boundary_analytic,1
218,0011,0111,200000,133241,0.666205,boundary_analytic,1
218,1100,1110,200000,199974,0.99987,boundary_analytic,1
218,1000,1010,200000,195957,0.979785,boundary_analytic,1
219,1000,0000,200000,200000,1.0,boundary_analytic,1
219,0010,0000,200000,200000,1.0,boundary_analytic,1
219,0010,0011,200000,200000,1.0,boundary_analytic,1
219,0011,1011,200000,180109,0.900545,boundary_analytic,1
219,0011,0111,200000,133241,0.666205,boundary_analytic,1
219,1100,1110,200000,199974,0.99987,boundary_analytic,1
219,1100,1101,200000,177644,0.88822,boundary_analytic,1
219,1000,1010,200000,195957,0.979785,boundary_analytic,1
219,1000,1001,200000,173389,0.866945,boundary_analytic,1
220,1000,0000,200000,200000,1.0,boundary_analytic,1
220,0010,0000,200000,200000,1.0,boundary_analytic,1
220,0010,0011,200000,200000,1.0,boundary_analytic,1
220,0011,1011,200000,152479,0.762395,boundary_analytic,1
220,0011,0111,200000,173626,0.86813,boundary_analytic,1
220,1100,1110,200000,197361,0.986805,boundary_analytic,1
220,1100,1101,200000,199052,0.99526,boundary_analytic,1
220,1000,1001,200000,173389,0.866945,boundary_analytic,1
221,1000,0000,200000,200000,1.0,boundary_analytic,1
221,0010,0000,200000,200000,1.0,boundary_analytic,1
221,0010,0011,200000,200000,1.0,boundary_analytic,1
221,0011,1011,200000,197661,0.988305,boundary_analytic,1
221,0011,0111,200000,173626,0.86813,boundary_analytic,1
221,1100,1101,200000,199052,0.99526,boundary_analytic,1
221,1000,1001,200000,173389,0.866945,boundary_analytic,1
222,1000,0000,200000,200000,1.0,boundary_analytic,1
222,0010,0000,200000,200000,1.0,boundary_analytic,1
222,0010,0011,200000,200000,1.0,boundary_analytic,1
222,0011,1011,200000,197661,0.988305,boundary_analytic,1
222,0011,0111,200000,41596,0.20798,boundary_analytic,1
222,1100,1110,200000,197361,0.986805,boundary_analytic,1
222,1100,1101,200000,199052,0.99526,boundary_analytic,1
222,1000,1001,200000,173389,0.866945,boundary_analytic,1
223,1000,0000,200000,200000,1.0,boundary_analytic,1
223,0010,0000,200000,200000,1.0,boundary_analytic,1
223,0010,0011,200000,200000,1.0,boundary_analytic,1
223,0011,1011,200000,197661,0.988305,boundary_analytic,1
223,0011,0111,200000,173626,0.86813,boundary_analytic,1
223,1100,1110,200000,197361,0.986805,boundary_analytic,1
223,1100,1101,200000,182326,0.91163,boundary_analytic,1
224,1000,0000,200000,200000,1.0,boundary_analytic,1
224,0010,0000,200000,200000,1.0,boundary_analytic,1
224,0010,0011,200000,200000,1.0,boundary_analytic,1
224,0011,1011,200000,180109,0.900545,boundary_analytic,1
224,0011,0111,200000,173626,0.86813,boundary_analytic,1
224,1100,1110,200000,197361,0.986805,boundary_analytic,1
224,1100,1101,200000,199052,0.99526,boundary_analytic,1
224,1000,1001,200000,173389,0.866945,boundary_analytic,1
225,1000,0000,200000,200000,1.0,boundary_analytic,1
225,0010,0000,200000,200000,1.0,boundary_analytic,1
225,0010,0011,200000,200000,1.0,boundary_analytic,1
225,0011,1011,200000,197661,0.988305,boundary_analytic,1
225,0011,0111,200000,173626,0.86813,boundary_analytic,1
225,1100,1110,200000,197361,0.986805,boundary_analytic,1
225,1100,1101,200000,177644,0.88822,boundary_analytic,1
225,1000,1001,200000,173389,0.866945,boundary_analytic,1
226,1000,0000,200000,200000,1.0,boundary_analytic,1
226,0010,0000,200000,200000,1.0,boundary_analytic,1
226,0010,0011,200000,200000,1.0,boundary_analytic,1
226,0011,1011,200000,197661,0.988305,boundary_analytic,1
226,0011,0111,200000,133241,0.666205,boundary_analytic,1
226,1100,1110,200000,197361,0.986805,boundary_analytic,1
226,1100,1101,200000,199052,0.99526,boundary_analytic,1
226,1000,1001,200000,173389,0.866945,boundary_analytic,1
227,1000,0000,200000,200000,1.0,boundary_analytic,1
227,0010,0000,200000,200000,1.0,boundary_analytic,1
227,0010,0011,200000,200000,1.0,boundary_analytic,1
227,0011,1011,200000,152479,0.762395,boundary_analytic,1
227,0011,0111,200000,173626,0.86813,boundary_analytic,1
227,1100,1110,200000,196625,0.983125,boundary_analytic,1
227,1100,1101,200000,199052,0.99526,boundary_analytic,1
227,1000,1010,200000,195957,0.979785,boundary_analytic,1
227,1000,1001,200000,173389,0.866945,boundary_analytic,1
228,1000,0000,200000,200000,1.0,boundary_analytic,1
228,0010,0000,200000,200000,1.0,boundary_analytic,1
228,0010,0011,200000,200000,1.0,boundary_analytic,1
228,0011,1011,200000,152479,0.762395,boundary_analytic,1
228,0011,0111,200000,41596,0.20798,boundary_analytic,1
228,1100,1110,200000,199974,0.99987,boundary_analytic,1
228,1100,1101,200000,199052,0.99526,boundary_analytic,1
228,1000,1010,200000,195957,0.979785,boundary_analytic,1
228,1000,1001,200000,173389,0.866945,boundary_analytic,1
229,1000,0000,200000,200000,1.0,boundary_analytic,1
229,0010,0000,200000,200000,1.0,boundary_analytic,1
229,0010,0011,200000,200000,1.0,boundary_analytic,1
229,0011,1011,200000,152479,0.762395,boundary_analytic,1
229,0011,0111,200000,173626,0.86813,boundary_analytic,1
229,1100,1110,200000,199974,0.99987,boundary_analytic,1
229,1100,1101,200000,182326,0.91163,boundary_analytic,1
229,1000,1010,200000,195957,0.979785,boundary_analytic,1
230,1000,0000,200000,200000,1.0,boundary_analytic,1
230,0010,0000,200000,200000,1.0,boundary_analytic,1
230,0010,0011,200000,200000,1.0,boundary_analytic,1
230,0011,0111,200000,173626,0.86813,boundary_analytic,1
230,1100,1110,200000,199974,0.99987,boundary_analytic,1
230,1100,1101,200000,199052,0.99526,boundary_analytic,1
230,1000,1010,200000,195957,0.979785,boundary_analytic,1
230,1000,1001,200000,173389,0.866945,boundary_analytic,1
231,1000,0000,200000,200000,1.0,boundary_analytic,1
231,0010,0000,200000,200000,1.0,boundary_analytic,1
231,0010,0011,200000,200000,1.0,boundary_analytic,1
231,0011,1011,200000,152479,0.762395,boundary_analytic,1
231,0011,0111,200000,173626,0.86813,boundary_analytic,1
231,1100,1110,200000,199974,0.99987,boundary_analytic,1
231,1100,1101,200000,177644,0.88822,boundary_analytic,1
231,1000,1010,200000,195957,0.979785,boundary_analytic,1
231,1000,1001,200000,173389,0.866945,boundary_analytic,1
232,1000,0000,200000,200000,1.0,boundary_analytic,1
232,0010,0000,200000,200000,1.0,boundary_analytic,1
232,0010,0011,200000,200000,1.0,boundary_analytic,1
232,0011,1011,200000,152479,0.762395,boundary_analytic,1
232,0011,0111,200000,133241,0.666205,boundary_analytic,1
232,1100,1110,200000,199974,0.99987,boundary_analytic,1
232,1100,1101,200000,199052,0.99526,boundary_analytic,1
232,1000,1010,200000,195957,0.979785,boundary_analytic,1
232,1000,1001,200000,173389,0.866945,boundary_analytic,1
233,1000,0000,200000,200000,1.0,boundary_analytic,1
233,0010,0000,200000,200000,1.0,boundary_analytic,1
233,0010,0011,200000,200000,1.0,boundary_analytic,1
233,0011,1011,200000,197661,0.988305,boundary_analytic,1
233,0011,0111,200000,41596,0.20798,boundary_analytic,1
233,1100,1110,200000,196625,0.983125,boundary_analytic,1
233,1100,1101,200000,199052,0.99526,boundary_analytic,1
233,1000,1010,200000,195957,0.979785,boundary_analytic,1
233,1000,1001,200000,173389,0.866945,boundary_analytic,1
234,1000,0000,200000,200000,1.0,boundary_analytic,1
234,0010,0000,200000,200000,1.0,boundary_analytic,1
234,0010,0011,200000,200000,1.0,boundary_analytic,1
234,0011,1011,200000,197661,0.988305,boundary_analytic,1
234,0011,0111,200000,173626,0.86813,boundary_analytic,1
234,1100,1110,200000,196625,0.983125,boundary_analytic,1
234,1100,1101,200000,182326,0.91163,boundary_analytic,1
234,1000,1010,200000,195957,0.979785,boundary_analytic,1
235,1000,0000,200000,200000,1.0,boundary_analytic,1
235,0010,0000,200000,200000,1.0,boundary_analytic,1
235,0010,0011,200000,200000,1.0,boundary_analytic,1
235,0011,1011,200000,180109,0.900545,boundary_analytic,1
235,0011,0111,200000,173626,0.86813,boundary_analytic,1
235,1100,1110,200000,196625,0.983125,boundary_analytic,1
235,1100,1101,200000,199052,0.99526,boundary_analytic,1
235,1000,1010,200000,195957,0.979785,boundary_analytic,1
235,1000,1001,200000,173389,0.866945,boundary_analytic,1
236,1000,0000,200000,200000,1.0,boundary_analytic,1
236,0010,0000,200000,200000,1.0,boundary_analytic,1
236,0010,0011,200000,200000,1.0,boundary_analytic,1
236,0011,1011,200000,197661,0.988305,boundary_analytic,1
236,0011,0111,200000,173626,0.86813,boundary_analytic,1
236,1100,1110,200000,196625,0.983125,boundary_analytic,1
236,1100,1101,200000,177644,0.88822,boundary_analytic,1
236,1000,1010,200000,195957,0.979785,boundary_analytic,1
236,1000,1001,200000,173389,0.866945,boundary_analytic,1
237,1000,0000,200000,200000,1.0,boundary_analytic,1
237,0010,0000,200000,200000,1.0,boundary_analytic,1
237,0010,0011,200000,200000,1.0,boundary_analytic,1
237,0011,1011,200000,197661,0.988305,boundary_analytic,1
237,0011,0111,200000,133241,0.666205,boundary_analytic,1
237,1100,1110,200000,196625,0.983125,boundary_analytic,1
237,1100,1101,200000,199052,0.99526,boundary_analytic,1
237,1000,1010,200000,195957,0.979785,boundary_analytic,1
237,1000,1001,200000,173389,0.866945,boundary_analytic,1
238,1000,0000,200000,200000,1.0,boundary_analytic,1
238,0010,0000,200000,200000,1.0,boundary_analytic,1
238,0010,0011,200000,200000,1.0,boundary_analytic,1
238,0011,1011,200000,197661,0.988305,boundary_analytic,1
238,0011,0111,200000,41596,0.20798,boundary_analytic,1
238,1100,1110,200000,199974,0.99987,boundary_analytic,1
238,1100,1101,200000,182326,0.91163,boundary_analytic,1
238,1000,1010,200000,195957,0.979785,boundary_analytic,1
239,1000,0000,200000,200000,1.0,boundary_analytic,1
239,0010,0000,200000,200000,1.0,boundary_analytic,1
239,0010,0011,200000,200000,1.0,boundary_analytic,1
239,0011,1011,200000,180109,0.900545,boundary_analytic,1
239,0011,0111,200000,41596,0.20798,boundary_analytic,1
239,1100,1110,200000,199974,0.99987,boundary_analytic,1
239,1100,1101,200000,199052,0.99526,boundary_analytic,1
239,1000,1010,200000,195957,0.979785,boundary_analytic,1
239,1000,1001,200000,173389,0.866945,boundary_analytic,1
240,1000,0000,200000,200000,1.0,boundary_analytic,1
240,0010,0000,200000,200000,1.0,boundary_analytic,1
240,0010,0011,200000,200000,1.0,boundary_analytic,1
240,0011,1011,200000,197661,0.988305,boundary_analytic,1
240,0011,0111,200000,41596,0.20798,boundary_analytic,1
240,1100,1110,200000,199974,0.99987,boundary_analytic,1
240,1100,1101,200000,177644,0.88822,boundary_analytic,1
240,1000,1010,200000,195957,0.979785,boundary_analytic,1
240,1000,1001,200000,173389,0.866945,boundary_analytic,1
241,1000,0000,200000,200000,1.0,boundary_analytic,1
241,0010,0000,200000,200000,1.0,boundary_analytic,1
241,0010,0011,200000,200000,1.0,boundary_analytic,1
241,0011,1011,200000,197661,0.988305,boundary_analytic,1
241,1100,1110,200000,199974,0.99987,boundary_analytic,1
241,1100,1101,200000,199052,0.99526,boundary_analytic,1
241,1000,1010,200000,195957,0.979785,boundary_analytic,1
241,1000,1001,200000,173389,0.866945,boundary_analytic,1
242,1000,0000,200000,200000,1.0,boundary_analytic,1
242,0010,0000,200000,200000,1.0,boundary_analytic,1
242,0010,0011,200000,200000,1.0,boundary_analytic,1
242,0011,1011,200000,180109,0.900545,boundary_analytic,1
242,0011,0111,200000,173626,0.86813,boundary_analytic,1
242,1100,1110,200000,199974,0.99987,boundary_analytic,1
242,1100,1101,200000,182326,0.91163,boundary_analytic,1
242,1000,1010,200000,195957,0.979785,boundary_analytic,1
243,1000,0000,200000,200000,1.0,boundary_analytic,1
243,0010,0000,200000,200000,1.0,boundary_analytic,1
243,0010,0011,200000,200000,1.0,boundary_analytic,1
243,0011,1011,200000,197661,0.988305,boundary_analytic,1
243,0011,0111,200000,173626,0.86813,boundary_analytic,1
243,1100,1110,200000,199974,0.99987,boundary_analytic,1
243,1000,1010,200000,195957,0.979785,boundary_analytic,1
244,1000,0000,200000,200000,1.0,boundary_analytic,1
244,0010,0000,200000,200000,1.0,boundary_analytic,1
244,0010,0011,200000,200000,1.0,boundary_analytic,1
244,0011,1011,200000,197661,0.988305,boundary_analytic,1
244,0011,0111,200000,133241,0.666205,boundary_analytic,1
244,1100,1110,200000,199974,0.99987,boundary_analytic,1
244,1100,1101,200000,182326,0.91163,boundary_analytic,1
244,1000,1010,200000,195957,0.979785,boundary_analytic,1
245,1000,0000,200000,200000,1.0,boundary_analytic,1
245,0010,0000,200000,200000,1.0,boundary_analytic,1
245,0010,0011,200000,200000,1.0,boundary_analytic,1
245,0011,1011,200000,180109,0.900545,boundary_analytic,1
245,0011,0111,200000,173626,0.86813,boundary_analytic,1
245,1100,1110,200000,199974,0.99987,boundary_analytic,1
245,1100,1101,200000,177644,0.88822,boundary_analytic,1
245,1000,1010,200000,195957,0.979785,boundary_analytic,1
245,1000,1001,200000,173389,0.866945,boundary_analytic,1
246,1000,0000,200000,200000,1.0,boundary_analytic,1
246,0010,0000,200000,200000,1.0,boundary_analytic,1
246,0010,0011,200000,200000,1.0,boundary_analytic,1
246,0011,1011,200000,180109,0.900545,boundary_analytic,1
246,0011,0111,200000,133241,0.666205,boundary_analytic,1
246,1100,1110,200000,199974,0.99987,boundary_analytic,1
246,1100,1101,200000,199052,0.99526,boundary_analytic,1
246,1000,1010,200000,195957,0.979785,boundary_analytic,1
246,1000,1001,200000,173389,0.866945,boundary_analytic,1
247,1000,0000,200000,200000,1.0,boundary_analytic,1
247,0010,0000,200000,200000,1.0,boundary_analytic,1
247,0010,0011,200000,200000,1.0,boundary_analytic,1
247,0011,1011,200000,197661,0.988305,boundary_analytic,1
247,0011,0111,200000,133241,0.666205,boundary_analytic,1
247,1100,1110,200000,199974,0.99987,boundary_analytic,1
247,1100,1101,200000,177644,0.88822,boundary_analytic,1
247,1000,1010,200000,195957,0.979785,boundary_analytic,1
247,1000,1001,200000,173389,0.866945,boundary_analytic,1
248,1000,0000,200000,200000,1.0,boundary_analytic,1
248,0010,0000,200000,200000,1.0,boundary_analytic,1
248,0010,0011,200000,200000,1.0,boundary_analytic,1
248,0011,1011,200000,197661,0.988305,boundary_analytic,1
248,0011,0111,200000,173626,0.86813,boundary_analytic,1
248,1100,1110,200000,197361,0.986805,boundary_analytic,1
248,1100,1101,200000,199052,0.99526,boundary_analytic,1
248,1000,1001,200000,173389,0.866945,boundary_analytic,1
249,1000,0000,200000,200000,1.0,boundary_analytic,1
249,0010,0000,200000,200000,1.0,boundary_analytic,1
249,0010,0011,200000,200000,1.0,boundary_analytic,1
249,0011,1011,200000,152479,0.762395,boundary_analytic,1
249,0011,0111,200000,173626,0.86813,boundary_analytic,1
249,1100,1110,200000,199974,0.99987,boundary_analytic,1
249,1100,1101,200000,199052,0.99526,boundary_analytic,1
249,1000,1010,200000,195957,0.979785,boundary_analytic,1
249,1000,1001,200000,173389,0.866945,boundary_analytic,1
250,1000,0000,200000,200000,1.0,boundary_analytic,1
250,0010,0000,200000,200000,1.0,boundary_analytic,1
250,0010,0011,200000,200000,1.0,boundary_analytic,1
250,0011,1011,200000,197661,0.988305,boundary_analytic,1
250,0011,0111,200000,173626,0.86813,boundary_analytic,1
250,1100,1110,200000,196625,0.983125,boundary_analytic,1
250,1100,1101,200000,199052,0.99526,boundary_analytic,1
250,1000,1010,200000,195957,0.979785,boundary_analytic,1
250,1000,1001,200000,173389,0.866945,boundary_analytic,1
251,1000,0000,200000,200000,1.0,boundary_analytic,1
251,0010,0000,200000,200000,1.0,boundary_analytic,1
251,0010,0011,200000,200000,1.0,boundary_analytic,1
251,0011,1011,200000,197661,0.988305,boundary_analytic,1
251,0011,0111,200000,41596,0.20798,boundary_analytic,1
251,1100,1110,200000,199974,0.99987,boundary_analytic,1
251,1100,1101,200000,199052,0.99526,boundary_analytic,1
251,1000,1010,200000,195957,0.979785,boundary_analytic,1
251,1000,1001,200000,173389,0.866945,boundary_analytic,1
252,1000,0000,200000,200000,1.0,boundary_analytic,1
252,0010,0000,200000,200000,1.0,boundary_analytic,1
252,0010,0011,200000,200000,1.0,boundary_analytic,1
252,0011,1011,200000,197661,0.988305,boundary_analytic,1
252,0011,0111,200000,173626,0.86813,boundary_analytic,1
252,1100,1110,200000,199974,0.99987,boundary_analytic,1
252,1100,1101,200000,182326,0.91163,boundary_analytic,1
252,1000,1010,200000,195957,0.979785,boundary_analytic,1
253,1000,0000,200000,200000,1.0,boundary_analytic,1
253,0010,0000,200000,200000,1.0,boundary_analytic,1
253,0010,0011,200000,200000,1.0,boundary_analytic,1
253,0011,1011,200000,180109,0.900545,boundary_analytic,1
253,0011,0111,200000,173626,0.86813,boundary_analytic,1
253,1100,1110,200000,199974,0.99987,boundary_analytic,1
253,1100,1101,200000,199052,0.99526,boundary_analytic,1
253,1000,1010,200000,195957,0.979785,boundary_analytic,1
253,1000,1001,200000,173389,0.866945,boundary_analytic,1
254,1000,0000,200000,200000,1.0,boundary_analytic,1
254,0010,0000,200000,200000,1.0,boundary_analytic,1
254,0010,0011,200000,200000,1.0,boundary_analytic,1
254,0011,1011,200000,197661,0.988305,boundary_analytic,1
254,0011,0111,200000,173626,0.86813,boundary_analytic,1
254,1100,1110,200000,199974,0.99987,boundary_analytic,1
254,1100,1101,200000,177644,0.88822,boundary_analytic,1
254,1000,1010,200000,195957,0.979785,boundary_analytic,1
254,1000,1001,200000,173389,0.866945,boundary_analytic,1
255,1000,0000,200000,200000,1.0,boundary_analytic,1
255,0010,0000,200000,200000,1.0,boundary_analytic,1
255,0010,0011,200000,200000,1.0,boundary_analytic,1
255,0011,1011,200000,197661,0.988305,boundary_analytic,1
255,0011,0111,200000,133241,0.666205,boundary_analytic,1
255,1100,1110,200000,199974,0.99987,boundary_analytic,1
255,1100,1101,200000,199052,0.99526,boundary_analytic,1
255,1000,1010,200000,195957,0.979785,boundary_analytic,1
255,1000,1001,200000,173389,0.866945,boundary_analytic,1
256,1000,0000,200000,200000,1.0,boundary_analytic,1
256,0010,0000,200000,200000,1.0,boundary_analytic,1
256,0010,0011,200000,200000,1.0,boundary_analytic,1
256,0011,1011,200000,197661,0.988305,boundary_analytic,1
256,0011,0111,200000,173626,0.86813,boundary_analytic,1
256,1100,1110,200000,199974,0.99987,boundary_analytic,1
256,1100,1101,200000,199052,0.99526,boundary_analytic,1
256,1000,1010,200000,195957,0.979785,boundary_analytic,1
256,1000,1001,200000,173389,0.866945,boundary_analytic,1
