"circuit_index","phenotype_pattern","count"
1,"0000|0011|1000|1011|1100|1111",10000
2,"0000|0011|1000|1100|1111",9829
2,"0000|0011|1000|1011|1100|1111",171
3,"0000|0011|1000|1011|1101|1111",2645
3,"0000|0011|1000|1011|1100|1111",2225
3,"0000|0011|1000|1011|1101",5130
4,"0000|0011|1000|1100|1111",5268
4,"0000|1000|1100|1111",4083
4,"0000|0011|1000|1011|1100|1111",649
5,"0000|0011|1000|1011|1100|1111",2722
5,"0000|0011|1001|1101",2691
5,"0000|0011|1001|1011|1101|1111",2890
5,"0000|0011|1001|1011|1101",1165
5,"0000|0011|1000|1011|1101|1111",532
6,"0000|0011|1000|1100|1111",8196
6,"0000|1000|1100|1111",1712
6,"0000|0011|1000|1011|1100|1111",92
7,"0000|0011|1000|1011|1111",9636
7,"0000|0011|1000|1011|1100|1111",364
8,"0000|0011|1000|1011|1100|1111",266
8,"0000|1000|1100|1111",7547
8,"0000|0011|1000|1100|1111",2187
9,"0000|0011|1011|1111",9506
9,"0000|0011|1000|1011|1100|1111",406
9,"0000|0011|1000|1011|1111",88
10,"0000|0011|1000|1101",5250
10,"0000|0011|1000|1101|1111",2383
10,"0000|0011|1000|1100|1111",2164
10,"0000|0011|1000|1011|1101",100
10,"0000|0011|1000|1011|1100|1111",57
10,"0000|0011|1000|1011|1101|1111",46
11,"0000|0011|1000|1100|1111",5933
11,"0000|1000|1100|1111",4059
11,"0000|0011|1000|1011|1100|1111",8
12,"0000|0011|1000|1100|1111",1162
12,"0000|0011|1000|1101|1111",1445
12,"0000|1000|1101|1111",1111
12,"0000|1000|1101",2116
12,"0000|1000|1100|1111",885
12,"0000|0011|1000|1101",2652
12,"0000|0011|1000|1011|1101|1111",195
12,"0000|0011|1000|1011|1101",290
12,"0000|0011|1000|1011|1100|1111",144
13,"0000|0011|1101|1111",2479
13,"0000|0011|1101",3767
13,"0000|0011|1000|1100|1111",2781
13,"0000|0011|1000|1101|1111",523
13,"0000|0011|1001|1101|1111",288
13,"0000|0011|1000|1011|1101|1111",6
13,"0000|0011|1001|1101",44
13,"0000|0011|1000|1011|1100|1111",52
13,"0000|0011|1001|1011|1101|1111",40
13,"0000|0011|1001|1011|1101",20
14,"0000|0011|1001|1011|1101",3734
14,"0000|0011|1000|1011|1101",2179
14,"0000|0011|1001|1101",2514
14,"0000|0011|1000|1011|1100|1111",303
14,"0000|0011|1000|1011|1101|1111",923
14,"0000|0011|1001|1011|1101|1111",347
15,"0000|1101",1543
15,"0000|0011|1000|1100|1111",1504
15,"0000|0011|1000|1101|1111",290
15,"0000|1000|1100|1111",1140
15,"0000|0011|1001|1011|1101|1111",129
15,"0000|0011|1101",2041
15,"0000|1101|1111",1042
15,"0000|0011|1001|1101",214
15,"0000|0011|1101|1111",989
15,"0000|0011|1001|1011|1101",56
15,"0000|0011|1001|1101|1111",561
15,"0000|1000|1101|1111",202
15,"0000|1001|1101|1111",101
15,"0000|0011|1000|1011|1100|1111",157
15,"0000|0011|1000|1011|1101|1111",31
16,"0000|1000|1100|1111",3731
16,"0000|0011|1000|1100|1111",6269
17,"0000|1000|1101",941
17,"0000|0011|1000|1101",4321
17,"0000|0011|1000|1101|1111",2094
17,"0000|1000|1100|1111",392
17,"0000|0011|1000|1100|1111",1787
17,"0000|1000|1101|1111",401
17,"0000|0011|1000|1011|1101",35
17,"0000|0011|1000|1011|1100|1111",10
17,"0000|0011|1000|1011|1101|1111",19
18,"0000|1000|1100|1111",5002
18,"0000|0011|1000|1100|1111",4996
18,"0000|0011|1000|1011|1100|1111",2
19,"0000|0011|1000|1100|1111",2314
19,"0000|0011|1001|1101",3141
19,"0000|1000|1100|1111",486
19,"0000|0011|1001|1101|1111",2299
19,"0000|0011|1000|1101|1111",443
19,"0000|1001|1101|1111",514
19,"0000|1001|1101",660
19,"0000|1000|1101|1111",70
19,"0000|0011|1000|1011|1100|1111",29
19,"0000|0011|1001|1011|1101|1111",29
19,"0000|0011|1001|1011|1101",13
19,"0000|0011|1000|1011|1101|1111",2
20,"0000|0011|1000|1111",9502
20,"0000|0011|1000|1100|1111",315
20,"0000|0011|1000|1011|1111",175
20,"0000|0011|1000|1011|1100|1111",8
21,"0000|0011|1000|1011|1111",8973
21,"0000|0011|1000|1011|1101|1111",740
21,"0000|0011|1000|1011|1100|1111",79
21,"0000|0011|1000|1011|1101",208
22,"0000|0011|1000|1100|1111",187
22,"0000|1000|1111",3865
22,"0000|0011|1000|1111",5126
22,"0000|0011|1000|1011|1111",640
22,"0000|1000|1100|1111",167
22,"0000|0011|1000|1011|1100|1111",15
23,"0000|0011|1000|1011|1111",3307
23,"0000|0011|1001|1111",2175
23,"0000|0011|1001|1011|1111",3617
23,"0000|0011|1001|1101|1111",291
23,"0000|0011|1001|1011|1101|1111",387
23,"0000|0011|1001|1101",117
23,"0000|0011|1000|1011|1100|1111",79
23,"0000|0011|1000|1011|1101|1111",15
23,"0000|0011|1001|1011|1101",12
24,"0000|0011|1000|1111",7977
24,"0000|0011|1000|1100|1111",291
24,"0000|1000|1100|1111",64
24,"0000|1000|1111",1598
24,"0000|0011|1000|1011|1111",62
24,"0000|0011|1000|1011|1100|1111",8
25,"0000|0011|1000|1100|1111",2545
25,"0000|1000|1100|1111",7453
25,"0000|0011|1000|1011|1100|1111",2
26,"0000|1000|1101",3751
26,"0000|1000|1101|1111",2055
26,"0000|1000|1100|1111",1700
26,"0000|0011|1000|1101",1103
26,"0000|0011|1000|1101|1111",631
26,"0000|0011|1000|1100|1111",504
26,"0000|0011|1000|1011|1101",132
26,"0000|0011|1000|1011|1101|1111",71
26,"0000|0011|1000|1011|1100|1111",53
27,"0000|1000|1100|1111",9260
27,"0000|0011|1000|1100|1111",731
27,"0000|0011|1000|1011|1100|1111",9
28,"0000|0011|1001|1101",934
28,"0000|1001|1101",2904
28,"0000|1001|1101|1111",2101
28,"0000|1000|1100|1111",2076
28,"0000|0011|1001|1101|1111",651
28,"0000|0011|1000|1100|1111",608
28,"0000|1000|1101|1111",378
28,"0000|0011|1000|1011|1100|1111",72
28,"0000|0011|1000|1101|1111",134
28,"0000|0011|1000|1011|1101|1111",13
28,"0000|0011|1001|1011|1101",46
28,"0000|0011|1001|1011|1101|1111",83
29,"0000|1000|1100|1111",7959
29,"0000|0011|1000|1100|1111",2041
30,"0000|0011|1000|1111",2124
30,"0000|1000|1111",7288
30,"0000|0011|1000|1011|1111",248
30,"0000|1000|1100|1111",244
30,"0000|0011|1000|1100|1111",83
30,"0000|0011|1000|1011|1100|1111",13
31,"0000|0011|1111",9350
31,"0000|0011|1000|1100|1111",416
31,"0000|0011|1000|1111",88
31,"0000|0011|1011|1111",142
31,"0000|0011|1000|1011|1100|1111",4
32,"0000|0011|1011|1111",8550
32,"0000|0011|1000|1011|1111",16
32,"0000|0011|1011|1101|1111",839
32,"0000|0011|1000|1011|1101",221
32,"0000|0011|1000|1011|1101|1111",165
32,"0000|0011|1000|1011|1100|1111",117
32,"0000|0011|1011|1101",92
33,"0000|0011|1111",5104
33,"0000|1111",3814
33,"0000|0011|1011|1111",541
33,"0000|1000|1100|1111",185
33,"0000|0011|1000|1111",49
33,"0000|1000|1111",31
33,"0000|0011|1000|1100|1111",241
33,"0000|0011|1000|1011|1111",7
33,"0000|0011|1000|1011|1100|1111",28
34,"0000|0011|1011|1111",8781
34,"0000|0011|1000|1011|1101|1111",24
34,"0000|0011|1001|1011|1101|1111",870
34,"0000|0011|1000|1011|1100|1111",110
34,"0000|0011|1001|1011|1101",84
34,"0000|0011|1000|1011|1111",26
34,"0000|0011|1011|1101|1111",17
34,"0000|0011|1001|1011|1111",21
34,"0000|0011|1001|1101",67
35,"0000|0011|1111",7828
35,"0000|1111",1605
35,"0000|0011|1000|1100|1111",361
35,"0000|1000|1111",12
35,"0000|0011|1000|1111",72
35,"0000|0011|1011|1111",53
35,"0000|1000|1100|1111",65
35,"0000|0011|1000|1011|1100|1111",4
36,"0000|0011|1011|1111",9488
36,"0000|0011|1000|1011|1111",508
36,"0000|0011|1000|1011|1100|1111",4
37,"0000|1111",7058
37,"0000|0011|1011|1111",255
37,"0000|1000|1100|1111",328
37,"0000|0011|1111",2172
37,"0000|0011|1000|1100|1111",91
37,"0000|1000|1111",69
37,"0000|0011|1000|1111",17
37,"0000|0011|1000|1011|1100|1111",8
37,"0000|0011|1000|1011|1111",2
38,"0000|0011|1000|1101",3150
38,"0000|1000|1101|1111",1022
38,"0000|1000|1101",2153
38,"0000|1000|1100|1111",868
38,"0000|0011|1000|1100|1111",1342
38,"0000|0011|1000|1101|1111",1458
38,"0000|0011|1000|1011|1101",3
38,"0000|0011|1000|1011|1100|1111",2
38,"0000|0011|1000|1011|1101|1111",2
39,"0000|0011|1000|1101|1111",821
39,"0000|0011|1101",6118
39,"0000|0011|1000|1101",2076
39,"0000|0011|1101|1111",251
39,"0000|0011|1001|1101",286
39,"0000|0011|1000|1100|1111",295
39,"0000|0011|1001|1011|1101",50
39,"0000|0011|1001|1101|1111",50
39,"0000|0011|1000|1011|1101",25
39,"0000|0011|1001|1011|1101|1111",4
39,"0000|0011|1000|1011|1101|1111",17
39,"0000|0011|1000|1011|1100|1111",7
40,"0000|1001|1101|1111",37
40,"0000|1101",1563
40,"0000|0011|1101",2282
40,"0000|0011|1000|1100|1111",1711
40,"0000|1000|1100|1111",1126
40,"0000|0011|1101|1111",1565
40,"0000|1000|1101|1111",196
40,"0000|0011|1001|1101|1111",107
40,"0000|1101|1111",1093
40,"0000|0011|1000|1101|1111",312
40,"0000|0011|1001|1101",6
40,"0000|0011|1000|1011|1100|1111",1
40,"0000|0011|1001|1011|1101",1
41,"0000|0011|1000|1011|1101|1111",56
41,"0000|0011|1000|1101|1111",442
41,"0000|0011|1001|1101",719
41,"0000|0011|1101",2853
41,"0000|1001|1101",95
41,"0000|1000|1101",875
41,"0000|0011|1000|1101",1115
41,"0000|0011|1000|1011|1100|1111",19
41,"0000|0011|1000|1100|1111",177
41,"0000|1101",2550
41,"0000|0011|1001|1011|1101",176
41,"0000|0011|1000|1011|1101",126
41,"0000|1000|1101|1111",362
41,"0000|1101|1111",113
41,"0000|0011|1001|1101|1111",89
41,"0000|1000|1100|1111",113
41,"0000|0011|1001|1011|1101|1111",18
41,"0000|0011|1101|1111",81
41,"0000|1001|1101|1111",21
42,"0000|0011|1000|1101|1111",1519
42,"0000|0011|1000|1101",3322
42,"0000|0011|1000|1100|1111",1361
42,"0000|1000|1101|1111",789
42,"0000|1000|1101",2149
42,"0000|1000|1100|1111",859
42,"0000|0011|1000|1011|1101",1
43,"0000|1000|1100|1111",6310
43,"0000|0011|1000|1100|1111",3690
44,"0000|1000|1100|1111",1091
44,"0000|0011|1000|1100|1111",1067
44,"0000|1000|1101",2643
44,"0000|0011|1000|1101",2655
44,"0000|0011|1000|1101|1111",1242
44,"0000|1000|1101|1111",1299
44,"0000|0011|1000|1011|1101",3
45,"0000|0011|1101|1111",1517
45,"0000|1101|1111",1010
45,"0000|1000|1100|1111",1071
45,"0000|0011|1101",2306
45,"0000|0011|1000|1100|1111",1730
45,"0000|1101",1435
45,"0000|0011|1001|1101|1111",253
45,"0000|1000|1101|1111",185
45,"0000|0011|1001|1101",77
45,"0000|0011|1000|1101|1111",321
45,"0000|1001|1101|1111",82
45,"0000|1001|1101",12
45,"0000|0011|1000|1011|1100|1111",1
46,"0000|0011|1001|1101",5133
46,"0000|0011|1001|1101|1111",264
46,"0000|1001|1101",1090
46,"0000|0011|1000|1100|1111",273
46,"0000|1001|1101|1111",50
46,"0000|0011|1000|1101",1803
46,"0000|0011|1000|1101|1111",699
46,"0000|1000|1101",412
46,"0000|1000|1101|1111",151
46,"0000|0011|1000|1011|1100|1111",4
46,"0000|0011|1001|1011|1101",40
46,"0000|0011|1000|1011|1101",29
46,"0000|1000|1100|1111",48
46,"0000|0011|1000|1011|1101|1111",2
46,"0000|0011|1001|1011|1101|1111",2
47,"0000|0011|1000|1101|1111",272
47,"0000|0011|1101",1674
47,"0000|0011|1000|1100|1111",1373
47,"0000|1101",1895
47,"0000|0011|1101|1111",835
47,"0000|1101|1111",1229
47,"0000|1001|1101|1111",233
47,"0000|1000|1100|1111",1382
47,"0000|0011|1001|1101|1111",591
47,"0000|1001|1101",51
47,"0000|0011|1001|1101",231
47,"0000|1000|1101|1111",231
47,"0000|0011|1001|1011|1101|1111",1
47,"0000|0011|1000|1011|1100|1111",1
47,"0000|0011|1001|1011|1101",1
48,"0000|0011|1000|1011|1111",196
48,"0000|0011|1000|1111",8673
48,"0000|0011|1000|1100|1111",71
48,"0000|0011|1000|1101|1111",792
48,"0000|0011|1000|1101",249
48,"0000|0011|1000|1011|1101|1111",14
48,"0000|0011|1000|1011|1101",4
48,"0000|0011|1000|1011|1100|1111",1
49,"0000|0011|1000|1111",5673
49,"0000|1000|1111",3972
49,"0000|0011|1000|1100|1111",198
49,"0000|1000|1100|1111",153
49,"0000|0011|1000|1011|1111",4
50,"0000|0011|1000|1111",4673
50,"0000|1000|1111",3633
50,"0000|0011|1000|1011|1111",575
50,"0000|1000|1101|1111",329
50,"0000|0011|1000|1101|1111",435
50,"0000|0011|1000|1011|1101|1111",45
50,"0000|0011|1000|1101",120
50,"0000|1000|1100|1111",35
50,"0000|0011|1000|1100|1111",37
50,"0000|1000|1101",97
50,"0000|0011|1000|1011|1101",17
50,"0000|0011|1000|1011|1100|1111",4
51,"0000|0011|1111",5532
51,"0000|0011|1000|1111",3156
51,"0000|0011|1101|1111",656
51,"0000|0011|1000|1100|1111",85
51,"0000|0011|1001|1111",306
51,"0000|0011|1101",109
51,"0000|0011|1000|1101|1111",18
51,"0000|0011|1001|1101|1111",24
51,"0000|0011|1001|1011|1111",56
51,"0000|0011|1000|1011|1111",50
51,"0000|0011|1000|1011|1100|1111",1
51,"0000|0011|1001|1011|1101|1111",5
51,"0000|0011|1001|1101",1
51,"0000|0011|1000|1011|1101|1111",1
52,"0000|0011|1001|1011|1111",3307
52,"0000|0011|1001|1011|1101|1111",427
52,"0000|0011|1001|1101|1111",294
52,"0000|0011|1001|1111",2052
52,"0000|0011|1000|1011|1111",2923
52,"0000|0011|1001|1101",269
52,"0000|0011|1001|1011|1101",272
52,"0000|0011|1000|1011|1101|1111",325
52,"0000|0011|1000|1011|1101",120
52,"0000|0011|1000|1011|1100|1111",11
53,"0000|0011|1000|1111",1692
53,"0000|1111",2314
53,"0000|1101|1111",268
53,"0000|0011|1111",2646
53,"0000|1000|1111",1313
53,"0000|0011|1101",64
53,"0000|0011|1101|1111",329
53,"0000|1001|1111",93
53,"0000|0011|1000|1100|1111",61
53,"0000|1000|1100|1111",40
53,"0000|0011|1001|1111",674
53,"0000|0011|1001|1011|1111",156
53,"0000|0011|1001|1101|1111",65
53,"0000|0011|1000|1011|1111",184
53,"0000|0011|1001|1101",9
53,"0000|0011|1000|1011|1100|1111",6
53,"0000|0011|1001|1011|1101|1111",12
53,"0000|0011|1000|1101|1111",8
53,"0000|1000|1101|1111",14
53,"0000|1101",41
53,"0000|0011|1000|1011|1101|1111",2
53,"0000|1001|1101|1111",9
54,"0000|0011|1000|1111",6005
54,"0000|0011|1000|1100|1111",210
54,"0000|1000|1111",3639
54,"0000|1000|1100|1111",146
55,"0000|0011|1000|1111",7256
55,"0000|1000|1101|1111",139
55,"0000|0011|1000|1101|1111",656
55,"0000|1000|1111",1549
55,"0000|0011|1000|1100|1111",76
55,"0000|0011|1000|1101",190
55,"0000|1000|1101",54
55,"0000|0011|1000|1011|1111",69
55,"0000|1000|1100|1111",6
55,"0000|0011|1000|1011|1101|1111",4
55,"0000|0011|1000|1011|1101",1
56,"0000|0011|1000|1111",4816
56,"0000|1000|1111",4842
56,"0000|1000|1100|1111",168
56,"0000|0011|1000|1100|1111",169
56,"0000|0011|1000|1011|1111",5
57,"0000|0011|1001|1111",4853
57,"0000|0011|1000|1111",2644
57,"0000|1000|1111",569
57,"0000|1001|1111",964
57,"0000|0011|1001|1101|1111",562
57,"0000|1001|1101|1111",98
57,"0000|0011|1001|1101",93
57,"0000|1000|1100|1111",16
57,"0000|1000|1101|1111",5
57,"0000|1001|1101",17
57,"0000|0011|1000|1100|1111",82
57,"0000|0011|1001|1011|1111",48
57,"0000|0011|1000|1101|1111",22
57,"0000|0011|1000|1011|1111",22
57,"0000|0011|1000|1011|1101|1111",1
57,"0000|0011|1001|1011|1101|1111",2
57,"0000|0011|1000|1011|1100|1111",2
58,"0000|0011|1000|1101",1333
58,"0000|1000|1101",3988
58,"0000|1000|1101|1111",1851
58,"0000|1000|1100|1111",1687
58,"0000|0011|1000|1101|1111",594
58,"0000|0011|1000|1100|1111",547
59,"0000|1000|1100|1111",9254
59,"0000|0011|1000|1100|1111",745
59,"0000|0011|1000|1011|1100|1111",1
60,"0000|1000|1100|1111",2048
60,"0000|1000|1101",4681
60,"0000|1000|1101|1111",2558
60,"0000|0011|1000|1100|1111",176
60,"0000|0011|1000|1101",355
60,"0000|0011|1000|1101|1111",172
60,"0000|0011|1000|1011|1100|1111",6
60,"0000|0011|1000|1011|1101|1111",2
60,"0000|0011|1000|1011|1101",2
61,"0000|1101",2889
61,"0000|1101|1111",1887
61,"0000|1000|1100|1111",2113
61,"0000|0011|1101",917
61,"0000|1000|1101|1111",386
61,"0000|1001|1101|1111",211
61,"0000|0011|1101|1111",655
61,"0000|0011|1000|1100|1111",660
61,"0000|1001|1101",49
61,"0000|0011|1000|1101|1111",122
61,"0000|0011|1001|1101|1111",87
61,"0000|0011|1001|1101",23
61,"0000|0011|1000|1011|1100|1111",1
62,"0000|0011|1001|1101",1475
62,"0000|1001|1101",4745
62,"0000|0011|1000|1011|1101",62
62,"0000|1000|1101",1604
62,"0000|0011|1000|1101",480
62,"0000|1000|1101|1111",651
62,"0000|1001|1101|1111",230
62,"0000|0011|1000|1101|1111",183
62,"0000|0011|1000|1100|1111",72
62,"0000|0011|1001|1011|1101",130
62,"0000|1000|1100|1111",253
62,"0000|0011|1001|1101|1111",70
62,"0000|0011|1000|1011|1101|1111",26
62,"0000|0011|1001|1011|1101|1111",10
62,"0000|0011|1000|1011|1100|1111",9
63,"0000|1101",3387
63,"0000|1000|1101|1111",513
63,"0000|1000|1100|1111",2583
63,"0000|1101|1111",1906
63,"0000|1001|1101|1111",687
63,"0000|0011|1101",224
63,"0000|0011|1000|1100|1111",220
63,"0000|0011|1000|1101|1111",36
63,"0000|0011|1101|1111",86
63,"0000|0011|1001|1101|1111",105
63,"0000|1001|1101",185
63,"0000|0011|1001|1101",63
63,"0000|0011|1001|1011|1101",1
63,"0000|0011|1000|1011|1101|1111",1
63,"0000|0011|1000|1011|1100|1111",1
63,"0000|0011|1001|1011|1101|1111",2
64,"0000|1000|1100|1111",8383
64,"0000|0011|1000|1100|1111",1617
65,"0000|1000|1101|1111",1959
65,"0000|1000|1101",4184
65,"0000|1000|1100|1111",1738
65,"0000|0011|1000|1101",1105
65,"0000|0011|1000|1100|1111",476
65,"0000|0011|1000|1101|1111",536
65,"0000|0011|1000|1011|1101",2
66,"0000|1000|1100|1111",9391
66,"0000|0011|1000|1100|1111",609
67,"0000|0011|1001|1101",762
67,"0000|1001|1101",3045
67,"0000|1000|1100|1111",2218
67,"0000|1000|1101|1111",437
67,"0000|0011|1000|1100|1111",583
67,"0000|1001|1101|1111",2257
67,"0000|0011|1001|1101|1111",583
67,"0000|0011|1000|1101|1111",115
68,"0000|0011|1000|1111",2412
68,"0000|1000|1111",7264
68,"0000|1000|1100|1111",239
68,"0000|0011|1000|1100|1111",84
68,"0000|0011|1000|1011|1111",1
69,"0000|1000|1111",6699
69,"0000|1000|1101|1111",572
69,"0000|1000|1101",171
69,"0000|0011|1000|1111",1970
69,"0000|0011|1000|1101|1111",199
69,"0000|0011|1000|1011|1101|1111",22
69,"0000|0011|1000|1011|1100|1111",4
69,"0000|0011|1000|1011|1111",229
69,"0000|0011|1000|1101",55
69,"0000|1000|1100|1111",62
69,"0000|0011|1000|1100|1111",11
69,"0000|0011|1000|1011|1101",6
70,"0000|1000|1111",8909
70,"0000|0011|1000|1111",722
70,"0000|1000|1100|1111",327
70,"0000|0011|1000|1100|1111",34
70,"0000|0011|1000|1011|1111",8
71,"0000|0011|1000|1111",699
71,"0000|1001|1111",4433
71,"0000|0011|1001|1111",1316
71,"0000|1000|1111",2454
71,"0000|1001|1101",83
71,"0000|1000|1100|1111",71
71,"0000|0011|1001|1101|1111",140
71,"0000|0011|1001|1011|1111",124
71,"0000|1001|1101|1111",503
71,"0000|0011|1000|1011|1111",94
71,"0000|0011|1000|1100|1111",20
71,"0000|0011|1001|1101",25
71,"0000|0011|1001|1011|1101|1111",9
71,"0000|1000|1101|1111",20
71,"0000|0011|1000|1101|1111",5
71,"0000|0011|1000|1011|1101|1111",1
71,"0000|0011|1000|1011|1100|1111",3
72,"0000|1000|1111",7754
72,"0000|0011|1000|1111",1902
72,"0000|1000|1100|1111",267
72,"0000|0011|1000|1100|1111",75
72,"0000|0011|1000|1011|1111",2
73,"0000|0011|1111",8438
73,"0000|0011|1101|1111",817
73,"0000|0011|1101",111
73,"0000|0011|1000|1100|1111",84
73,"0000|0011|1000|1101|1111",182
73,"0000|0011|1000|1101",201
73,"0000|0011|1011|1111",137
73,"0000|0011|1000|1011|1101|1111",4
73,"0000|0011|1000|1111",14
73,"0000|0011|1011|1101|1111",10
73,"0000|0011|1000|1011|1101",2
74,"0000|1111",3819
74,"0000|0011|1000|1100|1111",265
74,"0000|0011|1111",5618
74,"0000|0011|1000|1111",62
74,"0000|0011|1000|1011|1100|1111",4
74,"0000|1000|1100|1111",185
74,"0000|0011|1011|1111",5
74,"0000|1000|1111",42
75,"0000|0011|1111",4576
75,"0000|1111",3484
75,"0000|1101|1111",326
75,"0000|0011|1101|1111",502
75,"0000|0011|1000|1101",119
75,"0000|1101",23
75,"0000|0011|1011|1111",477
75,"0000|1000|1101",73
75,"0000|1000|1101|1111",60
75,"0000|0011|1000|1111",10
75,"0000|0011|1000|1100|1111",60
75,"0000|1000|1100|1111",46
75,"0000|0011|1101",44
75,"0000|0011|1000|1011|1101|1111",19
75,"0000|0011|1011|1101|1111",49
75,"0000|0011|1000|1101|1111",95
75,"0000|0011|1000|1011|1101",16
75,"0000|0011|1000|1011|1100|1111",6
75,"0000|0011|1011|1101",3
75,"0000|1000|1111",10
75,"0000|0011|1000|1011|1111",2
76,"0000|0011|1111",8683
76,"0000|0011|1101|1111",854
76,"0000|0011|1011|1111",94
76,"0000|0011|1000|1100|1111",125
76,"0000|0011|1101",143
76,"0000|0011|1000|1101|1111",29
76,"0000|0011|1000|1111",31
76,"0000|0011|1001|1101|1111",25
76,"0000|0011|1001|1011|1101|1111",10
76,"0000|0011|1001|1101",2
76,"0000|0011|1001|1011|1101",1
76,"0000|0011|1000|1011|1100|1111",2
76,"0000|0011|1001|1111",1
77,"0000|0011|1001|1101",80
77,"0000|0011|1011|1111",7824
77,"0000|0011|1011|1101|1111",911
77,"0000|0011|1001|1011|1101",548
77,"0000|0011|1011|1101",75
77,"0000|0011|1001|1011|1101|1111",371
77,"0000|0011|1000|1011|1101",107
77,"0000|0011|1000|1011|1100|1111",16
77,"0000|0011|1000|1011|1101|1111",66
77,"0000|0011|1000|1011|1111",2
78,"0000|0011|1111",4893
78,"0000|1111",3588
78,"0000|0011|1101|1111",446
78,"0000|0011|1011|1111",370
78,"0000|1101|1111",290
78,"0000|1101",63
78,"0000|0011|1101",77
78,"0000|0011|1001|1011|1101",4
78,"0000|0011|1001|1011|1101|1111",37
78,"0000|0011|1001|1101|1111",53
78,"0000|0011|1000|1100|1111",68
78,"0000|1001|1101|1111",7
78,"0000|0011|1000|1111",11
78,"0000|0011|1000|1101|1111",12
78,"0000|1000|1100|1111",45
78,"0000|0011|1001|1101",9
78,"0000|1000|1101|1111",8
78,"0000|1000|1111",11
78,"0000|0011|1000|1011|1100|1111",4
78,"0000|0011|1000|1011|1101|1111",2
78,"0000|0011|1011|1101|1111",1
78,"0000|0011|1000|1011|1111",1
79,"0000|1111",3633
79,"0000|0011|1111",5847
79,"0000|0011|1000|1100|1111",266
79,"0000|0011|1000|1111",55
79,"0000|1000|1111",26
79,"0000|1000|1100|1111",171
79,"0000|0011|1011|1111",2
80,"0000|0011|1111",7106
80,"0000|0011|1011|1111",63
80,"0000|0011|1101|1111",673
80,"0000|1000|1100|1111",14
80,"0000|1111",1435
80,"0000|0011|1000|1101",183
80,"0000|1101|1111",134
80,"0000|0011|1000|1100|1111",75
80,"0000|0011|1101",84
80,"0000|0011|1000|1101|1111",141
80,"0000|0011|1000|1111",18
80,"0000|1000|1101|1111",17
80,"0000|0011|1011|1101|1111",6
80,"0000|1000|1101",27
80,"0000|0011|1000|1011|1101",1
80,"0000|0011|1000|1011|1100|1111",3
80,"0000|0011|1000|1011|1101|1111",2
80,"0000|0011|1011|1101",1
80,"0000|1101",16
80,"0000|1000|1111",1
81,"0000|1111",4820
81,"0000|0011|1111",4666
81,"0000|1000|1100|1111",222
81,"0000|0011|1000|1100|1111",223
81,"0000|0011|1000|1111",34
81,"0000|1000|1111",33
81,"0000|0011|1011|1111",2
82,"0000|0011|1111",7303
82,"0000|0011|1000|1100|1111",100
82,"0000|1111",1461
82,"0000|1001|1101|1111",143
82,"0000|0011|1001|1101|1111",692
82,"0000|0011|1001|1101",101
82,"0000|0011|1001|1011|1101|1111",9
82,"0000|0011|1011|1111",61
82,"0000|1001|1101",22
82,"0000|0011|1101|1111",20
82,"0000|1000|1100|1111",20
82,"0000|0011|1000|1101|1111",20
82,"0000|0011|1000|1111",17
82,"0000|0011|1001|1111",13
82,"0000|0011|1001|1011|1111",1
82,"0000|1101|1111",2
82,"0000|1001|1111",2
82,"0000|1000|1101|1111",6
82,"0000|0011|1001|1011|1101",1
82,"0000|1000|1111",3
82,"0000|0011|1000|1011|1111",1
82,"0000|0011|1000|1011|1101|1111",1
82,"0000|0011|1000|1011|1100|1111",1
83,"0000|0011|1111",9327
83,"0000|0011|1000|1111",503
83,"0000|0011|1000|1100|1111",10
83,"0000|0011|1011|1111",155
83,"0000|0011|1000|1011|1111",5
84,"0000|0011|1011|1111",9436
84,"0000|0011|1000|1011|1111",463
84,"0000|0011|1000|1011|1100|1111",3
84,"0000|0011|1000|1011|1101|1111",30
84,"0000|0011|1011|1101|1111",59
84,"0000|0011|1000|1011|1101",8
84,"0000|0011|1011|1101",1
85,"0000|0011|1111",5136
85,"0000|1111",3810
85,"0000|0011|1011|1111",521
85,"0000|0011|1000|1111",257
85,"0000|0011|1000|1011|1111",39
85,"0000|1000|1111",234
85,"0000|0011|1000|1100|1111",3
86,"0000|0011|1011|1111",8784
86,"0000|0011|1001|1011|1111",909
86,"0000|0011|1000|1011|1111",182
86,"0000|0011|1001|1011|1101|1111",48
86,"0000|0011|1001|1111",67
86,"0000|0011|1001|1101|1111",4
86,"0000|0011|1001|1101",2
86,"0000|0011|1000|1011|1100|1111",3
86,"0000|0011|1000|1011|1101|1111",1
87,"0000|1111",1603
87,"0000|0011|1111",7800
87,"0000|0011|1000|1111",431
87,"0000|1000|1111",83
87,"0000|0011|1011|1111",68
87,"0000|0011|1000|1100|1111",8
87,"0000|0011|1000|1011|1111",5
87,"0000|1000|1100|1111",2
88,"0000|1111",7133
88,"0000|0011|1111",2312
88,"0000|1000|1100|1111",366
88,"0000|0011|1000|1111",20
88,"0000|0011|1000|1100|1111",109
88,"0000|1000|1111",57
88,"0000|0011|1011|1111",3
89,"0000|0011|1111",1999
89,"0000|1111",6379
89,"0000|1101",67
89,"0000|1101|1111",646
89,"0000|1000|1101|1111",142
89,"0000|0011|1011|1111",218
89,"0000|0011|1011|1101|1111",29
89,"0000|1000|1101",143
89,"0000|0011|1101|1111",161
89,"0000|0011|1000|1100|1111",18
89,"0000|1000|1100|1111",71
89,"0000|0011|1000|1101",40
89,"0000|0011|1000|1101|1111",49
89,"0000|0011|1000|1011|1101",5
89,"0000|0011|1101",12
89,"0000|0011|1000|1011|1101|1111",5
89,"0000|1000|1111",13
89,"0000|0011|1011|1101",2
89,"0000|0011|1000|1011|1111",1
90,"0000|1111",8810
90,"0000|0011|1111",689
90,"0000|1000|1100|1111",404
90,"0000|1000|1111",69
90,"0000|0011|1000|1100|1111",18
90,"0000|0011|1000|1111",5
90,"0000|0011|1011|1111",5
91,"0000|1111",6573
91,"0000|0011|1111",1934
91,"0000|1001|1101",102
91,"0000|1001|1101|1111",671
91,"0000|0011|1011|1111",229
91,"0000|0011|1001|1101|1111",194
91,"0000|1101|1111",19
91,"0000|1000|1100|1111",90
91,"0000|0011|1000|1100|1111",35
91,"0000|0011|1001|1011|1101",1
91,"0000|0011|1101|1111",6
91,"0000|0011|1001|1101",26
91,"0000|1001|1111",29
91,"0000|0011|1001|1011|1101|1111",33
91,"0000|0011|1000|1101|1111",6
91,"0000|1000|1101|1111",18
91,"0000|1000|1111",15
91,"0000|0011|1000|1011|1111",1
91,"0000|0011|1000|1111",10
91,"0000|0011|1001|1111",5
91,"0000|0011|1000|1011|1100|1111",2
91,"0000|0011|1011|1101|1111",1
92,"0000|1111",7524
92,"0000|0011|1111",2035
92,"0000|1000|1111",62
92,"0000|1000|1100|1111",284
92,"0000|0011|1000|1100|1111",79
92,"0000|0011|1000|1111",14
92,"0000|0011|1011|1111",2
93,"0000|1111",7081
93,"0000|0011|1111",2150
93,"0000|0011|1000|1111",106
93,"0000|0011|1000|1011|1111",14
93,"0000|1000|1111",402
93,"0000|0011|1011|1111",238
93,"0000|1000|1100|1111",8
93,"0000|0011|1000|1100|1111",1
94,"0000|1000|1101|1111",358
94,"0000|1101",2521
94,"0000|1000|1101",904
94,"0000|0011|1000|1101",1238
94,"0000|1101|1111",116
94,"0000|0011|1000|1101|1111",519
94,"0000|0011|1101",3721
94,"0000|0011|1001|1101",80
94,"0000|0011|1101|1111",172
94,"0000|1001|1101|1111",6
94,"0000|0011|1000|1100|1111",185
94,"0000|1000|1100|1111",121
94,"0000|0011|1001|1101|1111",22
94,"0000|1001|1101",36
94,"0000|0011|1001|1011|1101",1
95,"0000|1000|1101|1111",1433
95,"0000|1000|1101",3491
95,"0000|0011|1000|1101",1960
95,"0000|1000|1100|1111",1402
95,"0000|0011|1000|1100|1111",811
95,"0000|0011|1000|1101|1111",903
96,"0000|1101",2368
96,"0000|0011|1101",3702
96,"0000|0011|1000|1101",1343
96,"0000|1000|1101",836
96,"0000|0011|1000|1101|1111",490
96,"0000|1000|1100|1111",117
96,"0000|1101|1111",93
96,"0000|0011|1101|1111",178
96,"0000|0011|1000|1100|1111",191
96,"0000|0011|1001|1101",255
96,"0000|1000|1101|1111",296
96,"0000|1001|1101",68
96,"0000|0011|1001|1101|1111",44
96,"0000|1001|1101|1111",19
97,"0000|0011|1101",1430
97,"0000|1000|1100|1111",1742
97,"0000|1101|1111",1726
97,"0000|1000|1101|1111",350
97,"0000|1101",2461
97,"0000|0011|1000|1100|1111",1011
97,"0000|0011|1101|1111",979
97,"0000|0011|1000|1101|1111",168
97,"0000|0011|1001|1101|1111",74
97,"0000|1001|1101|1111",55
97,"0000|0011|1001|1101",4
98,"0000|1101",2948
98,"0000|1000|1100|1111",178
98,"0000|1000|1101",1118
98,"0000|1000|1101|1111",430
98,"0000|0011|1101",2444
98,"0000|0011|1000|1101",1032
98,"0000|0011|1000|1101|1111",434
98,"0000|1101|1111",114
98,"0000|0011|1001|1101",745
98,"0000|0011|1000|1100|1111",143
98,"0000|0011|1101|1111",66
98,"0000|1001|1101",228
98,"0000|0011|1001|1101|1111",81
98,"0000|1001|1101|1111",37
98,"0000|0011|1001|1011|1101",2
99,"0000|0011|1000|1111",5242
99,"0000|1000|1111",3679
99,"0000|1000|1101",112
99,"0000|1000|1101|1111",292
99,"0000|0011|1000|1100|1111",49
99,"0000|0011|1000|1101|1111",443
99,"0000|0011|1000|1101",145
99,"0000|1000|1100|1111",30
99,"0000|0011|1000|1011|1101",1
99,"0000|0011|1000|1011|1111",6
99,"0000|0011|1000|1011|1101|1111",1
100,"0000|0011|1001|1101|1111",31
100,"0000|0011|1111",5113
100,"0000|0011|1000|1111",2829
100,"0000|0011|1000|1011|1111",47
100,"0000|0011|1001|1111",333
100,"0000|0011|1101",510
100,"0000|0011|1101|1111",631
100,"0000|0011|1000|1101|1111",299
100,"0000|0011|1000|1101",111
100,"0000|0011|1001|1011|1111",40
100,"0000|0011|1001|1101",28
100,"0000|0011|1000|1011|1101|1111",8
100,"0000|0011|1001|1011|1101|1111",7
100,"0000|0011|1000|1100|1111",8
100,"0000|0011|1001|1011|1101",4
100,"0000|0011|1000|1011|1101",1
101,"0000|0011|1111",3412
101,"0000|0011|1000|1111",1955
101,"0000|1000|1111",1297
101,"0000|1111",2311
101,"0000|0011|1101|1111",393
101,"0000|0011|1000|1100|1111",49
101,"0000|1101|1111",263
101,"0000|0011|1001|1111",94
101,"0000|1101",48
101,"0000|1000|1100|1111",35
101,"0000|0011|1101",66
101,"0000|0011|1000|1101|1111",16
101,"0000|0011|1001|1101|1111",6
101,"0000|1001|1111",33
101,"0000|0011|1000|1011|1111",2
101,"0000|1000|1101|1111",11
101,"0000|1001|1101|1111",5
101,"0000|0011|1001|1011|1111",4
102,"0000|0011|1111",2430
102,"0000|1000|1111",1234
102,"0000|0011|1000|1111",1474
102,"0000|1111",2082
102,"0000|0011|1001|1011|1111",158
102,"0000|0011|1001|1111",622
102,"0000|0011|1101",274
102,"0000|1000|1101|1111",152
102,"0000|0011|1101|1111",333
102,"0000|0011|1001|1101|1111",100
102,"0000|1001|1111",90
102,"0000|1101",200
102,"0000|1000|1100|1111",3
102,"0000|0011|1000|1011|1111",147
102,"0000|1101|1111",296
102,"0000|0011|1000|1101|1111",171
102,"0000|1000|1101",42
102,"0000|0011|1001|1101",48
102,"0000|0011|1001|1011|1101|1111",21
102,"0000|0011|1000|1101",67
102,"0000|0011|1001|1011|1101",13
102,"0000|0011|1000|1011|1101|1111",19
102,"0000|1001|1101|1111",10
102,"0000|0011|1000|1011|1101",6
102,"0000|1001|1101",5
102,"0000|0011|1000|1100|1111",2
102,"0000|0011|1000|1011|1100|1111",1
103,"0000|0011|1000|1111",5598
103,"0000|1000|1111",3306
103,"0000|0011|1000|1101|1111",447
103,"0000|1000|1101|1111",294
103,"0000|1000|1101",123
103,"0000|1000|1100|1111",26
103,"0000|0011|1000|1100|1111",55
103,"0000|0011|1000|1101",151
104,"0000|1000|1111",6056
104,"0000|0011|1000|1111",3614
104,"0000|0011|1000|1100|1111",131
104,"0000|1000|1100|1111",199
105,"0000|1000|1101|1111",370
105,"0000|1000|1111",4525
105,"0000|0011|1000|1111",4437
105,"0000|1000|1100|1111",30
105,"0000|0011|1000|1101|1111",375
105,"0000|1000|1101",126
105,"0000|0011|1000|1101",109
105,"0000|0011|1000|1100|1111",25
105,"0000|0011|1000|1011|1111",2
105,"0000|0011|1000|1011|1101|1111",1
106,"0000|0011|1000|1111",1915
106,"0000|0011|1111",3421
106,"0000|1111",2150
106,"0000|1000|1111",1231
106,"0000|1101|1111",244
106,"0000|0011|1101|1111",399
106,"0000|0011|1001|1111",286
106,"0000|0011|1101",55
106,"0000|1001|1111",83
106,"0000|1000|1100|1111",39
106,"0000|0011|1000|1100|1111",67
106,"0000|0011|1001|1101|1111",28
106,"0000|1101",47
106,"0000|0011|1000|1101|1111",12
106,"0000|1001|1101|1111",12
106,"0000|1000|1101|1111",8
106,"0000|1001|1101",1
106,"0000|0011|1001",1
106,"0000|0011|1001|1101",1
107,"0000|0011|1001|1111",4515
107,"0000|0011|1000|1101|1111",231
107,"0000|0011|1000|1111",2320
107,"0000|1001|1101",83
107,"0000|1001|1111",892
107,"0000|0011|1001|1101|1111",582
107,"0000|1000|1101|1111",66
107,"0000|0011|1001|1101",497
107,"0000|1000|1111",484
107,"0000|1000|1101",27
107,"0000|0011|1000|1011|1111",27
107,"0000|1001|1101|1111",130
107,"0000|0011|1000|1101",92
107,"0000|0011|1001|1011|1111",30
107,"0000|0011|1001|1011|1101|1111",9
107,"0000|0011|1000|1100|1111",9
107,"0000|1000|1100|1111",3
107,"0000|0011|1000|1011|1101|1111",1
107,"0000|0011|1001|1011|1101",2
108,"0000|0011|1111",2127
108,"0000|1000|1111",1603
108,"0000|0011|1101|1111",288
108,"0000|0011|1000|1111",1619
108,"0000|1101|1111",331
108,"0000|1111",2760
108,"0000|0011|1001|1111",738
108,"0000|0011|1000|1100|1111",47
108,"0000|1001|1111",208
108,"0000|0011|1001|1101|1111",98
108,"0000|1000|1101|1111",10
108,"0000|1001|1101|1111",14
108,"0000|1000|1100|1111",53
108,"0000|0011|1000|1101|1111",12
108,"0000|1101",45
108,"0000|0011|1101",42
108,"0000|0011|1000|1011|1111",1
108,"0000|0011|1001|1101",2
108,"0000|0011|1001|1011|1111",2
109,"0000|0011|1000|1101",392
109,"0000|1000|1101",4953
109,"0000|1000|1100|1111",2031
109,"0000|1000|1101|1111",2271
109,"0000|0011|1000|1101|1111",170
109,"0000|0011|1000|1100|1111",183
110,"0000|1000|1101",1616
110,"0000|1101",4553
110,"0000|0011|1101",1484
110,"0000|0011|1000|1101",547
110,"0000|0011|1101|1111",54
110,"0000|1000|1101|1111",618
110,"0000|0011|1000|1101|1111",234
110,"0000|1001|1101",258
110,"0000|1000|1100|1111",231
110,"0000|1101|1111",166
110,"0000|0011|1001|1101|1111",18
110,"0000|0011|1001|1101",88
110,"0000|0011|1000|1100|1111",82
110,"0000|1001|1101|1111",51
111,"0000|1101",3524
111,"0000|1101|1111",2417
111,"0000|1000|1100|1111",2677
111,"0000|1000|1101|1111",533
111,"0000|0011|1101|1111",186
111,"0000|0011|1000|1100|1111",215
111,"0000|0011|1000|1101|1111",40
111,"0000|0011|1101",265
111,"0000|1001|1101|1111",132
111,"0000|0011|1001|1101|1111",11
112,"0000|1000|1100|1111",287
112,"0000|1000|1101|1111",795
112,"0000|1000|1101",1923
112,"0000|1001|1101|1111",132
112,"0000|1101",5216
112,"0000|0011|1101",301
112,"0000|0011|1000|1101",152
112,"0000|1101|1111",172
112,"0000|1001|1101",749
112,"0000|0011|1000|1100|1111",20
112,"0000|0011|1001|1101",162
112,"0000|0011|1000|1101|1111",66
112,"0000|0011|1101|1111",4
112,"0000|0011|1001|1101|1111",18
112,"0000|0011|1001|1011|1101",1
112,"0000|0011|1000|1011|1101",2
113,"0000|1000|1101|1111",1930
113,"0000|0011|1000|1101",818
113,"0000|0011|1000|1101|1111",396
113,"0000|1000|1101",4652
113,"0000|1000|1100|1111",1874
113,"0000|0011|1000|1100|1111",330
114,"0000|1000|1100|1111",9560
114,"0000|0011|1000|1100|1111",440
115,"0000|1000|1101",5033
115,"0000|1000|1100|1111",2121
115,"0000|1000|1101|1111",2253
115,"0000|0011|1000|1100|1111",134
115,"0000|0011|1000|1101",311
115,"0000|0011|1000|1101|1111",148
116,"0000|1101",3293
116,"0000|1000|1100|1111",2355
116,"0000|1001|1101|1111",259
116,"0000|0011|1000|1100|1111",421
116,"0000|1101|1111",2085
116,"0000|1000|1101|1111",431
116,"0000|0011|1101",585
116,"0000|0011|1101|1111",379
116,"0000|0011|1001|1101|1111",63
116,"0000|0011|1000|1101|1111",57
116,"0000|1001|1101",50
116,"0000|0011|1001|1101",22
117,"0000|0011|1001|1101",1337
117,"0000|1001|1101",5063
117,"0000|1000|1100|1111",250
117,"0000|1000|1101",1719
117,"0000|1000|1101|1111",658
117,"0000|1001|1101|1111",219
117,"0000|0011|1000|1101",464
117,"0000|0011|1000|1101|1111",154
117,"0000|0011|1001|1101|1111",70
117,"0000|0011|1000|1100|1111",64
117,"0000|0011|1001|1011|1101",2
118,"0000|1001|1101|1111",694
118,"0000|1000|1100|1111",2639
118,"0000|1101",3390
118,"0000|1000|1101|1111",526
118,"0000|1101|1111",1952
118,"0000|0011|1001|1101",40
118,"0000|1001|1101",197
118,"0000|0011|1000|1100|1111",161
118,"0000|0011|1101",197
118,"0000|0011|1000|1101|1111",42
118,"0000|0011|1001|1101|1111",103
118,"0000|0011|1101|1111",58
118,"0000|1000|1100",1
119,"0000|0011|1000|1101|1111",189
119,"0000|0011|1000|1111",2244
119,"0000|1000|1111",6657
119,"0000|1000|1101|1111",609
119,"0000|1000|1101",167
119,"0000|0011|1000|1101",66
119,"0000|1000|1100|1111",51
119,"0000|0011|1000|1011|1111",2
119,"0000|0011|1000|1100|1111",14
119,"0000|0011|1000|1011|1101|1111",1
120,"0000|0011|1000|1111",702
120,"0000|1000|1111",8926
120,"0000|1000|1100|1111",343
120,"0000|0011|1000|1100|1111",29
121,"0000|0011|1000|1111",705
121,"0000|1000|1101|1111",722
121,"0000|1000|1111",8182
121,"0000|0011|1000|1101|1111",60
121,"0000|1000|1101",214
121,"0000|1000|1100|1111",79
121,"0000|0011|1000|1101",19
121,"0000|0011|1000|1100|1111",8
121,"0000|0011|1000|1011|1111",10
121,"0000|0011|1000|1011|1101",1
122,"0000|1101|1111",438
122,"0000|1111",4088
122,"0000|0011|1101",28
122,"0000|0011|1111",1431
122,"0000|1000|1111",2421
122,"0000|0011|1000|1111",807
122,"0000|0011|1001|1111",104
122,"0000|0011|1101|1111",171
122,"0000|1001|1111",288
122,"0000|1101",80
122,"0000|1000|1100|1111",59
122,"0000|0011|1000|1100|1111",22
122,"0000|1000|1101|1111",17
122,"0000|0011|1001|1011|1111",1
122,"0000|1001|1101|1111",34
122,"0000|0011|1001|1101|1111",6
122,"0000|0011|1000|1101|1111",4
122,"0000|0011|1000|1011|1111",1
123,"0000|1001|1111",4000
123,"0000|1000|1111",2222
123,"0000|1001|1101|1111",515
123,"0000|0011|1001|1111",1267
123,"0000|0011|1000|1111",637
123,"0000|1000|1101|1111",242
123,"0000|0011|1001|1101|1111",190
123,"0000|1001|1101",373
123,"0000|0011|1001|1011|1111",109
123,"0000|0011|1000|1101|1111",72
123,"0000|0011|1000|1011|1111",101
123,"0000|0011|1001|1101",131
123,"0000|1000|1101",70
123,"0000|0011|1000|1101",32
123,"0000|0011|1001|1011|1101|1111",9
123,"0000|0011|1000|1011|1101|1111",13
123,"0000|1000|1100|1111",10
123,"0000|0011|1000|1100|1111",1
123,"0000|0011|1001|1011|1101",5
123,"0000|0011|1000|1011|1101",1
124,"0000|0011|1000|1111",208
124,"0000|1101|1111",552
124,"0000|1111",4679
124,"0000|1001|1111",805
124,"0000|1000|1111",2950
124,"0000|0011|1111",266
124,"0000|1101",95
124,"0000|1001|1101|1111",81
124,"0000|1000|1100|1111",100
124,"0000|1000|1101|1111",24
124,"0000|0011|1001|1111",166
124,"0000|0011|1001|1101|1111",17
124,"0000|0011|1101|1111",25
124,"0000|0011|1000|1011|1111",3
124,"0000|1001|1101",5
124,"0000|0011|1000|1100|1111",4
124,"0000|0011|1001|1011|1111",5
124,"0000|0011|1101",10
124,"0000|0011|1000|1101|1111",2
124,"0000|0011|1001|1101",3
125,"0000|1000|1111",8153
125,"0000|0011|1000|1111",1509
125,"0000|1000|1100|1111",292
125,"0000|0011|1000|1100|1111",46
126,"0000|0011|1000|1111",1851
126,"0000|1000|1111",7016
126,"0000|1000|1101|1111",633
126,"0000|0011|1000|1101|1111",177
126,"0000|1000|1101",194
126,"0000|1000|1100|1111",65
126,"0000|0011|1000|1101",51
126,"0000|0011|1000|1100|1111",11
126,"0000|0011|1000|1011|1111",2
127,"0000|1000|1111",9084
127,"0000|0011|1000|1111",568
127,"0000|1000|1100|1111",332
127,"0000|0011|1000|1100|1111",16
128,"0000|1001|1111",4632
128,"0000|0011|1001|1111",1199
128,"0000|1000|1111",2527
128,"0000|1001|1101|1111",573
128,"0000|1001|1101",85
128,"0000|0011|1000|1111",689
128,"0000|0011|1001|1101|1111",156
128,"0000|1000|1101|1111",18
128,"0000|1000|1100|1111",90
128,"0000|0011|1000|1100|1111",12
128,"0000|0011|1001|1101",17
128,"0000|0011|1001|1011|1111",1
128,"0000|0011|1000|1101|1111",1
129,"0000|1111",3531
129,"0000|0011|1111",5036
129,"0000|0011|1000|1101",134
129,"0000|1101|1111",352
129,"0000|0011|1101|1111",470
129,"0000|0011|1101",70
129,"0000|1000|1101",74
129,"0000|0011|1000|1101|1111",105
129,"0000|0011|1000|1100|1111",58
129,"0000|1000|1101|1111",62
129,"0000|1101",51
129,"0000|1000|1100|1111",36
129,"0000|0011|1011|1111",4
129,"0000|1000|1111",6
129,"0000|0011|1000|1111",9
129,"0000|0011|1011|1101|1111",1
129,"0000|0011|1000|1011|1101",1
130,"0000|0011|1111",7681
130,"0000|0011|1101|1111",1209
130,"0000|0011|1101",757
130,"0000|0011|1000|1101",114
130,"0000|0011|1001|1101|1111",9
130,"0000|0011|1000|1111",2
130,"0000|0011|1011|1111",104
130,"0000|0011|1000|1101|1111",63
130,"0000|0011|1001|1011|1101",10
130,"0000|0011|1000|1100|1111",12
130,"0000|0011|1001|1011|1101|1111",7
130,"0000|0011|1001|1101",18
130,"0000|0011|1011|1101|1111",11
130,"0000|0011|1011|1101",1
130,"0000|0011|1000|1011|1101",1
130,"0000|0011|1000|1011|1100|1111",1
131,"0000|0011|1101|1111",512
131,"0000|1111",3613
131,"0000|0011|1111",5183
131,"0000|1101|1111",339
131,"0000|0011|1000|1101|1111",9
131,"0000|0011|1000|1100|1111",81
131,"0000|1000|1100|1111",49
131,"0000|1101",70
131,"0000|0011|1101",105
131,"0000|0011|1001|1101|1111",5
131,"0000|1000|1111",8
131,"0000|1000|1101|1111",7
131,"0000|0011|1011|1111",1
131,"0000|0011|1000|1111",16
131,"0000|1001|1101|1111",1
131,"0000|0011|1001|1011|1101|1111",1
132,"0000|0011|1111",4199
132,"0000|0011|1101|1111",697
132,"0000|1111",3290
132,"0000|0011|1101",363
132,"0000|1101|1111",486
132,"0000|0011|1011|1111",315
132,"0000|0011|1000|1101|1111",34
132,"0000|1101",299
132,"0000|0011|1001|1011|1101|1111",23
132,"0000|1000|1101",36
132,"0000|0011|1001|1101",68
132,"0000|0011|1000|1101",55
132,"0000|1000|1101|1111",25
132,"0000|0011|1001|1011|1101",28
132,"0000|1001|1101",4
132,"0000|0011|1000|1100|1111",7
132,"0000|0011|1001|1101|1111",21
132,"0000|0011|1000|1011|1101|1111",2
132,"0000|0011|1011|1101|1111",33
132,"0000|0011|1011|1101",6
132,"0000|0011|1000|1011|1101",2
132,"0000|0011|1000|1111",1
132,"0000|1001|1101|1111",4
132,"0000|1000|1100|1111",2
133,"0000|0011|1111",5384
133,"0000|1111",3236
133,"0000|1101|1111",322
133,"0000|0011|1101|1111",473
133,"0000|0011|1000|1101|1111",97
133,"0000|0011|1101",62
133,"0000|0011|1000|1111",20
133,"0000|0011|1000|1100|1111",56
133,"0000|1000|1100|1111",31
133,"0000|1000|1101",80
133,"0000|0011|1000|1101",135
133,"0000|1000|1101|1111",54
133,"0000|1101",43
133,"0000|1000|1111",7
134,"0000|1111",5939
134,"0000|0011|1111",3563
134,"0000|1000|1100|1111",265
134,"0000|0011|1000|1100|1111",152
134,"0000|1000|1111",55
134,"0000|0011|1000|1111",26
135,"0000|1111",4340
135,"0000|0011|1101|1111",373
135,"0000|0011|1111",4253
135,"0000|1101|1111",425
135,"0000|1101",47
135,"0000|0011|1000|1100|1111",43
135,"0000|0011|1000|1101",113
135,"0000|1000|1100|1111",57
135,"0000|0011|1000|1101|1111",86
135,"0000|1000|1101",108
135,"0000|1000|1101|1111",78
135,"0000|0011|1000|1111",14
135,"0000|0011|1101",56
135,"0000|1000|1111",6
135,"0000|0011|1011|1111",1
136,"0000|1111",3285
136,"0000|0011|1111",5557
136,"0000|1101|1111",299
136,"0000|1000|1101|1111",7
136,"0000|1101",42
136,"0000|0011|1101|1111",543
136,"0000|1000|1100|1111",35
136,"0000|0011|1101",87
136,"0000|0011|1000|1100|1111",74
136,"0000|1000|1111",11
136,"0000|0011|1001|1101|1111",23
136,"0000|0011|1001|1101",2
136,"0000|0011|1011|1111",1
136,"0000|0011|1000|1111",12
136,"0000|1001|1101|1111",8
136,"0000|0011|1000|1101|1111",13
136,"0000|0011|1001|1111",1
137,"0000|0011|1111",6535
137,"0000|0011|1001|1101|1111",299
137,"0000|1101|1111",133
137,"0000|0011|1001|1101",563
137,"0000|1001|1101|1111",53
137,"0000|1111",1316
137,"0000|0011|1101|1111",665
137,"0000|0011|1011|1111",51
137,"0000|0011|1101",82
137,"0000|1000|1101|1111",9
137,"0000|1101",19
137,"0000|0011|1000|1101|1111",43
137,"0000|1001|1101",107
137,"0000|0011|1000|1111",4
137,"0000|0011|1001|1011|1101",5
137,"0000|0011|1000|1101",70
137,"0000|1000|1101",16
137,"0000|0011|1001|1011|1101|1111",3
137,"0000|0011|1011|1101|1111",7
137,"0000|0011|1000|1100|1111",14
137,"0000|1000|1100|1111",4
137,"0000|0011|1000|1011|1101",1
137,"0000|0011|1000|1011|1101|1111",1
138,"0000|1111",4442
138,"0000|0011|1111",4338
138,"0000|0011|1101|1111",361
138,"0000|1101|1111",437
138,"0000|1001|1101|1111",21
138,"0000|1101",73
138,"0000|0011|1001|1101|1111",77
138,"0000|1000|1100|1111",74
138,"0000|0011|1101",68
138,"0000|0011|1000|1100|1111",59
138,"0000|0011|1000|1101|1111",11
138,"0000|0011|1001|1111",2
138,"0000|1000|1101|1111",12
138,"0000|1001|1101",5
138,"0000|0011|1001|1101",7
138,"0000|1000|1111",7
138,"0000|0011|1000|1111",5
138,"0000|1001|1111",1
139,"0000|0011|1111",9302
139,"0000|0011|1011|1111",143
139,"0000|0011|1000|1111",455
139,"0000|0011|1000|1101|1111",35
139,"0000|0011|1101|1111",44
139,"0000|0011|1000|1100|1111",2
139,"0000|0011|1000|1011|1111",4
139,"0000|0011|1101",1
139,"0000|0011|1000|1101",10
139,"0000|0011|1000|1011|1101",1
139,"0000|0011|1011|1101|1111",3
140,"0000|1111",3778
140,"0000|0011|1111",5740
140,"0000|0011|1000|1111",283
140,"0000|1000|1111",188
140,"0000|0011|1000|1100|1111",5
140,"0000|1000|1100|1111",6
141,"0000|0011|1111",5106
141,"0000|1111",3806
141,"0000|0011|1011|1111",513
141,"0000|0011|1000|1111",226
141,"0000|0011|1000|1011|1111",33
141,"0000|0011|1101|1111",26
141,"0000|1000|1111",207
141,"0000|1101|1111",23
141,"0000|0011|1000|1101|1111",13
141,"0000|0011|1011|1101|1111",8
141,"0000|1000|1101|1111",18
141,"0000|1000|1101",3
141,"0000|0011|1000|1101",9
141,"0000|0011|1000|1011|1101|1111",7
141,"0000|1000|1100|1111",1
141,"0000|1101",1
142,"0000|0011|1111",9671
142,"0000|0011|1001|1111",20
142,"0000|0011|1000|1111",133
142,"0000|0011|1011|1111",83
142,"0000|0011|1101|1111",74
142,"0000|0011|1000|1011|1111",4
142,"0000|0011|1101",4
142,"0000|0011|1001|1011|1111",7
142,"0000|0011|1001|1101|1111",2
142,"0000|0011|1000|1100|1111",2
143,"0000|0011|1011|1111",8768
143,"0000|0011|1001|1011|1111",798
143,"0000|0011|1001|1011|1101|1111",94
143,"0000|0011|1000|1011|1111",162
143,"0000|0011|1001|1011|1101",17
143,"0000|0011|1001|1101|1111",18
143,"0000|0011|1011|1101",4
143,"0000|0011|1000|1011|1101|1111",16
143,"0000|0011|1001|1111",50
143,"0000|0011|1011|1101|1111",61
143,"0000|0011|1000|1011|1101",4
143,"0000|0011|1001|1101",8
144,"0000|0011|1111",5321
144,"0000|1111",3924
144,"0000|0011|1011|1111",382
144,"0000|0011|1000|1011|1111",8
144,"0000|0011|1000|1111",100
144,"0000|0011|1101|1111",38
144,"0000|1000|1111",78
144,"0000|0011|1001|1011|1111",35
144,"0000|1101|1111",33
144,"0000|0011|1001|1111",64
144,"0000|1001|1111",8
144,"0000|0011|1101",3
144,"0000|0011|1001|1101|1111",3
144,"0000|0011|1001|1011|1101|1111",1
144,"0000|1101",1
144,"0000|1000|1100|1111",1
145,"0000|0011|1111",5876
145,"0000|1111",3628
145,"0000|0011|1000|1111",295
145,"0000|1000|1111",192
145,"0000|0011|1011|1111",1
145,"0000|0011|1000|1100|1111",7
145,"0000|1000|1100|1111",1
146,"0000|0011|1111",7786
146,"0000|1111",1565
146,"0000|0011|1000|1111",372
146,"0000|0011|1000|1011|1101",1
146,"0000|0011|1101|1111",43
146,"0000|1000|1111",88
146,"0000|0011|1011|1111",72
146,"0000|0011|1000|1101|1111",32
146,"0000|1101|1111",16
146,"0000|0011|1000|1101",9
146,"0000|0011|1000|1011|1111",7
146,"0000|1000|1101|1111",7
146,"0000|0011|1000|1100|1111",1
146,"0000|0011|1011|1101|1111",1
147,"0000|1000|1111",262
147,"0000|0011|1111",4710
147,"0000|1111",4789
147,"0000|0011|1000|1111",224
147,"0000|0011|1000|1100|1111",5
147,"0000|1000|1100|1111",8
147,"0000|0011|1011|1111",2
148,"0000|0011|1111",7281
148,"0000|0011|1001|1101|1111",50
148,"0000|1111",1483
148,"0000|0011|1001|1111",760
148,"0000|0011|1000|1111",136
148,"0000|1000|1111",26
148,"0000|1001|1101|1111",12
148,"0000|1001|1111",169
148,"0000|0011|1011|1111",74
148,"0000|0011|1001|1011|1111",7
148,"0000|0011|1001|1011|1101|1111",1
148,"0000|0011|1001|1101",1
149,"0000|0011|1111",2075
149,"0000|1111",6485
149,"0000|1101|1111",595
149,"0000|1000|1101",173
149,"0000|0011|1000|1101",49
149,"0000|1000|1101|1111",121
149,"0000|0011|1101|1111",208
149,"0000|1000|1100|1111",90
149,"0000|0011|1000|1100|1111",32
149,"0000|0011|1000|1101|1111",49
149,"0000|1101",75
149,"0000|1000|1111",20
149,"0000|0011|1101",25
149,"0000|0011|1000|1111",2
149,"0000|0011|1011|1111",1
150,"0000|1111",8819
150,"0000|0011|1111",678
150,"0000|1000|1100|1111",400
150,"0000|1000|1111",73
150,"0000|0011|1000|1100|1111",26
150,"0000|0011|1000|1111",4
151,"0000|1111",7882
151,"0000|1101|1111",758
151,"0000|1000|1101",218
151,"0000|1000|1101|1111",184
151,"0000|0011|1111",685
151,"0000|1000|1100|1111",91
151,"0000|0011|1000|1101",15
151,"0000|1101",69
151,"0000|1000|1111",15
151,"0000|0011|1101|1111",53
151,"0000|0011|1000|1101|1111",11
151,"0000|0011|1101",5
151,"0000|0011|1011|1111",7
151,"0000|0011|1000|1100|1111",6
151,"0000|0011|1011|1101|1111",1
152,"0000|1111",6578
152,"0000|0011|1111",2206
152,"0000|1101|1111",650
152,"0000|1001|1101|1111",35
152,"0000|0011|1101|1111",208
152,"0000|1000|1100|1111",92
152,"0000|1101",109
152,"0000|0011|1000|1100|1111",29
152,"0000|0011|1000|1111",7
152,"0000|0011|1101",39
152,"0000|1000|1101|1111",17
152,"0000|0011|1001|1101|1111",4
152,"0000|1000|1111",17
152,"0000|0011|1000|1101|1111",5
152,"0000|0011|1011|1111",2
152,"0000|1001|1111",1
152,"0000|0011|1001|1011|1101",1
153,"0000|0011|1011|1111",208
153,"0000|0011|1111",1792
153,"0000|1111",5916
153,"0000|0011|1101|1111",198
153,"0000|1101|1111",648
153,"0000|1001|1101|1111",250
153,"0000|0011|1001|1101|1111",93
153,"0000|1000|1101",65
153,"0000|1001|1101",453
153,"0000|1000|1101|1111",40
153,"0000|0011|1101",22
153,"0000|0011|1001|1101",127
153,"0000|1101",67
153,"0000|0011|1001|1011|1101|1111",14
153,"0000|0011|1000|1101",21
153,"0000|0011|1001|1011|1101",20
153,"0000|0011|1011|1101|1111",23
153,"0000|0011|1000|1011|1100|1111",1
153,"0000|0011|1000|1101|1111",16
153,"0000|1000|1100|1111",11
153,"0000|0011|1000|1100|1111",4
153,"0000|0011|1000|1011|1101|1111",2
153,"0000|1000|1111",3
153,"0000|0011|1011|1101",3
153,"0000|0011|1000|1011|1101",2
153,"0000|0011|1000|1111",1
154,"0000|1111",8089
154,"0000|0011|1111",669
154,"0000|1101|1111",728
154,"0000|1101",140
154,"0000|1001|1101|1111",107
154,"0000|1000|1100|1111",122
154,"0000|0011|1101|1111",45
154,"0000|1000|1111",32
154,"0000|0011|1001|1111",2
154,"0000|0011|1011|1111",6
154,"0000|0011|1000|1101|1111",1
154,"0000|1000|1101|1111",16
154,"0000|0011|1000|1111",1
154,"0000|0011|1001|1101|1111",19
154,"0000|0011|1000|1100|1111",7
154,"0000|0011|1101",7
154,"0000|0011|1001|1011|1101|1111",2
154,"0000|0011|1000|1011|1100|1111",1
154,"0000|1001|1101",4
154,"0000|1001|1111",1
154,"0000|0011|1001|1101",1
155,"0000|0011|1111",1463
155,"0000|1000|1100|1111",377
155,"0000|1111",8005
155,"0000|1000|1111",76
155,"0000|0011|1000|1111",21
155,"0000|0011|1000|1100|1111",58
156,"0000|1111",6800
156,"0000|0011|1111",1779
156,"0000|1101|1111",635
156,"0000|1000|1101|1111",137
156,"0000|1000|1100|1111",80
156,"0000|0011|1000|1101|1111",44
156,"0000|1101",68
156,"0000|0011|1101|1111",165
156,"0000|1000|1101",176
156,"0000|0011|1000|1101",50
156,"0000|0011|1101",20
156,"0000|0011|1000|1100|1111",26
156,"0000|1000|1111",16
156,"0000|0011|1000|1111",4
157,"0000|1111",8901
157,"0000|1000|1111",83
157,"0000|0011|1111",589
157,"0000|1000|1100|1111",393
157,"0000|0011|1000|1100|1111",32
157,"0000|0011|1000|1111",2
158,"0000|1111",6958
158,"0000|1001|1101|1111",643
158,"0000|0011|1111",1881
158,"0000|0011|1001|1101|1111",162
158,"0000|1001|1101",120
158,"0000|1000|1101|1111",28
158,"0000|1101|1111",14
158,"0000|1000|1100|1111",89
158,"0000|0011|1000|1100|1111",21
158,"0000|1000|1111",17
158,"0000|0011|1000|1111",4
158,"0000|1001|1111",26
158,"0000|0011|1001|1101",21
158,"0000|0011|1001|1111",7
158,"0000|0011|1000|1101|1111",4
158,"0000|0011|1001|1011|1101|1111",1
158,"0000|0011|1101|1111",4
159,"0000|0011|1111",2370
159,"0000|1111",7113
159,"0000|1000|1111",385
159,"0000|0011|1000|1100|1111",2
159,"0000|0011|1000|1111",123
159,"0000|1000|1100|1111",5
159,"0000|0011|1011|1111",2
160,"0000|0011|1111",2150
160,"0000|1111",7050
160,"0000|1000|1111",349
160,"0000|1101|1111",45
160,"0000|0011|1011|1111",234
160,"0000|0011|1000|1111",95
160,"0000|0011|1000|1011|1111",13
160,"0000|1000|1101|1111",30
160,"0000|0011|1011|1101|1111",2
160,"0000|1000|1101",6
160,"0000|0011|1101|1111",9
160,"0000|0011|1101",1
160,"0000|0011|1000|1101|1111",9
160,"0000|0011|1000|1101",2
160,"0000|1101",3
160,"0000|1000|1100|1111",2
161,"0000|1000|1111",434
161,"0000|1111",8844
161,"0000|0011|1111",671
161,"0000|0011|1000|1111",35
161,"0000|1000|1100|1111",8
161,"0000|0011|1011|1111",8
162,"0000|1111",6610
162,"0000|0011|1001|1111",220
162,"0000|0011|1011|1111",220
162,"0000|1001|1111",728
162,"0000|0011|1111",1945
162,"0000|1000|1111",124
162,"0000|1001|1101|1111",59
162,"0000|0011|1000|1011|1111",7
162,"0000|0011|1000|1111",37
162,"0000|0011|1001|1011|1111",31
162,"0000|1000|1101|1111",1
162,"0000|0011|1001|1101|1111",10
162,"0000|0011|1001|1101",2
162,"0000|1000|1100|1111",4
162,"0000|0011|1000|1100|1111",1
162,"0000|0011|1001|1011|1101|1111",1
163,"0000|1111",7504
163,"0000|0011|1111",1958
163,"0000|1000|1111",403
163,"0000|0011|1000|1111",123
163,"0000|0011|1011|1111",2
163,"0000|1000|1100|1111",8
163,"0000|0011|1000|1100|1111",2
164,"0000|1000|1101",1432
164,"0000|1101",3847
164,"0000|0011|1101",2331
164,"0000|0011|1000|1100|1111",104
164,"0000|1000|1101|1111",502
164,"0000|0011|1000|1101|1111",309
164,"0000|0011|1000|1101",832
164,"0000|1101|1111",181
164,"0000|1001|1101",51
164,"0000|1000|1100|1111",198
164,"0000|1001|1101|1111",18
164,"0000|0011|1101|1111",110
164,"0000|0011|1001|1101|1111",14
164,"0000|0011|1001|1101",71
165,"0000|1111",2219
165,"0000|0011|1101",308
165,"0000|0011|1111",3204
165,"0000|1000|1101|1111",124
165,"0000|0011|1001|1111",96
165,"0000|0011|1000|1111",1639
165,"0000|0011|1000|1101",79
165,"0000|1000|1111",1170
165,"0000|0011|1000|1101|1111",173
165,"0000|1101|1111",256
165,"0000|0011|1101|1111",399
165,"0000|1101",223
165,"0000|1001|1111",31
165,"0000|0011|1001|1101|1111",12
165,"0000|1000|1101",47
165,"0000|1001|1101|1111",5
165,"0000|0011|1000|1100|1111",5
165,"0000|0011|1001|1101",7
165,"0000|1000|1100|1111",3
166,"0000|1000|1111",5670
166,"0000|0011|1000|1111",3241
166,"0000|1000|1101",166
166,"0000|1000|1101|1111",485
166,"0000|0011|1000|1101|1111",274
166,"0000|1000|1100|1111",42
166,"0000|0011|1000|1100|1111",29
166,"0000|0011|1000|1101",93
167,"0000|1000|1111",1093
167,"0000|1111",1980
167,"0000|0011|1111",3125
167,"0000|0011|1000|1111",1774
167,"0000|1101",223
167,"0000|1101|1111",268
167,"0000|1000|1101",54
167,"0000|0011|1000|1101|1111",173
167,"0000|0011|1101|1111",427
167,"0000|0011|1001|1101|1111",33
167,"0000|0011|1001|1111",234
167,"0000|1001|1111",78
167,"0000|1000|1101|1111",119
167,"0000|0011|1000|1101",76
167,"0000|0011|1101",295
167,"0000|1001|1101",5
167,"0000|0011|1001|1101",24
167,"0000|1000|1100|1111",4
167,"0000|0011|1000|1100|1111",7
167,"0000|1001|1101|1111",8
168,"0000|0011|1111",2117
168,"0000|1111",3703
168,"0000|1000|1111",1999
168,"0000|1101|1111",421
168,"0000|0011|1000|1111",1148
168,"0000|0011|1101|1111",240
168,"0000|0011|1000|1100|1111",43
168,"0000|0011|1101",39
168,"0000|0011|1001|1111",77
168,"0000|1001|1111",63
168,"0000|1000|1100|1111",58
168,"0000|0011|1000|1101|1111",5
168,"0000|1000|1101|1111",17
168,"0000|1101",66
168,"0000|0011|1001|1101|1111",2
168,"0000|1001|1101|1111",2
169,"0000|0011|1111",1973
169,"0000|0011|1000|1111",1456
169,"0000|1111",2469
169,"0000|0011|1101|1111",276
169,"0000|1000|1111",1485
169,"0000|0011|1000|1101",56
169,"0000|0011|1001|1111",670
169,"0000|1000|1101|1111",156
169,"0000|1101|1111",328
169,"0000|1001|1101|1111",28
169,"0000|0011|1101",209
169,"0000|1001|1111",234
169,"0000|0011|1001|1101|1111",81
169,"0000|1101",258
169,"0000|1000|1101",65
169,"0000|0011|1001|1101",69
169,"0000|0011|1000|1101|1111",164
169,"0000|1000|1100|1111",7
169,"0000|1001|1101",13
169,"0000|0011|1000|1100|1111",2
169,"0000|0011|1000|1011|1111",1
170,"0000|1101",5786
170,"0000|1101|1111",244
170,"0000|1000|1101",2081
170,"0000|1000|1101|1111",761
170,"0000|0011|1101",471
170,"0000|1000|1100|1111",290
170,"0000|0011|1000|1101",157
170,"0000|0011|1000|1101|1111",62
170,"0000|1001|1101",95
170,"0000|0011|1000|1100|1111",15
170,"0000|0011|1101|1111",14
170,"0000|1001|1101|1111",14
170,"0000|0011|1001|1101",7
170,"0000|0011|1001|1101|1111",3
171,"0000|1000|1100|1111",2140
171,"0000|1000|1101",5181
171,"0000|1000|1101|1111",2235
171,"0000|0011|1000|1100|1111",98
171,"0000|0011|1000|1101",241
171,"0000|0011|1000|1101|1111",105
172,"0000|0011|1101",980
172,"0000|1101",5084
172,"0000|1000|1100|1111",248
172,"0000|1000|1101",1839
172,"0000|1000|1101|1111",684
172,"0000|0011|1000|1101|1111",123
172,"0000|0011|1000|1101",344
172,"0000|1001|1101|1111",41
172,"0000|1101|1111",224
172,"0000|1001|1101",261
172,"0000|0011|1001|1101",73
172,"0000|0011|1101|1111",38
172,"0000|0011|1000|1100|1111",55
172,"0000|0011|1001|1101|1111",6
173,"0000|1101",3730
173,"0000|1000|1100|1111",2696
173,"0000|1101|1111",2480
173,"0000|0011|1101|1111",129
173,"0000|0011|1101",176
173,"0000|1000|1101|1111",476
173,"0000|1001|1101|1111",156
173,"0000|0011|1000|1101|1111",21
173,"0000|1001|1101",1
173,"0000|0011|1000|1100|1111",124
173,"0000|0011|1001|1101|1111",10
173,"0000|0011|1001|1101",1
174,"0000|1101",5165
174,"0000|1001|1101",814
174,"0000|0011|1000|1101",130
174,"0000|1000|1101",2030
174,"0000|1000|1101|1111",807
174,"0000|1001|1101|1111",102
174,"0000|1000|1100|1111",285
174,"0000|0011|1000|1101|1111",55
174,"0000|0011|1001|1101",158
174,"0000|1101|1111",172
174,"0000|0011|1101",251
174,"0000|0011|1000|1100|1111",19
174,"0000|0011|1101|1111",6
174,"0000|0011|1001|1101|1111",6
175,"0000|1000|1111",8248
175,"0000|1000|1101|1111",720
175,"0000|1000|1101",218
175,"0000|0011|1000|1111",653
175,"0000|0011|1000|1101|1111",67
175,"0000|0011|1000|1101",19
175,"0000|1000|1100|1111",64
175,"0000|0011|1000|1100|1111",11
176,"0000|1111",3881
176,"0000|1101|1111",481
176,"0000|0011|1111",1213
176,"0000|1101",386
176,"0000|1000|1111",2185
176,"0000|0011|1101",135
176,"0000|1001|1111",261
176,"0000|0011|1000|1111",686
176,"0000|0011|1001|1111",79
176,"0000|1000|1101|1111",227
176,"0000|0011|1000|1101|1111",85
176,"0000|0011|1001|1101|1111",12
176,"0000|0011|1001|1101",9
176,"0000|1000|1101",102
176,"0000|0011|1101|1111",157
176,"0000|0011|1000|1101",34
176,"0000|1001|1101",26
176,"0000|1001|1101|1111",29
176,"0000|0011|1000|1011|1111",2
176,"0000|1000|1100|1111",9
176,"0000|0011|1000|1100|1111",1
177,"0000|1000|1111",2906
177,"0000|1111",5367
177,"0000|1101|1111",634
177,"0000|0011|1111",414
177,"0000|1001|1111",113
177,"0000|0011|1000|1111",243
177,"0000|0011|1101|1111",50
177,"0000|1000|1101|1111",23
177,"0000|1000|1100|1111",105
177,"0000|1001|1101|1111",9
177,"0000|1101",107
177,"0000|0011|1101",7
177,"0000|0011|1001|1111",10
177,"0000|0011|1000|1101|1111",2
177,"0000|0011|1000|1100|1111",8
177,"0000|0011|1000|1011|1111",1
177,"0000|0011|1001|1101|1111",1
178,"0000|1111",4361
178,"0000|1101",425
178,"0000|1000|1101|1111",252
178,"0000|1001|1111",739
178,"0000|1000|1111",2641
178,"0000|1101|1111",585
178,"0000|0011|1001|1111",151
178,"0000|1001|1101",64
178,"0000|0011|1111",232
178,"0000|0011|1000|1111",191
178,"0000|1000|1101",115
178,"0000|1001|1101|1111",85
178,"0000|1000|1100|1111",5
178,"0000|0011|1101",26
178,"0000|0011|1000|1101|1111",37
178,"0000|0011|1000|1100|1111",1
178,"0000|0011|1101|1111",44
178,"0000|0011|1001|1101",13
178,"0000|0011|1001|1101|1111",20
178,"0000|0011|1001|1011|1111",3
178,"0000|0011|1000|1101",8
178,"0000|0011|1000|1011|1101",1
178,"0000|0011|1000|1011|1111",1
179,"0000|1000|1111",7555
179,"0000|0011|1000|1111",1363
179,"0000|1000|1101|1111",650
179,"0000|1000|1101",207
179,"0000|1000|1100|1111",74
179,"0000|0011|1000|1101",32
179,"0000|0011|1000|1101|1111",110
179,"0000|0011|1000|1100|1111",9
180,"0000|1000|1111",9243
180,"0000|1000|1100|1111",332
180,"0000|0011|1000|1111",409
180,"0000|0011|1000|1100|1111",16
181,"0000|1000|1111",8347
181,"0000|1000|1101",219
181,"0000|0011|1000|1111",568
181,"0000|1000|1101|1111",728
181,"0000|1000|1100|1111",74
181,"0000|0011|1000|1101",14
181,"0000|0011|1000|1100|1111",6
181,"0000|0011|1000|1101|1111",44
182,"0000|0011|1111",837
182,"0000|1000|1111",2722
182,"0000|1111",4718
182,"0000|1101|1111",533
182,"0000|1001|1111",305
182,"0000|1101",84
182,"0000|0011|1000|1111",476
182,"0000|1000|1100|1111",84
182,"0000|0011|1001|1111",58
182,"0000|0011|1101|1111",98
182,"0000|0011|1101",20
182,"0000|1001|1101|1111",20
182,"0000|0011|1001|1101|1111",8
182,"0000|0011|1000|1100|1111",12
182,"0000|1001|1101",4
182,"0000|1000|1101|1111",21
183,"0000|1000|1111",2286
183,"0000|1001|1101",407
183,"0000|1001|1111",4368
183,"0000|0011|1000|1111",603
183,"0000|1001|1101|1111",557
183,"0000|0011|1001|1111",1091
183,"0000|0011|1001|1101|1111",163
183,"0000|1000|1101|1111",212
183,"0000|1000|1101",97
183,"0000|0011|1001|1101",112
183,"0000|0011|1000|1101|1111",70
183,"0000|0011|1000|1100|1111",1
183,"0000|0011|1000|1101",26
183,"0000|0011|1001|1011|1111",1
183,"0000|1000|1100|1111",6
184,"0000|1111",4668
184,"0000|1001|1111",834
184,"0000|1101|1111",557
184,"0000|1000|1111",3012
184,"0000|0011|1000|1111",190
184,"0000|0011|1111",228
184,"0000|1001|1101|1111",82
184,"0000|0011|1101|1111",26
184,"0000|1101",84
184,"0000|0011|1001|1111",153
184,"0000|1000|1100|1111",106
184,"0000|0011|1001|1101|1111",15
184,"0000|1000|1101|1111",24
184,"0000|0011|1001|1101",1
184,"0000|1001|1101",7
184,"0000|0011|1101",6
184,"0000|0011|1000|1100|1111",6
184,"0000|0011|1000|1101|1111",1
185,"0000|1111",3241
185,"0000|0011|1111",4633
185,"0000|1101",290
185,"0000|0011|1101|1111",756
185,"0000|1000|1101",30
185,"0000|0011|1101",443
185,"0000|1101|1111",477
185,"0000|1000|1101|1111",20
185,"0000|0011|1000|1101",55
185,"0000|0011|1000|1101|1111",38
185,"0000|1000|1100|1111",5
185,"0000|0011|1011|1111",3
185,"0000|0011|1001|1101",3
185,"0000|1001|1101",3
185,"0000|1000|1111",1
185,"0000|0011|1000|1111",1
185,"0000|0011|1000|1100|1111",1
186,"0000|1111",5466
186,"0000|0011|1111",3106
186,"0000|1101|1111",491
186,"0000|0011|1000|1101",88
186,"0000|0011|1101|1111",278
186,"0000|1000|1101|1111",96
186,"0000|1000|1101",155
186,"0000|1101",82
186,"0000|0011|1000|1101|1111",69
186,"0000|0011|1101",51
186,"0000|1000|1100|1111",63
186,"0000|0011|1000|1100|1111",38
186,"0000|0011|1000|1111",8
186,"0000|1000|1111",9
187,"0000|0011|1111",4901
187,"0000|1101",298
187,"0000|1111",2987
187,"0000|1101|1111",434
187,"0000|0011|1101|1111",742
187,"0000|0011|1101",420
187,"0000|1000|1101",34
187,"0000|0011|1000|1101",53
187,"0000|0011|1000|1101|1111",50
187,"0000|1001|1101",11
187,"0000|0011|1001|1101|1111",8
187,"0000|1000|1101|1111",19
187,"0000|0011|1001|1101",20
187,"0000|0011|1000|1111",1
187,"0000|1001|1101|1111",4
187,"0000|0011|1000|1100|1111",9
187,"0000|1000|1100|1111",8
187,"0000|0011|1011|1101|1111",1
188,"0000|1101|1111",551
188,"0000|1111",5551
188,"0000|0011|1111",3281
188,"0000|1000|1100|1111",72
188,"0000|1000|1101|1111",15
188,"0000|0011|1101",48
188,"0000|1101",92
188,"0000|0011|1101|1111",304
188,"0000|1000|1111",14
188,"0000|0011|1000|1100|1111",42
188,"0000|0011|1000|1111",14
188,"0000|0011|1000|1101|1111",10
188,"0000|0011|1001|1101|1111",4
188,"0000|1001|1101|1111",2
189,"0000|0011|1111",3847
189,"0000|1111",4022
189,"0000|0011|1001|1101|1111",27
189,"0000|0011|1000|1101|1111",35
189,"0000|1101|1111",629
189,"0000|1101",340
189,"0000|0011|1101",313
189,"0000|0011|1101|1111",571
189,"0000|1000|1101",37
189,"0000|0011|1000|1100|1111",7
189,"0000|0011|1000|1101",53
189,"0000|0011|1001|1101",63
189,"0000|1000|1101|1111",31
189,"0000|0011|1000|1111",2
189,"0000|1001|1101",10
189,"0000|1000|1100|1111",3
189,"0000|1001|1101|1111",9
189,"0000|0011|1011|1111",1
190,"0000|0011|1111",5708
190,"0000|1111",3712
190,"0000|0011|1000|1111",291
190,"0000|1000|1111",185
190,"0000|0011|1000|1101|1111",18
190,"0000|0011|1101|1111",32
190,"0000|0011|1000|1101",7
190,"0000|1000|1101|1111",20
190,"0000|1101|1111",15
190,"0000|0011|1011|1111",8
190,"0000|0011|1101",1
190,"0000|0011|1000|1100|1111",2
190,"0000|1000|1101",1
191,"0000|0011|1111",9558
191,"0000|0011|1101|1111",120
191,"0000|0011|1101",38
191,"0000|0011|1000|1111",143
191,"0000|0011|1011|1111",82
191,"0000|0011|1001|1111",22
191,"0000|0011|1000|1101|1111",15
191,"0000|0011|1001|1011|1111",13
191,"0000|0011|1000|1011|1111",2
191,"0000|0011|1000|1101",3
191,"0000|0011|1001|1101",1
191,"0000|0011|1001|1011|1101",1
191,"0000|0011|1001|1011|1101|1111",1
191,"0000|0011|1001|1101|1111",1
192,"0000|0011|1111",5779
192,"0000|1111",3976
192,"0000|1000|1111",68
192,"0000|1101|1111",25
192,"0000|0011|1000|1111",106
192,"0000|0011|1101|1111",28
192,"0000|0011|1001|1111",8
192,"0000|1001|1111",3
192,"0000|0011|1011|1111",3
192,"0000|1101",3
192,"0000|0011|1000|1100|1111",1
193,"0000|0011|1111",5245
193,"0000|1111",3893
193,"0000|0011|1011|1111",412
193,"0000|1101|1111",50
193,"0000|0011|1001|1011|1101",1
193,"0000|0011|1101|1111",73
193,"0000|0011|1000|1111",68
193,"0000|1000|1111",70
193,"0000|0011|1001|1111",71
193,"0000|0011|1001|1011|1111",39
193,"0000|0011|1101",12
193,"0000|0011|1000|1011|1111",7
193,"0000|0011|1011|1101|1111",3
193,"0000|1000|1101|1111",7
193,"0000|0011|1000|1101|1111",10
193,"0000|1000|1101",3
193,"0000|0011|1001|1101|1111",8
193,"0000|0011|1001|1011|1101|1111",5
193,"0000|0011|1000|1101",3
193,"0000|1001|1111",3
193,"0000|1101",15
193,"0000|0011|1001|1101",1
193,"0000|0011|1000|1011|1101|1111",1
194,"0000|0011|1111",5795
194,"0000|1111",3630
194,"0000|0011|1000|1111",308
194,"0000|1000|1111",173
194,"0000|0011|1000|1101|1111",27
194,"0000|1000|1101|1111",14
194,"0000|0011|1101|1111",21
194,"0000|0011|1000|1101",7
194,"0000|1101|1111",20
194,"0000|1000|1100|1111",2
194,"0000|1101",1
194,"0000|1000|1101",2
195,"0000|0011|1111",3488
195,"0000|1111",6013
195,"0000|1000|1111",300
195,"0000|0011|1000|1111",193
195,"0000|1000|1100|1111",3
195,"0000|0011|1000|1100|1111",3
196,"0000|1111",4773
196,"0000|0011|1111",4666
196,"0000|1000|1111",245
196,"0000|0011|1000|1111",228
196,"0000|1101|1111",29
196,"0000|0011|1000|1101|1111",21
196,"0000|1000|1100|1111",2
196,"0000|0011|1101|1111",16
196,"0000|1000|1101|1111",13
196,"0000|0011|1000|1101",4
196,"0000|0011|1000|1100|1111",1
196,"0000|0011|1011|1111",1
196,"0000|0011|1101",1
197,"0000|0011|1111",5997
197,"0000|1111",3734
197,"0000|0011|1000|1111",107
197,"0000|0011|1101|1111",32
197,"0000|1000|1111",71
197,"0000|1101",3
197,"0000|1001|1111",8
197,"0000|0011|1001|1111",22
197,"0000|1101|1111",23
197,"0000|1000|1100|1111",2
197,"0000|0011|1001|1101|1111",1
198,"0000|0011|1111",7236
198,"0000|1111",1443
198,"0000|0011|1001|1101|1111",87
198,"0000|0011|1001|1111",725
198,"0000|0011|1000|1111",140
198,"0000|0011|1000|1101|1111",13
198,"0000|1001|1101|1111",17
198,"0000|1001|1111",142
198,"0000|0011|1001|1101",37
198,"0000|0011|1011|1111",69
198,"0000|1000|1111",23
198,"0000|0011|1101|1111",38
198,"0000|1001|1101",7
198,"0000|0011|1101",2
198,"0000|0011|1000|1011|1111",1
198,"0000|0011|1001|1011|1101",1
198,"0000|1101|1111",6
198,"0000|0011|1001|1011|1111",7
198,"0000|1000|1101|1111",2
198,"0000|1000|1101",1
198,"0000|0011|1000|1101",1
198,"0000|0011|1001|1011|1101|1111",1
198,"0000|0011|1011|1101|1111",1
199,"0000|0011|1111",4757
199,"0000|1111",4885
199,"0000|0011|1000|1111",93
199,"0000|1001|1111",28
199,"0000|1000|1111",81
199,"0000|0011|1101",1
199,"0000|0011|1001|1111",96
199,"0000|1101|1111",29
199,"0000|0011|1101|1111",23
199,"0000|0011|1001|1101|1111",3
199,"0000|1000|1101|1111",1
199,"0000|1101",2
199,"0000|0011|1011|1111",1
200,"0000|1111",7904
200,"0000|1000|1101",228
200,"0000|1101|1111",743
200,"0000|0011|1111",661
200,"0000|1000|1101|1111",129
200,"0000|1000|1100|1111",97
200,"0000|1101",105
200,"0000|0011|1000|1101|1111",13
200,"0000|0011|1101|1111",70
200,"0000|0011|1101",11
200,"0000|0011|1000|1101",9
200,"0000|1000|1111",22
200,"0000|0011|1000|1100|1111",7
200,"0000|0011|1000|1111",1
201,"0000|1111",5885
201,"0000|1101|1111",942
201,"0000|0011|1111",1927
201,"0000|0011|1101|1111",308
201,"0000|0011|1101",168
201,"0000|1000|1101|1111",43
201,"0000|1101",548
201,"0000|1000|1101",80
201,"0000|1001|1101",18
201,"0000|0011|1001|1101|1111",3
201,"0000|0011|1001|1101",10
201,"0000|0011|1000|1101",27
201,"0000|1000|1100|1111",10
201,"0000|0011|1000|1111",1
201,"0000|0011|1000|1101|1111",16
201,"0000|0011|1000|1100|1111",1
201,"0000|1001|1101|1111",10
201,"0000|1000|1111",3
202,"0000|1111",8176
202,"0000|1101|1111",780
202,"0000|0011|1111",640
202,"0000|1000|1101|1111",29
202,"0000|1101",143
202,"0000|1000|1100|1111",106
202,"0000|0011|1101|1111",70
202,"0000|1001|1101|1111",13
202,"0000|1000|1111",28
202,"0000|0011|1101",6
202,"0000|0011|1000|1101|1111",2
202,"0000|0011|1000|1100|1111",4
202,"0000|0011|1000|1111",3
203,"0000|1101",595
203,"0000|1111",7266
203,"0000|1101|1111",1141
203,"0000|0011|1111",574
203,"0000|0011|1101",36
203,"0000|1001|1101",62
203,"0000|0011|1101|1111",83
203,"0000|0011|1001|1101|1111",7
203,"0000|1000|1101",89
203,"0000|1000|1101|1111",60
203,"0000|1000|1111",5
203,"0000|1001|1101|1111",38
203,"0000|0011|1000|1101",10
203,"0000|0011|1001|1101",14
203,"0000|1000|1100|1111",8
203,"0000|0011|1011|1111",6
203,"0000|0011|1000|1101|1111",5
203,"0000|0011|1011|1101|1111",1
204,"0000|1111",7200
204,"0000|0011|1101|1111",137
204,"0000|0011|1111",1349
204,"0000|1101|1111",671
204,"0000|1000|1101|1111",159
204,"0000|1000|1101",185
204,"0000|1101",93
204,"0000|0011|1000|1101",37
204,"0000|1000|1100|1111",91
204,"0000|0011|1000|1101|1111",22
204,"0000|0011|1101",22
204,"0000|1000|1111",13
204,"0000|0011|1000|1100|1111",19
204,"0000|0011|1000|1111",2
205,"0000|1111",9056
205,"0000|1000|1100|1111",411
205,"0000|0011|1111",425
205,"0000|0011|1000|1100|1111",17
205,"0000|1000|1111",84
205,"0000|0011|1000|1111",7
206,"0000|1000|1100|1111",94
206,"0000|1111",8109
206,"0000|1101|1111",708
206,"0000|1000|1101",210
206,"0000|0011|1111",495
206,"0000|1101",104
206,"0000|0011|1101",9
206,"0000|1000|1111",15
206,"0000|1000|1101|1111",170
206,"0000|0011|1000|1101",10
206,"0000|0011|1101|1111",53
206,"0000|0011|1000|1101|1111",16
206,"0000|0011|1000|1100|1111",7
207,"0000|1101",112
207,"0000|0011|1111",1395
207,"0000|1111",7429
207,"0000|1101|1111",716
207,"0000|1000|1100|1111",108
207,"0000|1001|1101|1111",32
207,"0000|0011|1101|1111",103
207,"0000|1000|1111",18
207,"0000|1000|1101|1111",22
207,"0000|0011|1101",22
207,"0000|0011|1001|1101|1111",10
207,"0000|0011|1000|1100|1111",21
207,"0000|0011|1000|1111",4
207,"0000|1001|1101",2
207,"0000|0011|1000|1101|1111",4
207,"0000|1001|1111",1
207,"0000|0011|1001|1101",1
208,"0000|1001|1101",494
208,"0000|1111",6227
208,"0000|0011|1101",20
208,"0000|1101|1111",684
208,"0000|0011|1101|1111",181
208,"0000|0011|1111",1585
208,"0000|1001|1101|1111",326
208,"0000|0011|1001|1101|1111",80
208,"0000|1000|1101",84
208,"0000|0011|1001|1101",153
208,"0000|1101",83
208,"0000|0011|1000|1101|1111",7
208,"0000|1000|1101|1111",42
208,"0000|0011|1000|1101",18
208,"0000|1000|1100|1111",9
208,"0000|0011|1011|1111",1
208,"0000|0011|1000|1100|1111",2
208,"0000|1000|1111",4
209,"0000|1111",8260
209,"0000|1101|1111",731
209,"0000|1000|1100|1111",121
209,"0000|0011|1111",525
209,"0000|1101",132
209,"0000|1001|1101",12
209,"0000|1001|1101|1111",99
209,"0000|0011|1101|1111",36
209,"0000|1000|1111",23
209,"0000|0011|1001|1101|1111",26
209,"0000|1000|1101|1111",17
209,"0000|0011|1001|1101",4
209,"0000|0011|1101",5
209,"0000|0011|1000|1100|1111",7
209,"0000|0011|1000|1101|1111",1
209,"0000|1001|1111",1
210,"0000|1111",7157
210,"0000|1000|1111",330
210,"0000|0011|1111",2350
210,"0000|0011|1101|1111",13
210,"0000|1000|1101",5
210,"0000|0011|1000|1111",89
210,"0000|1101|1111",28
210,"0000|1000|1101|1111",11
210,"0000|0011|1000|1101",2
210,"0000|0011|1000|1101|1111",7
210,"0000|1000|1100|1111",4
210,"0000|1101",3
210,"0000|0011|1011|1111",1
211,"0000|1111",8807
211,"0000|0011|1111",696
211,"0000|1000|1111",454
211,"0000|0011|1000|1111",37
211,"0000|1000|1100|1111",6
212,"0000|1111",8709
212,"0000|1000|1111",423
212,"0000|0011|1111",716
212,"0000|1000|1101|1111",46
212,"0000|1101|1111",49
212,"0000|0011|1000|1111",29
212,"0000|0011|1101|1111",8
212,"0000|1000|1101",11
212,"0000|0011|1000|1101|1111",1
212,"0000|0011|1011|1111",4
212,"0000|1101",1
212,"0000|1000|1100|1111",2
212,"0000|0011|1000|1011|1111",1
213,"0000|0011|1111",2455
213,"0000|1111",7270
213,"0000|1000|1111",123
213,"0000|0011|1101|1111",11
213,"0000|0011|1000|1111",43
213,"0000|1101|1111",59
213,"0000|1001|1111",26
213,"0000|0011|1001|1111",9
213,"0000|1001|1101|1111",1
213,"0000|0011|1011|1111",1
213,"0000|1101",1
213,"0000|0011|1101",1
214,"0000|1111",6531
214,"0000|0011|1111",1926
214,"0000|1001|1111",683
214,"0000|1001|1101|1111",78
214,"0000|0011|1011|1111",231
214,"0000|0011|1000|1111",28
214,"0000|0011|1001|1111",231
214,"0000|1101|1111",44
214,"0000|1000|1111",120
214,"0000|0011|1001|1101|1111",16
214,"0000|0011|1001|1011|1111",33
214,"0000|0011|1101|1111",13
214,"0000|0011|1011|1101|1111",3
214,"0000|0011|1001|1011|1101|1111",4
214,"0000|1001|1101",22
214,"0000|0011|1101",1
214,"0000|1000|1101|1111",13
214,"0000|1000|1101",7
214,"0000|0011|1001|1101",4
214,"0000|0011|1001|1011|1101",2
214,"0000|1101",3
214,"0000|0011|1000|1101|1111",5
214,"0000|0011|1000|1100|1111",1
214,"0000|0011|1000|1011|1101",1
215,"0000|1111",8945
215,"0000|0011|1111",697
215,"0000|1000|1111",177
215,"0000|0011|1001|1111",24
215,"0000|1001|1111",86
215,"0000|1101|1111",45
215,"0000|1001|1101|1111",3
215,"0000|0011|1011|1111",4
215,"0000|0011|1000|1111",9
215,"0000|1000|1100|1111",4
215,"0000|0011|1101|1111",1
215,"0000|0011|1001|1101|1111",2
215,"0000|1101",3
216,"0000|1111",8007
216,"0000|1000|1111",403
216,"0000|0011|1111",1508
216,"0000|0011|1000|1111",74
216,"0000|1000|1100|1111",6
216,"0000|0011|1000|1100|1111",2
217,"0000|1111",7480
217,"0000|1000|1111",340
217,"0000|0011|1111",1977
217,"0000|1101|1111",49
217,"0000|0011|1000|1111",91
217,"0000|0011|1000|1101|1111",11
217,"0000|1000|1101|1111",29
217,"0000|0011|1101|1111",13
217,"0000|1101",1
217,"0000|1000|1101",6
217,"0000|0011|1011|1111",1
217,"0000|1000|1100|1111",1
217,"0000|0011|1000|1101",1
218,"0000|1111",8889
218,"0000|0011|1111",607
218,"0000|1000|1111",461
218,"0000|0011|1000|1111",36
218,"0000|1000|1100|1111",6
218,"0000|0011|1000|1100|1111",1
219,"0000|1111",6936
219,"0000|0011|1111",1833
219,"0000|1001|1111",794
219,"0000|1001|1101|1111",60
219,"0000|1000|1111",138
219,"0000|0011|1000|1111",34
219,"0000|0011|1001|1111",190
219,"0000|0011|1001|1101|1111",11
219,"0000|1000|1100|1111",2
219,"0000|1001|1101",1
219,"0000|0011|1000|1100|1111",1
220,"0000|0011|1111",1929
220,"0000|1111",3445
220,"0000|0011|1000|1111",1083
220,"0000|1000|1111",1800
220,"0000|0011|1101|1111",243
220,"0000|0011|1101",165
220,"0000|1101",334
220,"0000|1101|1111",442
220,"0000|0011|1001|1111",61
220,"0000|0011|1000|1101|1111",101
220,"0000|1000|1101|1111",187
220,"0000|1000|1101",79
220,"0000|1001|1111",54
220,"0000|0011|1000|1101",47
220,"0000|1001|1101",2
220,"0000|0011|1001|1101|1111",10
220,"0000|1001|1101|1111",9
220,"0000|1000|1100|1111",6
220,"0000|0011|1001|1101",2
220,"0000|0011|1000|1100|1111",1
221,"0000|1000|1101",2136
221,"0000|1101",5880
221,"0000|1000|1101|1111",826
221,"0000|0011|1000|1101",103
221,"0000|0011|1101",287
221,"0000|1000|1100|1111",296
221,"0000|1101|1111",276
221,"0000|1001|1101|1111",35
221,"0000|1001|1101",87
221,"0000|0011|1000|1101|1111",43
221,"0000|0011|1000|1100|1111",13
221,"0000|0011|1101|1111",14
221,"0000|0011|1001|1101",4
222,"0000|1000|1111",2633
222,"0000|1111",5004
222,"0000|1000|1101|1111",265
222,"0000|0011|1000|1101|1111",26
222,"0000|0011|1000|1111",224
222,"0000|1101|1111",668
222,"0000|1101",463
222,"0000|1001|1111",123
222,"0000|1000|1101",97
222,"0000|0011|1111",360
222,"0000|0011|1101",39
222,"0000|0011|1101|1111",44
222,"0000|0011|1000|1101",6
222,"0000|1001|1101|1111",16
222,"0000|1000|1100|1111",11
222,"0000|0011|1001|1111",10
222,"0000|0011|1001|1101",2
222,"0000|1001|1101",5
222,"0000|0011|1000|1100|1111",3
222,"0000|0011|1001|1101|1111",1
223,"0000|1000|1111",8504
223,"0000|1000|1100|1111",83
223,"0000|0011|1000|1111",410
223,"0000|1000|1101|1111",713
223,"0000|1000|1101",238
223,"0000|0011|1000|1101|1111",40
223,"0000|0011|1000|1100|1111",4
223,"0000|0011|1000|1101",8
224,"0000|1000|1111",2391
224,"0000|0011|1111",757
224,"0000|1111",4325
224,"0000|0011|1000|1111",466
224,"0000|0011|1001|1111",62
224,"0000|1000|1101|1111",293
224,"0000|1101|1111",566
224,"0000|1001|1101|1111",28
224,"0000|1101",447
224,"0000|0011|1101",72
224,"0000|0011|1000|1101|1111",56
224,"0000|1000|1101",91
224,"0000|1001|1101",23
224,"0000|0011|1101|1111",92
224,"0000|1001|1111",287
224,"0000|0011|1000|1101",20
224,"0000|0011|1001|1101",7
224,"0000|1000|1100|1111",10
224,"0000|0011|1001|1101|1111",7
225,"0000|1111",5546
225,"0000|1000|1111",3006
225,"0000|0011|1111",261
225,"0000|0011|1000|1100|1111",7
225,"0000|1001|1111",120
225,"0000|1101|1111",682
225,"0000|0011|1000|1111",123
225,"0000|1101",99
225,"0000|1001|1101|1111",6
225,"0000|1000|1101|1111",22
225,"0000|1000|1100|1111",79
225,"0000|0011|1101|1111",35
225,"0000|0011|1101",3
225,"0000|0011|1001|1111",10
225,"0000|0011|1000|1101|1111",1
226,"0000|1111",4406
226,"0000|0011|1111",216
226,"0000|1001|1101|1111",103
226,"0000|1000|1111",2649
226,"0000|1001|1111",738
226,"0000|1101|1111",558
226,"0000|1101",441
226,"0000|1000|1101",128
226,"0000|0011|1001|1111",114
226,"0000|1001|1101",55
226,"0000|0011|1000|1111",182
226,"0000|0011|1000|1101|1111",22
226,"0000|1000|1101|1111",308
226,"0000|0011|1101|1111",23
226,"0000|0011|1001|1101|1111",11
226,"0000|0011|1101",24
226,"0000|0011|1000|1101",7
226,"0000|0011|1001|1101",10
226,"0000|1000|1100|1111",5
227,"0000|1111",4838
227,"0000|0011|1111",2973
227,"0000|0011|1101|1111",467
227,"0000|1101",462
227,"0000|1101|1111",763
227,"0000|1000|1101|1111",43
227,"0000|0011|1000|1101",48
227,"0000|0011|1101",293
227,"0000|0011|1000|1101|1111",19
227,"0000|1000|1101",65
227,"0000|1000|1100|1111",11
227,"0000|0011|1000|1100|1111",7
227,"0000|0011|1001|1101",2
227,"0000|1001|1101",4
227,"0000|1000|1111",1
227,"0000|0011|1001|1101|1111",4
228,"0000|0011|1111",5726
228,"0000|1111",3897
228,"0000|0011|1000|1111",96
228,"0000|0011|1101",12
228,"0000|0011|1101|1111",92
228,"0000|1000|1111",75
228,"0000|1101|1111",55
228,"0000|0011|1011|1111",2
228,"0000|0011|1001|1111",6
228,"0000|0011|1000|1101|1111",9
228,"0000|1101",16
228,"0000|1000|1101|1111",8
228,"0000|0011|1000|1101",1
228,"0000|1000|1101",3
228,"0000|1001|1111",2
229,"0000|1111",5950
229,"0000|0011|1111",3497
229,"0000|1000|1111",289
229,"0000|0011|1000|1111",172
229,"0000|1000|1101|1111",19
229,"0000|1101",2
229,"0000|1000|1101",6
229,"0000|1101|1111",25
229,"0000|0011|1101|1111",20
229,"0000|0011|1000|1101|1111",15
229,"0000|0011|1000|1101",4
229,"0000|0011|1101",1
230,"0000|1111",3691
230,"0000|0011|1111",5951
230,"0000|0011|1101|1111",69
230,"0000|0011|1001|1111",24
230,"0000|1000|1111",71
230,"0000|0011|1000|1101|1111",7
230,"0000|1101|1111",49
230,"0000|0011|1000|1111",84
230,"0000|1101",13
230,"0000|0011|1001|1011|1111",1
230,"0000|0011|1001|1101",3
230,"0000|0011|1001|1101|1111",2
230,"0000|1001|1111",9
230,"0000|0011|1101",19
230,"0000|0011|1000|1101",1
230,"0000|1000|1101|1111",3
230,"0000|1000|1101",3
231,"0000|1111",6083
231,"0000|0011|1111",3682
231,"0000|1101|1111",52
231,"0000|1000|1111",101
231,"0000|1000|1100|1111",3
231,"0000|0011|1000|1111",41
231,"0000|0011|1101|1111",24
231,"0000|1101",2
231,"0000|1001|1111",6
231,"0000|0011|1000|1100|1111",1
231,"0000|0011|1001|1111",5
232,"0000|1111",4825
232,"0000|0011|1111",4743
232,"0000|1000|1111",87
232,"0000|0011|1000|1111",61
232,"0000|0011|1000|1101",3
232,"0000|1101|1111",65
232,"0000|1101",18
232,"0000|0011|1000|1101|1111",4
232,"0000|0011|1101|1111",50
232,"0000|1000|1101|1111",8
232,"0000|1001|1111",24
232,"0000|0011|1001|1111",65
232,"0000|0011|1101",20
232,"0000|1001|1101|1111",2
232,"0000|0011|1001|1101",7
232,"0000|1000|1101",6
232,"0000|0011|1011|1101|1111",1
232,"0000|0011|1011|1111",2
232,"0000|0011|1001|1101|1111",9
233,"0000|1111",7240
233,"0000|0011|1111",562
233,"0000|1101",748
233,"0000|1101|1111",1135
233,"0000|0011|1101|1111",96
233,"0000|1000|1101",84
233,"0000|0011|1101",64
233,"0000|1000|1101|1111",44
233,"0000|1000|1100|1111",6
233,"0000|1001|1101",7
233,"0000|0011|1000|1101|1111",3
233,"0000|0011|1000|1111",1
233,"0000|0011|1000|1101",7
233,"0000|1001|1101|1111",2
233,"0000|1000|1111",1
234,"0000|1000|1100|1111",65
234,"0000|1101",139
234,"0000|1111",8161
234,"0000|1000|1101",239
234,"0000|1101|1111",749
234,"0000|0011|1111",398
234,"0000|1000|1111",22
234,"0000|1000|1101|1111",170
234,"0000|0011|1000|1100|1111",6
234,"0000|0011|1101",5
234,"0000|0011|1101|1111",28
234,"0000|0011|1000|1101",9
234,"0000|0011|1000|1101|1111",9
235,"0000|1111",6655
235,"0000|0011|1111",1242
235,"0000|1101|1111",999
235,"0000|0011|1101|1111",177
235,"0000|1101",607
235,"0000|1000|1101",95
235,"0000|0011|1101",97
235,"0000|1000|1100|1111",7
235,"0000|1000|1101|1111",48
235,"0000|0011|1000|1101|1111",11
235,"0000|1001|1101|1111",17
235,"0000|1001|1101",25
235,"0000|0011|1000|1101",10
235,"0000|0011|1000|1100|1111",5
235,"0000|1000|1111",1
235,"0000|0011|1001|1101|1111",2
235,"0000|0011|1001|1101",2
236,"0000|1111",8388
236,"0000|1101|1111",824
236,"0000|0011|1111",397
236,"0000|1000|1111",20
236,"0000|1101",153
236,"0000|1000|1100|1111",136
236,"0000|0011|1101|1111",40
236,"0000|1001|1101|1111",9
236,"0000|0011|1000|1100|1111",3
236,"0000|0011|1101",3
236,"0000|1000|1101|1111",27
237,"0000|1111",7334
237,"0000|1101|1111",1174
237,"0000|0011|1111",491
237,"0000|1101",635
237,"0000|1000|1101",80
237,"0000|1000|1101|1111",62
237,"0000|0011|1101|1111",66
237,"0000|1001|1101",51
237,"0000|0011|1001|1101",12
237,"0000|0011|1101",23
237,"0000|1001|1101|1111",36
237,"0000|0011|1000|1101",3
237,"0000|0011|1001|1101|1111",7
237,"0000|1000|1111",3
237,"0000|0011|1000|1100|1111",1
237,"0000|0011|1000|1101|1111",7
237,"0000|1000|1100|1111",15
238,"0000|1111",8741
238,"0000|0011|1111",682
238,"0000|1101|1111",49
238,"0000|1000|1111",440
238,"0000|0011|1000|1111",36
238,"0000|0011|1000|1101",1
238,"0000|1000|1101|1111",33
238,"0000|0011|1101|1111",9
238,"0000|1000|1100|1111",1
238,"0000|1000|1101",6
238,"0000|1101",1
238,"0000|0011|1000|1101|1111",1
239,"0000|1111",7231
239,"0000|0011|1111",2387
239,"0000|0011|1000|1111",40
239,"0000|1101|1111",105
239,"0000|1101",26
239,"0000|1001|1111",28
239,"0000|1000|1111",109
239,"0000|0011|1101|1111",42
239,"0000|0011|1101",10
239,"0000|0011|1001|1111",4
239,"0000|0011|1000|1101|1111",2
239,"0000|1000|1101|1111",7
239,"0000|0011|1001|1101|1111",2
239,"0000|1000|1101",1
239,"0000|0011|1001|1101",2
239,"0000|1001|1101|1111",3
239,"0000|0011|1011|1111",1
240,"0000|1111",9064
240,"0000|0011|1111",705
240,"0000|1000|1111",148
240,"0000|1101|1111",50
240,"0000|1001|1111",8
240,"0000|0011|1000|1111",14
240,"0000|0011|1001|1111",3
240,"0000|1000|1100|1111",2
240,"0000|1101",1
240,"0000|0011|1101|1111",5
241,"0000|1101|1111",103
241,"0000|1111",8863
241,"0000|0011|1001|1111",16
241,"0000|0011|1111",703
241,"0000|1001|1111",81
241,"0000|0011|1000|1111",9
241,"0000|1000|1111",137
241,"0000|0011|1101|1111",12
241,"0000|1000|1101|1111",17
241,"0000|1101",33
241,"0000|1001|1101|1111",11
241,"0000|1000|1101",6
241,"0000|0011|1011|1111",5
241,"0000|0011|1001|1101",1
241,"0000|1000|1100|1111",1
241,"0000|0011|1101",1
241,"0000|1001|1101",1
242,"0000|1111",7921
242,"0000|1000|1111",428
242,"0000|0011|1111",1471
242,"0000|0011|1000|1111",69
242,"0000|1101|1111",39
242,"0000|0011|1101|1111",8
242,"0000|1000|1101|1111",37
242,"0000|0011|1000|1101|1111",11
242,"0000|1000|1101",8
242,"0000|0011|1000|1101",3
242,"0000|1101",4
242,"0000|0011|1000|1100|1111",1
243,"0000|1111",9052
243,"0000|1000|1111",484
243,"0000|0011|1111",435
243,"0000|0011|1000|1111",21
243,"0000|1000|1100|1111",7
243,"0000|0011|1000|1100|1111",1
244,"0000|1111",8924
244,"0000|0011|1111",545
244,"0000|1000|1111",399
244,"0000|1101|1111",46
244,"0000|0011|1000|1111",36
244,"0000|1000|1101|1111",34
244,"0000|0011|1000|1101",2
244,"0000|1000|1101",9
244,"0000|1000|1100|1111",3
244,"0000|0011|1000|1101|1111",1
244,"0000|1101",1
245,"0000|1111",8242
245,"0000|1000|1111",139
245,"0000|0011|1111",1499
245,"0000|1001|1111",32
245,"0000|1101|1111",49
245,"0000|0011|1000|1111",26
245,"0000|1001|1101|1111",2
245,"0000|0011|1101|1111",5
245,"0000|0011|1001|1111",4
245,"0000|1101",1
245,"0000|1000|1100|1111",1
246,"0000|1111",6917
246,"0000|0011|1111",1820
246,"0000|1001|1111",706
246,"0000|0011|1001|1111",194
246,"0000|0011|1001|1101|1111",17
246,"0000|1000|1111",130
246,"0000|1101|1111",38
246,"0000|0011|1000|1111",34
246,"0000|1001|1101|1111",92
246,"0000|0011|1101|1111",6
246,"0000|1000|1101",4
246,"0000|1001|1101",18
246,"0000|1000|1101|1111",11
246,"0000|0011|1000|1101",1
246,"0000|0011|1001|1101",6
246,"0000|0011|1011|1111",2
246,"0000|0011|1101",3
246,"0000|1101",1
247,"0000|1111",9063
247,"0000|0011|1111",605
247,"0000|1001|1111",76
247,"0000|1000|1111",146
247,"0000|1101|1111",64
247,"0000|0011|1000|1111",9
247,"0000|0011|1001|1111",20
247,"0000|1001|1101|1111",6
247,"0000|0011|1001|1101|1111",2
247,"0000|1000|1101|1111",1
247,"0000|1101",3
247,"0000|0011|1101|1111",2
247,"0000|1000|1100|1111",3
248,"0000|1101",498
248,"0000|1000|1111",2693
248,"0000|1000|1101|1111",320
248,"0000|1111",5148
248,"0000|0011|1000|1101|1111",15
248,"0000|0011|1101|1111",31
248,"0000|0011|1111",252
248,"0000|1101|1111",611
248,"0000|1001|1111",132
248,"0000|0011|1000|1111",135
248,"0000|1000|1101",119
248,"0000|0011|1001|1111",10
248,"0000|1001|1101|1111",10
248,"0000|0011|1101",16
248,"0000|0011|1001|1101",1
248,"0000|1001|1101",3
248,"0000|1000|1100|1111",4
248,"0000|0011|1000|1101",1
248,"0000|0011|1001|1101|1111",1
249,"0000|1111",6081
249,"0000|0011|1111",3559
249,"0000|1000|1111",97
249,"0000|0011|1000|1101",3
249,"0000|1101",24
249,"0000|1101|1111",76
249,"0000|0011|1000|1111",63
249,"0000|0011|1101|1111",62
249,"0000|0011|1000|1101|1111",9
249,"0000|0011|1101",7
249,"0000|1001|1111",6
249,"0000|1000|1101|1111",3
249,"0000|1000|1101",4
249,"0000|0011|1001|1111",6
250,"0000|1111",7482
250,"0000|1101|1111",1172
250,"0000|1101",728
250,"0000|0011|1111",329
250,"0000|1000|1101|1111",53
250,"0000|1000|1101",108
250,"0000|0011|1101",38
250,"0000|0011|1101|1111",62
250,"0000|1000|1100|1111",12
250,"0000|1001|1101",5
250,"0000|1000|1111",3
250,"0000|0011|1000|1101|1111",4
250,"0000|0011|1000|1101",2
250,"0000|0011|1001|1101|1111",1
250,"0000|1001|1101|1111",1
251,"0000|1111",8957
251,"0000|0011|1111",726
251,"0000|1000|1111",127
251,"0000|1101|1111",104
251,"0000|0011|1101|1111",20
251,"0000|1000|1101|1111",13
251,"0000|1101",29
251,"0000|0011|1000|1111",4
251,"0000|1001|1111",8
251,"0000|1000|1101",4
251,"0000|0011|1000|1101|1111",3
251,"0000|1001|1101|1111",1
251,"0000|0011|1000|1101",2
251,"0000|0011|1001|1111",1
251,"0000|0011|1101",1
252,"0000|1111",9003
252,"0000|1000|1111",438
252,"0000|0011|1111",438
252,"0000|1101|1111",46
252,"0000|1101",4
252,"0000|1000|1101|1111",28
252,"0000|0011|1000|1111",26
252,"0000|1000|1101",12
252,"0000|0011|1101|1111",2
252,"0000|1000|1100|1111",2
252,"0000|0011|1000|1101|1111",1
253,"0000|1111",8168
253,"0000|0011|1111",1467
253,"0000|0011|1000|1111",16
253,"0000|0011|1101|1111",15
253,"0000|1000|1111",122
253,"0000|1000|1101|1111",17
253,"0000|1001|1111",22
253,"0000|1101|1111",115
253,"0000|1101",32
253,"0000|0011|1001|1111",10
253,"0000|1000|1101",5
253,"0000|0011|1001|1101|1111",1
253,"0000|0011|1000|1101|1111",3
253,"0000|1001|1101|1111",3
253,"0000|0011|1101",3
253,"0000|0011|1000|1101",1
254,"0000|1111",9305
254,"0000|0011|1111",449
254,"0000|1000|1111",169
254,"0000|1101|1111",55
254,"0000|1001|1111",10
254,"0000|1101",1
254,"0000|1000|1101|1111",1
254,"0000|1001|1101|1111",1
254,"0000|0011|1000|1111",6
254,"0000|0011|1101|1111",2
254,"0000|1000|1100|1111",1
255,"0000|1111",8937
255,"0000|1000|1111",145
255,"0000|1101|1111",128
255,"0000|0011|1111",613
255,"0000|1101",41
255,"0000|1000|1101|1111",16
255,"0000|1001|1111",67
255,"0000|0011|1101|1111",10
255,"0000|0011|1000|1111",11
255,"0000|0011|1001|1111",13
255,"0000|0011|1101",3
255,"0000|1000|1101",3
255,"0000|1001|1101|1111",10
255,"0000|0011|1000|1101|1111",2
255,"0000|1001|1101",1
256,"0000|1111",9173
256,"0000|0011|1111",477
256,"0000|1101",33
256,"0000|1000|1111",150
256,"0000|1101|1111",124
256,"0000|1000|1101|1111",14
256,"0000|0011|1000|1101",1
256,"0000|0011|1101|1111",6
256,"0000|0011|1000|1111",6
256,"0000|1001|1101",1
256,"0000|0011|1000|1101|1111",3
256,"0000|1001|1111",9
256,"0000|1000|1101",2
256,"0000|0011|1101",1
