circuit_idx,src,tgt,n_src_samples,n_edge_samples,confidence,dominant_type,hamming
1,0010,0000,121,121,1.0,bistable,1
1,1000,0000,121,121,1.0,bistable,1
1,1010,0010,121,121,1.0,bistable,1
1,1010,1000,121,121,1.0,bistable,1
2,0010,0000,183,183,1.0,bistable,1
2,1000,0000,183,183,1.0,bistable,1
2,1010,0010,183,183,1.0,bistable,1
2,1010,1000,183,183,1.0,bistable,1
3,0010,0000,132,132,1.0,bistable,1
3,1000,0000,132,132,1.0,bistable,1
3,1010,0010,132,132,1.0,bistable,1
3,1010,1000,132,132,1.0,bistable,1
4,0010,0000,92,92,1.0,bistable,1
4,1000,0000,92,92,1.0,bistable,1
4,1010,0010,92,92,1.0,bistable,1
4,1010,1000,92,92,1.0,bistable,1
5,0010,0000,98,98,1.0,bistable,1
5,1000,0000,98,98,1.0,bistable,1
5,1000,1001,98,36,0.3673,invasion,1
5,1010,0010,98,98,1.0,bistable,1
5,1010,1000,98,98,1.0,bistable,1
5,1010,1011,98,45,0.4592,invasion,1
6,0010,0000,170,170,1.0,bistable,1
6,1000,0000,170,170,1.0,bistable,1
6,1010,0010,170,170,1.0,bistable,1
6,1010,1000,170,170,1.0,bistable,1
7,0010,0000,241,241,1.0,bistable,1
7,1000,0000,241,241,1.0,bistable,1
7,1010,0010,241,241,1.0,bistable,1
7,1010,1000,241,241,1.0,bistable,1
8,0010,0000,237,237,1.0,bistable,1
8,1000,0000,237,237,1.0,bistable,1
8,1010,0010,228,228,1.0,bistable,1
8,1010,0000,228,221,0.9693,bistable,2
8,1010,1000,228,7,0.0307,bistable,1
9,0010,0000,215,215,1.0,bistable,1
9,1000,1010,215,195,0.907,invasion,1
9,1000,0000,215,215,1.0,bistable,1
9,1010,0010,16,16,1.0,bistable,1
9,1010,1000,16,16,1.0,bistable,1
10,0010,0000,197,197,1.0,bistable,1
10,1000,0000,197,197,1.0,bistable,1
10,1010,0010,197,197,1.0,bistable,1
10,1010,1000,197,197,1.0,bistable,1
11,0010,0000,156,156,1.0,bistable,1
11,1000,0000,156,156,1.0,bistable,1
11,1010,0010,156,156,1.0,bistable,1
11,1010,1000,156,156,1.0,bistable,1
12,0010,0000,197,197,1.0,bistable,1
12,1000,0000,197,197,1.0,bistable,1
12,1010,0010,197,197,1.0,bistable,1
12,1010,1000,197,197,1.0,bistable,1
13,0010,0000,258,258,1.0,bistable,1
13,1000,0000,258,258,1.0,bistable,1
13,1010,0010,258,258,1.0,bistable,1
13,1010,1000,258,258,1.0,bistable,1
13,1010,1011,258,130,0.5039,invasion,1
13,1000,1001,258,104,0.4031,invasion,1
13,1011,0011,2,2,1.0,bistable,1
13,1011,1001,2,2,1.0,bistable,1
14,0010,0000,187,187,1.0,bistable,1
14,1000,0000,187,187,1.0,bistable,1
14,1010,0010,187,187,1.0,bistable,1
14,1010,1000,187,187,1.0,bistable,1
14,1000,1001,187,68,0.3636,invasion,1
14,1010,1011,187,87,0.4652,invasion,1
14,1011,0011,1,1,1.0,bistable,1
14,1011,1001,1,1,1.0,bistable,1
15,0010,0000,98,98,1.0,bistable,1
15,1000,0000,98,98,1.0,bistable,1
15,1010,0010,98,98,1.0,bistable,1
15,1010,1000,98,98,1.0,bistable,1
15,1000,1001,98,30,0.3061,invasion,1
15,1010,1011,98,42,0.4286,invasion,1
16,0010,0000,109,109,1.0,bistable,1
16,1000,0000,109,109,1.0,bistable,1
16,1010,0010,109,109,1.0,bistable,1
16,1010,1000,109,109,1.0,bistable,1
17,0010,0000,160,160,1.0,bistable,1
17,1000,0000,160,160,1.0,bistable,1
17,1010,0010,160,160,1.0,bistable,1
17,1010,1000,160,160,1.0,bistable,1
18,0010,0000,236,236,1.0,bistable,1
18,1000,0000,236,236,1.0,bistable,1
18,1010,0010,236,236,1.0,bistable,1
18,1010,1000,236,236,1.0,bistable,1
19,0010,0000,164,164,1.0,bistable,1
19,1000,0000,164,164,1.0,bistable,1
19,1010,0010,164,164,1.0,bistable,1
19,1010,1000,164,164,1.0,bistable,1
19,1010,1011,164,76,0.4634,invasion,1
19,1000,1001,164,55,0.3354,invasion,1
20,0010,0000,270,270,1.0,bistable,1
20,1000,0000,270,270,1.0,bistable,1
20,1010,0010,270,270,1.0,bistable,1
20,1010,1000,270,270,1.0,bistable,1
21,0010,0000,245,245,1.0,bistable,1
21,1000,0000,245,245,1.0,bistable,1
21,1010,0010,245,245,1.0,bistable,1
21,1010,1000,245,245,1.0,bistable,1
22,0010,0000,98,98,1.0,bistable,1
22,1000,0000,98,98,1.0,bistable,1
22,1010,0010,98,98,1.0,bistable,1
22,1010,1000,98,98,1.0,bistable,1
23,0010,0000,91,91,1.0,bistable,1
23,1000,0000,91,91,1.0,bistable,1
23,1000,1001,91,32,0.3516,invasion,1
23,1010,1011,91,44,0.4835,invasion,1
23,1010,0010,91,91,1.0,bistable,1
23,1010,1000,91,91,1.0,bistable,1
24,0010,0000,71,71,1.0,bistable,1
24,1000,0000,71,71,1.0,bistable,1
24,1010,0010,71,71,1.0,bistable,1
24,1010,1000,71,71,1.0,bistable,1
25,0010,0000,12,12,1.0,bistable,1
25,1000,0000,12,12,1.0,bistable,1
25,1010,0010,11,11,1.0,bistable,1
25,1010,0000,11,11,1.0,bistable,2
26,0010,0000,93,93,1.0,bistable,1
26,1000,0000,93,93,1.0,bistable,1
26,1010,0010,89,89,1.0,bistable,1
26,1010,0000,89,87,0.9775,bistable,2
26,1010,1000,89,2,0.0225,bistable,1
27,0010,0000,5000,5000,1.0,bistable,1
27,1000,0000,5000,5000,1.0,bistable,1
27,1010,0010,4916,4916,1.0,bistable,1
27,1010,0000,4916,4766,0.9695,bistable,2
27,1010,1000,4916,150,0.0305,bistable,1
28,0010,0000,166,166,1.0,bistable,1
28,1000,0000,166,166,1.0,bistable,1
28,1010,0010,163,163,1.0,bistable,1
28,1010,0000,163,155,0.9509,bistable,2
28,1000,1001,166,61,0.3675,invasion,1
28,1010,1011,163,29,0.1779,invasion,1
28,1010,1000,163,8,0.0491,bistable,1
29,0010,0000,3705,3705,1.0,bistable,1
29,1000,0000,3705,3705,1.0,bistable,1
29,1010,0010,3627,3627,1.0,bistable,1
29,1010,0000,3627,3513,0.9686,bistable,2
29,1010,1000,3627,114,0.0314,bistable,1
30,0010,0000,183,183,1.0,bistable,1
30,1000,0000,183,183,1.0,bistable,1
30,1010,0010,179,179,1.0,bistable,1
30,1010,0000,179,174,0.9721,bistable,2
30,1010,1000,179,5,0.0279,bistable,1
31,0010,0000,169,169,1.0,bistable,1
31,1000,1010,169,152,0.8994,invasion,1
31,1000,0000,169,169,1.0,bistable,1
31,1010,0010,14,14,1.0,bistable,1
31,1010,1000,14,13,0.9286,bistable,1
32,0010,0000,167,167,1.0,bistable,1
32,1000,0000,167,167,1.0,bistable,1
32,1000,1010,167,152,0.9102,invasion,1
32,1010,0010,14,14,1.0,bistable,1
32,1010,1000,14,11,0.7857,bistable,1
33,0010,0000,160,160,1.0,bistable,1
33,1000,0000,160,160,1.0,bistable,1
33,1000,1010,160,142,0.8875,invasion,1
33,1010,0010,12,12,1.0,bistable,1
33,1010,1000,12,11,0.9167,bistable,1
34,0010,0000,350,350,1.0,bistable,1
34,1000,1010,350,297,0.8486,invasion,1
34,1000,0000,350,350,1.0,bistable,1
34,1010,0010,44,44,1.0,bistable,1
34,1010,1000,44,39,0.8864,bistable,1
34,1000,1001,350,140,0.4,invasion,1
34,1010,1011,44,23,0.5227,invasion,1
35,0010,0000,64,64,1.0,bistable,1
35,1000,1010,64,55,0.8594,invasion,1
35,1000,0000,64,64,1.0,bistable,1
35,1010,0010,8,8,1.0,bistable,1
35,1010,1000,8,8,1.0,bistable,1
36,0010,0000,185,185,1.0,bistable,1
36,1000,1010,185,157,0.8486,invasion,1
36,1000,0000,185,185,1.0,bistable,1
36,1010,0010,23,23,1.0,bistable,1
36,1010,1000,23,22,0.9565,bistable,1
37,0010,0000,82,82,1.0,bistable,1
37,1000,0000,82,82,1.0,bistable,1
37,1000,1010,82,75,0.9146,invasion,1
37,1010,0010,5,5,1.0,bistable,1
37,1010,1000,5,2,0.4,bistable,1
37,1010,0000,5,2,0.4,bistable,2
38,0010,0000,8,8,1.0,bistable,1
38,1000,0000,8,8,1.0,bistable,1
38,1010,0010,8,8,1.0,bistable,1
38,1010,1000,8,8,1.0,bistable,1
39,0010,0000,209,209,1.0,bistable,1
39,1000,0000,209,209,1.0,bistable,1
39,1000,1001,209,69,0.3301,invasion,1
39,1010,1011,209,86,0.4115,invasion,1
39,1010,0010,209,209,1.0,bistable,1
39,1010,1000,209,209,1.0,bistable,1
40,0010,0000,250,250,1.0,bistable,1
40,1000,0000,250,250,1.0,bistable,1
40,1010,0010,250,250,1.0,bistable,1
40,1010,1000,250,250,1.0,bistable,1
40,1010,1011,250,128,0.512,invasion,1
40,1000,1001,250,99,0.396,invasion,1
41,0010,0000,85,85,1.0,bistable,1
41,1000,1001,85,36,0.4235,invasion,1
41,1000,0000,85,85,1.0,bistable,1
41,1010,1011,85,41,0.4824,invasion,1
41,1010,0010,85,85,1.0,bistable,1
41,1010,1000,85,85,1.0,bistable,1
42,0010,0000,68,68,1.0,bistable,1
42,1000,0000,68,68,1.0,bistable,1
42,1010,0010,68,68,1.0,bistable,1
42,1010,1000,68,68,1.0,bistable,1
43,0010,0000,93,93,1.0,bistable,1
43,1000,0000,93,93,1.0,bistable,1
43,1010,0010,93,93,1.0,bistable,1
43,1010,1000,93,93,1.0,bistable,1
44,0010,0000,93,93,1.0,bistable,1
44,1000,0000,93,93,1.0,bistable,1
44,1010,0010,93,93,1.0,bistable,1
44,1010,1000,93,93,1.0,bistable,1
45,0010,0000,93,93,1.0,bistable,1
45,1000,0000,93,93,1.0,bistable,1
45,1010,0010,93,93,1.0,bistable,1
45,1010,1000,93,93,1.0,bistable,1
45,1000,1001,93,29,0.3118,invasion,1
45,1010,1011,93,38,0.4086,invasion,1
46,0010,0000,93,93,1.0,bistable,1
46,1000,0000,93,93,1.0,bistable,1
46,1000,1001,93,37,0.3978,invasion,1
46,1010,0010,93,93,1.0,bistable,1
46,1010,1011,93,44,0.4731,invasion,1
46,1010,1000,93,93,1.0,bistable,1
47,0010,0000,93,93,1.0,bistable,1
47,1000,0000,93,93,1.0,bistable,1
47,1010,0010,93,93,1.0,bistable,1
47,1010,1000,93,93,1.0,bistable,1
47,1000,1001,93,36,0.3871,invasion,1
47,1010,1011,93,42,0.4516,invasion,1
48,0010,0000,92,92,1.0,bistable,1
48,1000,0000,92,92,1.0,bistable,1
48,1010,0010,92,92,1.0,bistable,1
48,1010,1000,92,92,1.0,bistable,1
49,0010,0000,92,92,1.0,bistable,1
49,1000,0000,92,92,1.0,bistable,1
49,1010,0010,92,92,1.0,bistable,1
49,1010,1000,92,92,1.0,bistable,1
50,0010,0000,92,92,1.0,bistable,1
50,1000,0000,92,92,1.0,bistable,1
50,1010,0010,92,92,1.0,bistable,1
50,1010,1000,92,92,1.0,bistable,1
51,0010,0000,92,92,1.0,bistable,1
51,1000,0000,92,92,1.0,bistable,1
51,1010,0010,92,92,1.0,bistable,1
51,1010,1000,92,92,1.0,bistable,1
51,1010,1011,92,46,0.5,invasion,1
51,1000,1001,92,39,0.4239,invasion,1
52,0010,0000,92,92,1.0,bistable,1
52,1000,0000,92,92,1.0,bistable,1
52,1010,0010,92,92,1.0,bistable,1
52,1010,1000,92,92,1.0,bistable,1
52,1000,1001,92,30,0.3261,invasion,1
52,1010,1011,92,40,0.4348,invasion,1
53,0010,0000,92,92,1.0,bistable,1
53,1000,0000,92,92,1.0,bistable,1
53,1010,0010,92,92,1.0,bistable,1
53,1010,1000,92,92,1.0,bistable,1
53,1000,1001,92,45,0.4891,invasion,1
53,1010,1011,92,46,0.5,invasion,1
53,1011,0011,1,1,1.0,bistable,1
53,1011,1001,1,1,1.0,bistable,1
54,0010,0000,93,93,1.0,bistable,1
54,1000,0000,93,93,1.0,bistable,1
54,1010,0010,93,93,1.0,bistable,1
54,1010,1000,93,93,1.0,bistable,1
55,0010,0000,91,91,1.0,bistable,1
55,1000,0000,91,91,1.0,bistable,1
55,1010,0010,91,91,1.0,bistable,1
55,1010,1000,91,91,1.0,bistable,1
56,0010,0000,121,121,1.0,bistable,1
56,1000,0000,121,121,1.0,bistable,1
56,1010,0010,121,121,1.0,bistable,1
56,1010,1000,121,121,1.0,bistable,1
57,0010,0000,120,120,1.0,bistable,1
57,1000,0000,120,120,1.0,bistable,1
57,1010,0010,120,120,1.0,bistable,1
57,1010,1000,120,120,1.0,bistable,1
57,1000,1001,120,45,0.375,invasion,1
57,1010,1011,120,60,0.5,invasion,1
58,0010,0000,237,237,1.0,bistable,1
58,1000,0000,237,237,1.0,bistable,1
58,1010,0010,234,234,1.0,bistable,1
58,1010,0000,234,228,0.9744,bistable,2
58,1010,1000,234,6,0.0256,bistable,1
59,0010,0000,5000,5000,1.0,bistable,1
59,1000,0000,5000,5000,1.0,bistable,1
59,1010,0010,4894,4894,1.0,bistable,1
59,1010,0000,4894,4757,0.972,bistable,2
59,1010,1000,4894,137,0.028,bistable,1
60,0010,0000,124,124,1.0,bistable,1
60,1000,0000,124,124,1.0,bistable,1
60,1010,0010,120,120,1.0,bistable,1
60,1010,0000,120,116,0.9667,bistable,2
60,1010,1000,120,4,0.0333,bistable,1
61,0010,0000,124,124,1.0,bistable,1
61,1000,0000,124,124,1.0,bistable,1
61,1010,0010,124,124,1.0,bistable,1
61,1010,0000,124,121,0.9758,bistable,2
61,1000,1001,124,41,0.3306,invasion,1
61,1010,1011,124,22,0.1774,invasion,1
61,1010,1000,124,3,0.0242,bistable,1
62,0010,0000,123,123,1.0,bistable,1
62,1000,0000,123,123,1.0,bistable,1
62,1000,1001,123,42,0.3415,invasion,1
62,1010,0010,123,123,1.0,bistable,1
62,1010,0000,123,119,0.9675,bistable,2
62,1010,1011,123,27,0.2195,invasion,1
62,1010,1000,123,4,0.0325,bistable,1
63,0010,0000,124,124,1.0,bistable,1
63,1000,0000,124,124,1.0,bistable,1
63,1010,0010,121,121,1.0,bistable,1
63,1010,0000,121,118,0.9752,bistable,2
63,1010,1011,121,27,0.2231,invasion,1
63,1000,1001,124,43,0.3468,invasion,1
63,1010,1000,121,3,0.0248,bistable,1
64,0010,0000,5000,5000,1.0,bistable,1
64,1000,0000,5000,5000,1.0,bistable,1
64,1010,0010,4903,4903,1.0,bistable,1
64,1010,0000,4903,4757,0.9702,bistable,2
64,1010,1000,4903,146,0.0298,bistable,1
65,0010,0000,124,124,1.0,bistable,1
65,1000,0000,124,124,1.0,bistable,1
65,1010,0010,124,124,1.0,bistable,1
65,1010,0000,124,121,0.9758,bistable,2
65,1010,1000,124,3,0.0242,bistable,1
66,0010,0000,5000,5000,1.0,bistable,1
66,1000,0000,5000,5000,1.0,bistable,1
66,1010,0010,4905,4905,1.0,bistable,1
66,1010,0000,4905,4766,0.9717,bistable,2
66,1010,1000,4905,139,0.0283,bistable,1
67,0010,0000,123,123,1.0,bistable,1
67,1000,0000,123,123,1.0,bistable,1
67,1000,1001,123,47,0.3821,invasion,1
67,1010,0010,122,122,1.0,bistable,1
67,1010,0000,122,121,0.9918,bistable,2
67,1010,1011,122,23,0.1885,invasion,1
67,1010,1000,122,1,0.0082,bistable,1
68,0010,0000,199,199,1.0,bistable,1
68,1000,0000,199,199,1.0,bistable,1
68,1010,0010,196,196,1.0,bistable,1
68,1010,1000,196,10,0.051,bistable,1
68,1010,0000,196,186,0.949,bistable,2
69,0010,0000,148,148,1.0,bistable,1
69,1000,0000,148,148,1.0,bistable,1
69,1010,0010,147,147,1.0,bistable,1
69,1010,0000,147,142,0.966,bistable,2
69,1010,1000,147,5,0.034,bistable,1
70,0010,0000,84,84,1.0,bistable,1
70,1000,0000,84,84,1.0,bistable,1
70,1010,0010,80,80,1.0,bistable,1
70,1010,0000,80,77,0.9625,bistable,2
70,1010,1000,80,3,0.0375,bistable,1
71,0010,0000,167,167,1.0,bistable,1
71,1000,0000,166,166,1.0,bistable,1
71,1000,1001,166,58,0.3494,invasion,1
71,1010,0010,163,163,1.0,bistable,1
71,1010,0000,163,157,0.9632,bistable,2
71,1010,1011,163,30,0.184,invasion,1
71,1010,1000,163,6,0.0368,bistable,1
72,0010,0000,205,205,1.0,bistable,1
72,1000,0000,205,205,1.0,bistable,1
72,1010,0010,196,196,1.0,bistable,1
72,1010,0000,196,190,0.9694,bistable,2
72,1010,1000,196,6,0.0306,bistable,1
73,0010,0000,87,87,1.0,bistable,1
73,1000,1010,87,80,0.9195,invasion,1
73,1000,0000,87,87,1.0,bistable,1
73,1010,0010,6,6,1.0,bistable,1
73,1010,1000,6,6,1.0,bistable,1
74,0010,0000,220,220,1.0,bistable,1
74,1000,1010,220,199,0.9045,invasion,1
74,1000,0000,220,220,1.0,bistable,1
74,1010,0010,18,18,1.0,bistable,1
74,1010,1000,18,17,0.9444,bistable,1
75,0010,0000,248,248,1.0,bistable,1
75,1000,1010,248,223,0.8992,invasion,1
75,1000,0000,248,248,1.0,bistable,1
75,1010,0010,21,21,1.0,bistable,1
75,1010,1000,21,21,1.0,bistable,1
76,0010,0000,245,245,1.0,bistable,1
76,1000,1010,245,224,0.9143,invasion,1
76,1000,0000,245,245,1.0,bistable,1
76,1000,1001,245,83,0.3388,invasion,1
76,1010,0010,16,16,1.0,bistable,1
76,1010,1000,16,14,0.875,bistable,1
76,1010,1011,16,4,0.25,invasion,1
77,0010,0000,242,242,1.0,bistable,1
77,1000,1010,242,221,0.9132,invasion,1
77,1000,0000,242,242,1.0,bistable,1
77,1000,1001,242,93,0.3843,invasion,1
77,1010,1011,16,8,0.5,invasion,1
77,1010,0010,16,16,1.0,bistable,1
77,1010,1000,16,13,0.8125,bistable,1
78,0010,0000,263,263,1.0,bistable,1
78,1000,0000,263,263,1.0,bistable,1
78,1010,0010,21,21,1.0,bistable,1
78,1010,1000,21,19,0.9048,bistable,1
78,1000,1010,263,237,0.9011,invasion,1
78,1000,1001,263,95,0.3612,invasion,1
78,1010,1011,21,9,0.4286,invasion,1
79,0010,0000,266,266,1.0,bistable,1
79,1000,0000,266,266,1.0,bistable,1
79,1000,1010,266,231,0.8684,invasion,1
79,1010,0010,25,25,1.0,bistable,1
79,1010,1000,25,23,0.92,bistable,1
80,0010,0000,499,499,1.0,bistable,1
80,1000,1010,499,434,0.8697,invasion,1
80,1000,0000,499,499,1.0,bistable,1
80,1010,0010,55,55,1.0,bistable,1
80,1010,1000,55,49,0.8909,bistable,1
81,0010,0000,209,209,1.0,bistable,1
81,1000,1010,209,182,0.8708,invasion,1
81,1000,0000,209,209,1.0,bistable,1
81,1010,0010,24,24,1.0,bistable,1
81,1010,1000,24,18,0.75,bistable,1
82,0010,0000,184,184,1.0,bistable,1
82,1000,1010,184,159,0.8641,invasion,1
82,1000,1001,184,70,0.3804,invasion,1
82,1000,0000,184,184,1.0,bistable,1
82,1010,0010,23,23,1.0,bistable,1
82,1010,1000,23,20,0.8696,bistable,1
82,1010,1011,23,7,0.3043,invasion,1
83,0010,0000,179,179,1.0,bistable,1
83,1000,1010,179,158,0.8827,invasion,1
83,1000,0000,179,179,1.0,bistable,1
83,1010,0010,18,18,1.0,bistable,1
83,1010,1000,18,14,0.7778,bistable,1
84,0010,0000,118,118,1.0,bistable,1
84,1000,1010,118,102,0.8644,invasion,1
84,1000,0000,118,118,1.0,bistable,1
84,1010,0010,9,10,1.1111,bistable,1
84,1010,1000,9,7,0.7778,bistable,1
85,0010,0000,118,118,1.0,bistable,1
85,1000,1010,118,102,0.8644,invasion,1
85,1000,0000,118,118,1.0,bistable,1
85,1010,0010,14,14,1.0,bistable,1
85,1010,1000,14,12,0.8571,bistable,1
86,0010,0000,80,80,1.0,bistable,1
86,1000,0000,80,80,1.0,bistable,1
86,1000,1010,80,68,0.85,invasion,1
86,1000,1001,80,40,0.5,invasion,1
86,1010,0010,11,11,1.0,bistable,1
86,1010,1011,11,6,0.5455,invasion,1
86,1010,1000,11,10,0.9091,bistable,1
87,0010,0000,80,80,1.0,bistable,1
87,1000,1010,80,68,0.85,invasion,1
87,1000,0000,80,80,1.0,bistable,1
87,1010,0010,11,11,1.0,bistable,1
87,1010,1000,11,10,0.9091,bistable,1
88,0010,0000,79,79,1.0,bistable,1
88,1000,0000,79,79,1.0,bistable,1
88,1000,1010,79,69,0.8734,invasion,1
88,1010,0010,4,4,1.0,bistable,1
88,1010,0000,4,4,1.0,bistable,2
89,0010,0000,80,80,1.0,bistable,1
89,1000,1010,80,71,0.8875,invasion,1
89,1000,0000,80,80,1.0,bistable,1
89,1010,0010,7,7,1.0,bistable,1
89,1010,0000,7,7,1.0,bistable,2
90,0010,0000,196,196,1.0,bistable,1
90,1000,1010,196,173,0.8827,invasion,1
90,1000,0000,196,196,1.0,bistable,1
90,1010,0010,17,17,1.0,bistable,1
90,1010,0000,17,16,0.9412,bistable,2
90,1010,1000,17,1,0.0588,bistable,1
91,0010,0000,157,157,1.0,bistable,1
91,1000,1010,157,139,0.8854,invasion,1
91,1000,0000,157,157,1.0,bistable,1
91,1000,1001,157,52,0.3312,invasion,1
91,1010,0010,9,9,1.0,bistable,1
91,1010,1011,9,2,0.2222,invasion,1
91,1010,0000,9,8,0.8889,bistable,2
92,0010,0000,156,156,1.0,bistable,1
92,1000,1010,156,138,0.8846,invasion,1
92,1000,0000,156,156,1.0,bistable,1
92,1010,0010,16,16,1.0,bistable,1
92,1010,0000,16,10,0.625,bistable,2
92,1010,1000,16,2,0.125,bistable,1
93,0010,0000,157,157,1.0,bistable,1
93,1000,1010,157,139,0.8854,invasion,1
93,1000,0000,157,157,1.0,bistable,1
93,1010,0010,13,13,1.0,bistable,1
93,1010,0000,13,10,0.7692,bistable,2
93,1010,1000,13,1,0.0769,bistable,1
94,0010,0000,155,155,1.0,bistable,1
94,1000,0000,155,155,1.0,bistable,1
94,1010,0010,155,155,1.0,bistable,1
94,1010,1000,155,155,1.0,bistable,1
94,1000,1001,155,61,0.3935,invasion,1
94,1010,1011,155,71,0.4581,invasion,1
95,0010,0000,155,155,1.0,bistable,1
95,1000,0000,155,155,1.0,bistable,1
95,1010,0010,155,155,1.0,bistable,1
95,1010,1000,155,155,1.0,bistable,1
96,0010,0000,154,154,1.0,bistable,1
96,1000,0000,154,154,1.0,bistable,1
96,1000,1001,154,53,0.3442,invasion,1
96,1010,0010,154,154,1.0,bistable,1
96,1010,1011,154,66,0.4286,invasion,1
96,1010,1000,154,154,1.0,bistable,1
97,0010,0000,153,153,1.0,bistable,1
97,1000,0000,153,153,1.0,bistable,1
97,1010,0010,153,153,1.0,bistable,1
97,1010,1000,153,153,1.0,bistable,1
97,1000,1001,153,51,0.3333,invasion,1
97,1010,1011,153,65,0.4248,invasion,1
98,0010,0000,239,239,1.0,bistable,1
98,1000,0000,239,239,1.0,bistable,1
98,1000,1001,239,87,0.364,invasion,1
98,1010,1011,239,110,0.4603,invasion,1
98,1010,0010,239,239,1.0,bistable,1
98,1010,1000,239,239,1.0,bistable,1
99,0010,0000,140,140,1.0,bistable,1
99,1000,0000,140,140,1.0,bistable,1
99,1010,0010,140,140,1.0,bistable,1
99,1010,1000,140,140,1.0,bistable,1
100,0010,0000,140,140,1.0,bistable,1
100,1000,0000,140,140,1.0,bistable,1
100,1010,0010,140,140,1.0,bistable,1
100,1010,1000,140,140,1.0,bistable,1
100,1010,1011,140,62,0.4429,invasion,1
100,1000,1001,140,49,0.35,invasion,1
100,1011,0011,1,1,1.0,bistable,1
100,1011,1001,1,1,1.0,bistable,1
101,0010,0000,135,135,1.0,bistable,1
101,1000,0000,135,135,1.0,bistable,1
101,1010,0010,135,135,1.0,bistable,1
101,1010,1000,135,135,1.0,bistable,1
101,1000,1001,135,52,0.3852,invasion,1
101,1010,1011,135,63,0.4667,invasion,1
102,0010,0000,135,135,1.0,bistable,1
102,1000,0000,135,135,1.0,bistable,1
102,1000,1001,135,49,0.363,invasion,1
102,1010,0010,135,135,1.0,bistable,1
102,1010,1011,135,62,0.4593,invasion,1
102,1010,1000,135,135,1.0,bistable,1
103,0010,0000,84,84,1.0,bistable,1
103,1000,0000,84,84,1.0,bistable,1
103,1010,0010,84,84,1.0,bistable,1
103,1010,1000,84,84,1.0,bistable,1
104,0010,0000,84,84,1.0,bistable,1
104,1000,0000,84,84,1.0,bistable,1
104,1010,0010,84,84,1.0,bistable,1
104,1010,1000,84,84,1.0,bistable,1
105,0010,0000,84,84,1.0,bistable,1
105,1000,0000,84,84,1.0,bistable,1
105,1010,0010,84,84,1.0,bistable,1
105,1010,1000,84,84,1.0,bistable,1
106,0010,0000,84,84,1.0,bistable,1
106,1000,0000,84,84,1.0,bistable,1
106,1000,1001,84,42,0.5,invasion,1
106,1010,1011,84,51,0.6071,invasion,1
106,1010,0010,84,84,1.0,bistable,1
106,1010,1000,84,84,1.0,bistable,1
107,0010,0000,127,127,1.0,bistable,1
107,1000,0000,127,127,1.0,bistable,1
107,1010,0010,127,127,1.0,bistable,1
107,1010,1000,127,127,1.0,bistable,1
107,1000,1001,127,49,0.3858,invasion,1
107,1010,1011,127,60,0.4724,invasion,1
107,1011,0011,1,1,1.0,bistable,1
107,1011,1001,1,1,1.0,bistable,1
108,0010,0000,126,126,1.0,bistable,1
108,1000,0000,126,126,1.0,bistable,1
108,1010,0010,126,126,1.0,bistable,1
108,1010,1000,126,126,1.0,bistable,1
108,1010,1011,126,60,0.4762,invasion,1
108,1000,1001,126,49,0.3889,invasion,1
109,0010,0000,96,96,1.0,bistable,1
109,1000,0000,96,96,1.0,bistable,1
109,1010,0010,96,96,1.0,bistable,1
109,1010,0000,96,93,0.9688,bistable,2
109,1010,1000,96,3,0.0312,bistable,1
110,0010,0000,96,96,1.0,bistable,1
110,1000,0000,96,96,1.0,bistable,1
110,1010,0010,95,95,1.0,bistable,1
110,1010,0000,95,91,0.9579,bistable,2
110,1000,1001,96,34,0.3542,invasion,1
110,1010,1011,95,20,0.2105,invasion,1
110,1010,1000,95,4,0.0421,bistable,1
111,0010,0000,95,95,1.0,bistable,1
111,1000,0000,95,95,1.0,bistable,1
111,1010,0010,94,94,1.0,bistable,1
111,1010,0000,94,92,0.9787,bistable,2
111,1000,1001,95,36,0.3789,invasion,1
111,1010,1011,94,20,0.2128,invasion,1
111,1010,1000,94,2,0.0213,bistable,1
112,0010,0000,95,95,1.0,bistable,1
112,1000,0000,95,95,1.0,bistable,1
112,1000,1001,95,45,0.4737,invasion,1
112,1010,0010,95,95,1.0,bistable,1
112,1010,0000,95,94,0.9895,bistable,2
112,1010,1011,95,21,0.2211,invasion,1
112,1010,1000,95,1,0.0105,bistable,1
113,0010,0000,96,96,1.0,bistable,1
113,1000,0000,96,96,1.0,bistable,1
113,1010,0010,92,92,1.0,bistable,1
113,1010,0000,92,90,0.9783,bistable,2
113,1010,1000,92,2,0.0217,bistable,1
114,0010,0000,5000,5000,1.0,bistable,1
114,1000,0000,5000,5000,1.0,bistable,1
114,1010,0010,4900,4900,1.0,bistable,1
114,1010,0000,4900,4747,0.9688,bistable,2
114,1010,1000,4900,153,0.0312,bistable,1
115,0010,0000,95,95,1.0,bistable,1
115,1000,0000,95,95,1.0,bistable,1
115,1010,0010,93,93,1.0,bistable,1
115,1010,0000,93,91,0.9785,bistable,2
115,1010,1000,93,2,0.0215,bistable,1
116,0010,0000,95,95,1.0,bistable,1
116,1000,0000,95,95,1.0,bistable,1
116,1000,1001,95,41,0.4316,invasion,1
116,1010,0010,91,91,1.0,bistable,1
116,1010,1011,91,27,0.2967,invasion,1
116,1010,0000,91,89,0.978,bistable,2
116,1010,1000,91,2,0.022,bistable,1
116,1011,0011,1,1,1.0,bistable,1
116,1011,0001,1,1,1.0,bistable,2
117,0010,0000,70,70,1.0,bistable,1
117,1000,0000,70,70,1.0,bistable,1
117,1010,0010,69,69,1.0,bistable,1
117,1010,1000,69,6,0.087,bistable,1
117,1010,1011,69,16,0.2319,invasion,1
117,1010,0000,69,63,0.913,bistable,2
117,1000,1001,70,27,0.3857,invasion,1
118,0010,0000,70,70,1.0,bistable,1
118,1000,0000,70,70,1.0,bistable,1
118,1010,0010,67,67,1.0,bistable,1
118,1010,0000,67,64,0.9552,bistable,2
118,1000,1001,70,34,0.4857,invasion,1
118,1010,1011,67,19,0.2836,invasion,1
118,1010,1000,67,3,0.0448,bistable,1
119,0010,0000,70,70,1.0,bistable,1
119,1000,0000,70,70,1.0,bistable,1
119,1010,0010,67,67,1.0,bistable,1
119,1010,0000,67,66,0.9851,bistable,2
119,1010,1000,67,1,0.0149,bistable,1
120,0010,0000,70,70,1.0,bistable,1
120,1000,0000,70,70,1.0,bistable,1
120,1010,0010,69,69,1.0,bistable,1
120,1010,0000,69,66,0.9565,bistable,2
120,1010,1000,69,3,0.0435,bistable,1
121,0010,0000,70,70,1.0,bistable,1
121,1000,0000,70,70,1.0,bistable,1
121,1010,0010,68,68,1.0,bistable,1
121,1010,1000,68,4,0.0588,bistable,1
121,1010,0000,68,64,0.9412,bistable,2
122,0010,0000,70,70,1.0,bistable,1
122,1000,1001,70,24,0.3429,invasion,1
122,1000,0000,70,70,1.0,bistable,1
122,1010,0010,68,68,1.0,bistable,1
122,1010,0000,68,64,0.9412,bistable,2
122,1010,1000,68,4,0.0588,bistable,1
122,1010,1011,68,12,0.1765,invasion,1
123,0010,0000,70,70,1.0,bistable,1
123,1000,0000,70,70,1.0,bistable,1
123,1000,1001,70,25,0.3571,invasion,1
123,1010,0010,69,69,1.0,bistable,1
123,1010,0000,69,67,0.971,bistable,2
123,1010,1011,69,14,0.2029,invasion,1
123,1010,1000,69,2,0.029,bistable,1
124,0010,0000,70,70,1.0,bistable,1
124,1000,0000,70,70,1.0,bistable,1
124,1010,0010,67,67,1.0,bistable,1
124,1010,0000,67,66,0.9851,bistable,2
124,1000,1001,70,25,0.3571,invasion,1
124,1010,1011,67,13,0.194,invasion,1
124,1010,1000,67,1,0.0149,bistable,1
125,0010,0000,45,45,1.0,bistable,1
125,1000,0000,45,45,1.0,bistable,1
125,1010,0010,45,45,1.0,bistable,1
125,1010,0000,45,44,0.9778,bistable,2
125,1010,1000,45,1,0.0222,bistable,1
126,0010,0000,45,45,1.0,bistable,1
126,1000,0000,45,45,1.0,bistable,1
126,1010,0010,45,45,1.0,bistable,1
126,1010,0000,45,41,0.9111,bistable,2
126,1010,1000,45,4,0.0889,bistable,1
127,0010,0000,45,45,1.0,bistable,1
127,1000,0000,45,45,1.0,bistable,1
127,1010,0010,45,45,1.0,bistable,1
127,1010,0000,45,43,0.9556,bistable,2
127,1010,1000,45,2,0.0444,bistable,1
128,0010,0000,45,45,1.0,bistable,1
128,1000,0000,45,45,1.0,bistable,1
128,1000,1001,45,12,0.2667,invasion,1
128,1010,0010,45,45,1.0,bistable,1
128,1010,0000,45,42,0.9333,bistable,2
128,1010,1011,45,8,0.1778,invasion,1
128,1010,1000,45,3,0.0667,bistable,1
129,0010,0000,46,46,1.0,bistable,1
129,1000,0000,46,46,1.0,bistable,1
129,1000,1010,46,43,0.9348,invasion,1
129,1010,0010,3,3,1.0,bistable,1
129,1010,1000,3,2,0.6667,bistable,1
130,0010,0000,46,46,1.0,bistable,1
130,1000,1010,46,43,0.9348,invasion,1
130,1000,0000,46,46,1.0,bistable,1
130,1000,1001,46,14,0.3043,invasion,1
130,1010,0010,2,2,1.0,bistable,1
130,1010,1000,2,1,0.5,bistable,1
131,0010,0000,45,45,1.0,bistable,1
131,1000,1010,45,40,0.8889,invasion,1
131,1000,0000,45,45,1.0,bistable,1
131,1000,1001,45,15,0.3333,invasion,1
131,1010,1011,4,3,0.75,invasion,1
131,1010,0010,4,4,1.0,bistable,1
131,1010,1000,4,4,1.0,bistable,1
132,0010,0000,45,45,1.0,bistable,1
132,1000,1010,45,40,0.8889,invasion,1
132,1000,0000,45,45,1.0,bistable,1
132,1000,1001,45,16,0.3556,invasion,1
132,1010,0010,4,4,1.0,bistable,1
132,1010,1000,4,3,0.75,bistable,1
132,1010,1011,4,1,0.25,invasion,1
133,0010,0000,45,45,1.0,bistable,1
133,1000,0000,45,45,1.0,bistable,1
133,1000,1010,45,39,0.8667,invasion,1
133,1010,0010,5,5,1.0,bistable,1
133,1010,1000,5,5,1.0,bistable,1
134,0010,0000,45,45,1.0,bistable,1
134,1000,1010,45,41,0.9111,invasion,1
134,1000,0000,45,45,1.0,bistable,1
134,1010,0010,3,3,1.0,bistable,1
134,1010,1000,3,3,1.0,bistable,1
135,0010,0000,45,45,1.0,bistable,1
135,1000,0000,45,45,1.0,bistable,1
135,1000,1010,45,44,0.9778,invasion,1
135,1010,0010,1,1,1.0,bistable,1
135,1010,1000,1,1,1.0,bistable,1
136,0010,0000,45,45,1.0,bistable,1
136,1000,0000,45,45,1.0,bistable,1
136,1000,1010,45,44,0.9778,invasion,1
136,1000,1001,45,19,0.4222,invasion,1
136,1010,1011,1,1,1.0,invasion,1
136,1010,0010,1,1,1.0,bistable,1
136,1010,1000,1,1,1.0,bistable,1
137,0010,0000,45,45,1.0,bistable,1
137,1000,1010,45,41,0.9111,invasion,1
137,1000,0000,45,45,1.0,bistable,1
137,1010,0010,4,4,1.0,bistable,1
137,1010,1000,4,4,1.0,bistable,1
137,1000,1001,45,12,0.2667,invasion,1
137,1010,1011,4,1,0.25,invasion,1
138,0010,0000,45,45,1.0,bistable,1
138,1000,0000,45,45,1.0,bistable,1
138,1010,0010,5,5,1.0,bistable,1
138,1010,1000,5,5,1.0,bistable,1
138,1000,1010,45,37,0.8222,invasion,1
138,1000,1001,45,20,0.4444,invasion,1
138,1010,1011,5,3,0.6,invasion,1
139,0010,0000,45,45,1.0,bistable,1
139,1000,1010,45,42,0.9333,invasion,1
139,1000,0000,45,45,1.0,bistable,1
139,1010,0010,2,2,1.0,bistable,1
139,1010,1000,2,2,1.0,bistable,1
140,0010,0000,45,45,1.0,bistable,1
140,1000,0000,45,45,1.0,bistable,1
140,1000,1010,45,38,0.8444,invasion,1
140,1010,0010,6,6,1.0,bistable,1
140,1010,1000,6,6,1.0,bistable,1
141,0010,0000,235,235,1.0,bistable,1
141,1000,1010,235,215,0.9149,invasion,1
141,1000,0000,235,235,1.0,bistable,1
141,1010,0010,13,13,1.0,bistable,1
141,1010,1000,13,13,1.0,bistable,1
142,0010,0000,5,5,1.0,bistable,1
142,1000,0000,5,5,1.0,bistable,1
142,1010,0010,1,1,1.0,bistable,1
142,1010,1000,1,1,1.0,bistable,1
142,1000,1010,5,4,0.8,invasion,1
142,1000,1001,5,1,0.2,invasion,1
143,0010,0000,66,66,1.0,bistable,1
143,1000,1010,66,64,0.9697,invasion,1
143,1000,0000,66,66,1.0,bistable,1
143,1000,1001,66,32,0.4848,invasion,1
144,0010,0000,36,36,1.0,bistable,1
144,1000,1010,36,29,0.8056,invasion,1
144,1000,0000,36,36,1.0,bistable,1
144,1000,1001,36,10,0.2778,invasion,1
144,1010,0010,7,7,1.0,bistable,1
144,1010,1000,7,5,0.7143,bistable,1
144,1010,1011,7,2,0.2857,invasion,1
145,0010,0000,51,51,1.0,bistable,1
145,1000,1010,51,45,0.8824,invasion,1
145,1000,0000,51,51,1.0,bistable,1
145,1010,0010,4,4,1.0,bistable,1
145,1010,1000,4,4,1.0,bistable,1
146,0010,0000,148,148,1.0,bistable,1
146,1000,1010,148,130,0.8784,invasion,1
146,1000,0000,148,148,1.0,bistable,1
146,1010,0010,18,18,1.0,bistable,1
146,1010,1000,18,17,0.9444,bistable,1
147,0010,0000,58,58,1.0,bistable,1
147,1000,0000,58,58,1.0,bistable,1
147,1010,0010,6,6,1.0,bistable,1
147,1010,1000,6,6,1.0,bistable,1
147,1000,1010,58,49,0.8448,invasion,1
148,0010,0000,98,98,1.0,bistable,1
148,1000,0000,98,98,1.0,bistable,1
148,1000,1010,98,82,0.8367,invasion,1
148,1010,0010,14,14,1.0,bistable,1
148,1010,1000,14,14,1.0,bistable,1
148,1010,1011,14,5,0.3571,invasion,1
148,1000,1001,98,38,0.3878,invasion,1
149,0010,0000,132,132,1.0,bistable,1
149,1000,1010,132,117,0.8864,invasion,1
149,1000,0000,132,132,1.0,bistable,1
149,1010,0010,9,9,1.0,bistable,1
149,1010,0000,9,9,1.0,bistable,2
150,0010,0000,112,112,1.0,bistable,1
150,1000,1010,112,102,0.9107,invasion,1
150,1000,0000,112,112,1.0,bistable,1
150,1010,0010,7,7,1.0,bistable,1
150,1010,0000,7,7,1.0,bistable,2
151,0010,0000,103,103,1.0,bistable,1
151,1000,0000,103,103,1.0,bistable,1
151,1000,1010,103,87,0.8447,invasion,1
151,1010,0010,11,11,1.0,bistable,1
151,1010,0000,11,11,1.0,bistable,2
152,0010,0000,151,151,1.0,bistable,1
152,1000,1010,151,136,0.9007,invasion,1
152,1000,0000,151,151,1.0,bistable,1
152,1000,1001,151,53,0.351,invasion,1
152,1010,0010,10,10,1.0,bistable,1
152,1010,1011,10,4,0.4,invasion,1
152,1010,0000,10,10,1.0,bistable,2
153,0010,0000,96,96,1.0,bistable,1
153,1000,0000,96,96,1.0,bistable,1
153,1000,1010,96,78,0.8125,invasion,1
153,1000,1001,96,38,0.3958,invasion,1
153,1010,0010,12,12,1.0,bistable,1
153,1010,0000,12,11,0.9167,bistable,2
153,1010,1011,12,5,0.4167,invasion,1
153,1010,1000,12,1,0.0833,bistable,1
154,0010,0000,205,205,1.0,bistable,1
154,1000,0000,205,205,1.0,bistable,1
154,1000,1010,205,182,0.8878,invasion,1
154,1000,1001,205,84,0.4098,invasion,1
154,1010,0010,17,17,1.0,bistable,1
154,1010,0000,17,15,0.8824,bistable,2
154,1010,1011,17,4,0.2353,invasion,1
155,0010,0000,218,218,1.0,bistable,1
155,1000,1010,218,188,0.8624,invasion,1
155,1000,0000,218,218,1.0,bistable,1
155,1010,0010,25,25,1.0,bistable,1
155,1010,1000,25,2,0.08,bistable,1
155,1010,0000,25,23,0.92,bistable,2
156,0010,0000,211,211,1.0,bistable,1
156,1000,0000,211,211,1.0,bistable,1
156,1000,1010,211,192,0.91,invasion,1
156,1010,0010,16,16,1.0,bistable,1
156,1010,0000,16,7,0.4375,bistable,2
156,1010,1000,16,4,0.25,bistable,1
157,0010,0000,122,122,1.0,bistable,1
157,1000,1010,122,108,0.8852,invasion,1
157,1000,0000,122,122,1.0,bistable,1
157,1010,0010,8,8,1.0,bistable,1
157,1010,0000,8,8,1.0,bistable,2
158,0010,0000,163,163,1.0,bistable,1
158,1000,0000,163,163,1.0,bistable,1
158,1000,1010,163,143,0.8773,invasion,1
158,1010,0010,10,10,1.0,bistable,1
158,1010,1000,10,1,0.1,bistable,1
158,1000,1001,163,61,0.3742,invasion,1
158,1010,0000,10,7,0.7,bistable,2
158,1010,1011,10,2,0.2,invasion,1
159,0010,0000,98,98,1.0,bistable,1
159,1000,1010,98,83,0.8469,invasion,1
159,1000,0000,98,98,1.0,bistable,1
159,1010,0010,13,13,1.0,bistable,1
159,1010,1000,13,1,0.0769,bistable,1
159,1010,0000,13,11,0.8462,bistable,2
160,0010,0000,225,225,1.0,bistable,1
160,1000,0000,225,225,1.0,bistable,1
160,1000,1010,225,197,0.8756,invasion,1
160,1010,0010,21,21,1.0,bistable,1
160,1010,0000,21,18,0.8571,bistable,2
160,1010,1000,21,2,0.0952,bistable,1
161,0010,0000,155,155,1.0,bistable,1
161,1000,1010,155,139,0.8968,invasion,1
161,1000,0000,155,155,1.0,bistable,1
161,1010,0010,11,11,1.0,bistable,1
161,1010,0000,11,9,0.8182,bistable,2
162,0010,0000,128,128,1.0,bistable,1
162,1000,0000,128,128,1.0,bistable,1
162,1010,0010,12,12,1.0,bistable,1
162,1010,0000,12,8,0.6667,bistable,2
162,1000,1010,128,110,0.8594,invasion,1
162,1000,1001,128,45,0.3516,invasion,1
162,1010,1000,12,3,0.25,bistable,1
162,1010,1011,12,1,0.0833,invasion,1
163,0010,0000,198,198,1.0,bistable,1
163,1000,1010,198,169,0.8535,invasion,1
163,1000,0000,198,198,1.0,bistable,1
163,1010,0010,22,22,1.0,bistable,1
163,1010,0000,22,16,0.7273,bistable,2
163,1010,1000,22,1,0.0455,bistable,1
164,0010,0000,201,201,1.0,bistable,1
164,1000,0000,201,201,1.0,bistable,1
164,1010,0010,201,201,1.0,bistable,1
164,1010,1000,201,201,1.0,bistable,1
164,1000,1001,201,82,0.408,invasion,1
164,1010,1011,201,95,0.4726,invasion,1
165,0010,0000,54,54,1.0,bistable,1
165,1000,0000,54,54,1.0,bistable,1
165,1010,0010,54,54,1.0,bistable,1
165,1010,1000,54,54,1.0,bistable,1
165,1010,1011,54,26,0.4815,invasion,1
165,1000,1001,54,19,0.3519,invasion,1
166,0010,0000,129,129,1.0,bistable,1
166,1000,0000,129,129,1.0,bistable,1
166,1010,0010,129,129,1.0,bistable,1
166,1010,1000,129,129,1.0,bistable,1
167,0010,0000,37,37,1.0,bistable,1
167,1000,0000,37,37,1.0,bistable,1
167,1000,1001,37,22,0.5946,invasion,1
167,1010,1011,37,25,0.6757,invasion,1
167,1010,0010,37,37,1.0,bistable,1
167,1010,1000,37,37,1.0,bistable,1
168,0010,0000,158,158,1.0,bistable,1
168,1000,0000,158,158,1.0,bistable,1
168,1000,1001,158,66,0.4177,invasion,1
168,1010,0010,158,158,1.0,bistable,1
168,1010,1000,158,158,1.0,bistable,1
168,1010,1011,158,83,0.5253,invasion,1
169,0010,0000,153,153,1.0,bistable,1
169,1000,0000,153,153,1.0,bistable,1
169,1010,0010,153,153,1.0,bistable,1
169,1010,1000,153,153,1.0,bistable,1
169,1010,1011,153,59,0.3856,invasion,1
169,1000,1001,153,44,0.2876,invasion,1
170,0010,0000,195,195,1.0,bistable,1
170,1000,0000,195,195,1.0,bistable,1
170,1010,0010,189,189,1.0,bistable,1
170,1010,0000,189,181,0.9577,bistable,2
170,1000,1001,195,82,0.4205,invasion,1
170,1010,1011,189,49,0.2593,invasion,1
170,1010,1000,189,8,0.0423,bistable,1
171,0010,0000,85,85,1.0,bistable,1
171,1000,0000,85,85,1.0,bistable,1
171,1010,0010,85,85,1.0,bistable,1
171,1010,0000,85,83,0.9765,bistable,2
171,1010,1000,85,2,0.0235,bistable,1
172,0010,0000,37,37,1.0,bistable,1
172,1000,0000,37,37,1.0,bistable,1
172,1010,0010,37,37,1.0,bistable,1
172,1010,0000,37,32,0.8649,bistable,2
172,1000,1001,37,14,0.3784,invasion,1
172,1010,1011,37,11,0.2973,invasion,1
172,1010,1000,37,5,0.1351,bistable,1
173,0010,0000,164,164,1.0,bistable,1
173,1000,0000,164,164,1.0,bistable,1
173,1010,0010,161,161,1.0,bistable,1
173,1010,0000,161,157,0.9752,bistable,2
173,1000,1001,164,45,0.2744,invasion,1
173,1010,1011,161,26,0.1615,invasion,1
173,1010,1000,161,4,0.0248,bistable,1
174,0010,0000,161,161,1.0,bistable,1
174,1000,1001,161,53,0.3292,invasion,1
174,1000,0000,161,161,1.0,bistable,1
174,1010,0010,160,160,1.0,bistable,1
174,1010,1011,160,31,0.1938,invasion,1
174,1010,0000,160,158,0.9875,bistable,2
174,1010,1000,160,2,0.0125,bistable,1
175,0010,0000,131,131,1.0,bistable,1
175,1000,0000,131,131,1.0,bistable,1
175,1010,0010,129,129,1.0,bistable,1
175,1010,0000,129,123,0.9535,bistable,2
175,1010,1000,129,6,0.0465,bistable,1
176,0010,0000,185,185,1.0,bistable,1
176,1000,0000,185,185,1.0,bistable,1
176,1010,0010,178,178,1.0,bistable,1
176,1010,0000,178,171,0.9607,bistable,2
176,1010,1011,178,29,0.1629,invasion,1
176,1000,1001,185,65,0.3514,invasion,1
176,1010,1000,178,7,0.0393,bistable,1
177,0010,0000,61,61,1.0,bistable,1
177,1000,0000,61,61,1.0,bistable,1
177,1010,0010,60,60,1.0,bistable,1
177,1010,0000,60,60,1.0,bistable,2
177,1000,1001,61,20,0.3279,invasion,1
177,1010,1011,60,17,0.2833,invasion,1
178,0010,0000,171,171,1.0,bistable,1
178,1000,0000,171,171,1.0,bistable,1
178,1010,0010,170,170,1.0,bistable,1
178,1010,1000,170,7,0.0412,bistable,1
178,1000,1001,171,75,0.4386,invasion,1
178,1010,1011,170,48,0.2824,invasion,1
178,1010,0000,170,163,0.9588,bistable,2
179,0010,0000,120,120,1.0,bistable,1
179,1000,0000,120,120,1.0,bistable,1
179,1010,0010,119,119,1.0,bistable,1
179,1010,0000,119,116,0.9748,bistable,2
179,1010,1000,119,3,0.0252,bistable,1
180,0010,0000,254,254,1.0,bistable,1
180,1000,0000,254,254,1.0,bistable,1
180,1010,0010,249,249,1.0,bistable,1
180,1010,0000,249,242,0.9719,bistable,2
180,1010,1000,249,7,0.0281,bistable,1
181,0010,0000,321,321,1.0,bistable,1
181,1000,0000,321,321,1.0,bistable,1
181,1010,0010,319,319,1.0,bistable,1
181,1010,0000,319,308,0.9655,bistable,2
181,1010,1000,319,11,0.0345,bistable,1
182,0010,0000,219,219,1.0,bistable,1
182,1000,1001,219,92,0.4201,invasion,1
182,1000,0000,219,219,1.0,bistable,1
182,1010,0010,214,214,1.0,bistable,1
182,1010,1011,214,49,0.229,invasion,1
182,1010,0000,214,207,0.9673,bistable,2
182,1010,1000,214,7,0.0327,bistable,1
182,1011,0011,1,1,1.0,bistable,1
182,1011,0001,1,1,1.0,bistable,2
183,0010,0000,31,31,1.0,bistable,1
183,1000,0000,31,31,1.0,bistable,1
183,1000,1001,31,11,0.3548,invasion,1
183,1010,0010,30,30,1.0,bistable,1
183,1010,0000,30,28,0.9333,bistable,2
183,1010,1000,30,2,0.0667,bistable,1
183,1010,1011,30,2,0.0667,invasion,1
184,0010,0000,100,100,1.0,bistable,1
184,1000,0000,100,100,1.0,bistable,1
184,1000,1001,100,38,0.38,invasion,1
184,1010,0010,99,99,1.0,bistable,1
184,1010,0000,99,96,0.9697,bistable,2
184,1010,1011,99,26,0.2626,invasion,1
184,1010,1000,99,3,0.0303,bistable,1
185,0010,0000,247,247,1.0,bistable,1
185,1000,1001,247,96,0.3887,invasion,1
185,1000,0000,247,247,1.0,bistable,1
185,1010,1011,33,19,0.5758,invasion,1
185,1010,0010,33,33,1.0,bistable,1
185,1010,1000,33,32,0.9697,bistable,1
185,1000,1010,247,211,0.8543,invasion,1
186,0010,0000,326,326,1.0,bistable,1
186,1000,0000,326,326,1.0,bistable,1
186,1010,0010,30,30,1.0,bistable,1
186,1010,1000,30,28,0.9333,bistable,1
186,1000,1010,326,288,0.8834,invasion,1
187,0010,0000,253,253,1.0,bistable,1
187,1000,1010,253,230,0.9091,invasion,1
187,1000,0000,253,253,1.0,bistable,1
187,1000,1001,253,104,0.4111,invasion,1
187,1010,1011,19,11,0.5789,invasion,1
187,1010,0010,19,19,1.0,bistable,1
187,1010,1000,19,16,0.8421,bistable,1
187,1001,0001,1,1,1.0,bistable,1
188,0010,0000,100,100,1.0,bistable,1
188,1000,0000,100,100,1.0,bistable,1
188,1000,1010,100,88,0.88,invasion,1
188,1010,0010,11,11,1.0,bistable,1
188,1010,1000,11,11,1.0,bistable,1
188,1000,1001,100,34,0.34,invasion,1
188,1010,1011,11,4,0.3636,invasion,1
189,0010,0000,246,246,1.0,bistable,1
189,1000,1010,246,211,0.8577,invasion,1
189,1000,0000,246,246,1.0,bistable,1
189,1000,1001,246,102,0.4146,invasion,1
189,1010,0010,28,28,1.0,bistable,1
189,1010,1011,28,14,0.5,invasion,1
189,1010,1000,28,25,0.8929,bistable,1
190,0010,0000,229,229,1.0,bistable,1
190,1000,1010,229,196,0.8559,invasion,1
190,1000,0000,229,229,1.0,bistable,1
190,1010,0010,26,26,1.0,bistable,1
190,1010,1000,26,22,0.8462,bistable,1
191,0010,0000,32,32,1.0,bistable,1
191,1000,1010,32,30,0.9375,invasion,1
191,1000,0000,32,32,1.0,bistable,1
191,1000,1001,32,13,0.4062,invasion,1
191,1010,0010,1,1,1.0,bistable,1
191,1010,1011,1,1,1.0,invasion,1
191,1010,1000,1,1,1.0,bistable,1
192,0010,0000,188,188,1.0,bistable,1
192,1000,0000,188,188,1.0,bistable,1
192,1010,0010,18,18,1.0,bistable,1
192,1010,1000,18,16,0.8889,bistable,1
192,1000,1010,188,168,0.8936,invasion,1
192,1000,1001,188,73,0.3883,invasion,1
192,1010,1011,18,10,0.5556,invasion,1
193,0010,0000,182,182,1.0,bistable,1
193,1000,0000,182,182,1.0,bistable,1
193,1000,1010,182,159,0.8736,invasion,1
193,1000,1001,182,70,0.3846,invasion,1
193,1010,0010,17,17,1.0,bistable,1
193,1010,1011,17,10,0.5882,invasion,1
193,1010,1000,17,16,0.9412,bistable,1
194,0010,0000,87,87,1.0,bistable,1
194,1000,1010,87,80,0.9195,invasion,1
194,1000,0000,87,87,1.0,bistable,1
194,1010,0010,7,7,1.0,bistable,1
194,1010,1000,7,6,0.8571,bistable,1
195,0010,0000,146,146,1.0,bistable,1
195,1000,0000,146,146,1.0,bistable,1
195,1000,1010,146,125,0.8562,invasion,1
195,1010,0010,17,17,1.0,bistable,1
195,1010,1000,17,16,0.9412,bistable,1
196,0010,0000,271,271,1.0,bistable,1
196,1000,0000,271,271,1.0,bistable,1
196,1000,1010,271,249,0.9188,invasion,1
196,1010,0010,18,18,1.0,bistable,1
196,1010,1000,18,17,0.9444,bistable,1
197,0010,0000,152,152,1.0,bistable,1
197,1000,1010,152,133,0.875,invasion,1
197,1000,1001,152,56,0.3684,invasion,1
197,1000,0000,152,152,1.0,bistable,1
197,1010,0010,18,18,1.0,bistable,1
197,1010,1000,18,18,1.0,bistable,1
197,1010,1011,18,9,0.5,invasion,1
197,1011,0011,1,1,1.0,bistable,1
197,1011,1001,1,1,1.0,bistable,1
198,0010,0000,151,151,1.0,bistable,1
198,1000,1010,151,139,0.9205,invasion,1
198,1000,0000,151,151,1.0,bistable,1
198,1000,1001,151,67,0.4437,invasion,1
198,1010,1011,8,5,0.625,invasion,1
198,1010,0010,8,8,1.0,bistable,1
198,1010,1000,8,6,0.75,bistable,1
199,0010,0000,78,78,1.0,bistable,1
199,1000,1010,78,67,0.859,invasion,1
199,1000,0000,78,78,1.0,bistable,1
199,1000,1001,78,33,0.4231,invasion,1
199,1010,0010,9,9,1.0,bistable,1
199,1010,1000,9,9,1.0,bistable,1
199,1010,1011,9,4,0.4444,invasion,1
200,0010,0000,7,7,1.0,bistable,1
200,1000,1010,7,5,0.7143,invasion,1
200,1000,0000,7,7,1.0,bistable,1
200,1010,0010,1,1,1.0,bistable,1
200,1010,0000,1,1,1.0,bistable,2
201,0010,0000,163,163,1.0,bistable,1
201,1000,0000,163,163,1.0,bistable,1
201,1000,1010,163,147,0.9018,invasion,1
201,1000,1001,163,50,0.3067,invasion,1
201,1010,0010,13,13,1.0,bistable,1
201,1010,0000,13,11,0.8462,bistable,2
201,1010,1000,13,1,0.0769,bistable,1
201,1010,1011,13,1,0.0769,invasion,1
202,0010,0000,82,82,1.0,bistable,1
202,1000,1010,82,72,0.878,invasion,1
202,1000,0000,82,82,1.0,bistable,1
202,1000,1001,82,40,0.4878,invasion,1
202,1010,0010,8,8,1.0,bistable,1
202,1010,0000,8,8,1.0,bistable,2
202,1010,1011,8,3,0.375,invasion,1
203,0010,0000,82,82,1.0,bistable,1
203,1000,1001,82,38,0.4634,invasion,1
203,1000,0000,82,82,1.0,bistable,1
203,1000,1010,82,78,0.9512,invasion,1
203,1010,0010,3,3,1.0,bistable,1
203,1010,0000,3,3,1.0,bistable,2
203,1010,1011,3,1,0.3333,invasion,1
204,0010,0000,82,82,1.0,bistable,1
204,1000,1010,82,75,0.9146,invasion,1
204,1000,0000,82,82,1.0,bistable,1
204,1010,0010,6,6,1.0,bistable,1
204,1010,0000,6,6,1.0,bistable,2
205,0010,0000,106,106,1.0,bistable,1
205,1000,1010,106,94,0.8868,invasion,1
205,1000,0000,106,106,1.0,bistable,1
205,1010,0010,7,7,1.0,bistable,1
205,1010,0000,7,7,1.0,bistable,2
206,0010,0000,105,105,1.0,bistable,1
206,1000,0000,105,105,1.0,bistable,1
206,1000,1010,105,93,0.8857,invasion,1
206,1010,0010,10,10,1.0,bistable,1
206,1010,0000,10,8,0.8,bistable,2
206,1010,1000,10,1,0.1,bistable,1
207,0010,0000,95,95,1.0,bistable,1
207,1000,0000,95,95,1.0,bistable,1
207,1000,1010,95,87,0.9158,invasion,1
207,1000,1001,95,33,0.3474,invasion,1
207,1010,0010,5,5,1.0,bistable,1
207,1010,0000,5,5,1.0,bistable,2
207,1010,1011,5,2,0.4,invasion,1
208,0010,0000,46,46,1.0,bistable,1
208,1000,1010,46,43,0.9348,invasion,1
208,1000,0000,46,46,1.0,bistable,1
208,1000,1001,46,19,0.413,invasion,1
208,1010,0010,3,3,1.0,bistable,1
208,1010,0000,3,2,0.6667,bistable,2
208,1010,1011,3,1,0.3333,invasion,1
209,0010,0000,8,8,1.0,bistable,1
209,1000,0000,8,8,1.0,bistable,1
209,1000,1010,8,7,0.875,invasion,1
210,0010,0000,141,141,1.0,bistable,1
210,1000,0000,141,141,1.0,bistable,1
210,1000,1010,141,129,0.9149,invasion,1
210,1010,0010,9,9,1.0,bistable,1
210,1010,0000,9,8,0.8889,bistable,2
210,1010,1000,9,1,0.1111,bistable,1
211,0010,0000,105,105,1.0,bistable,1
211,1000,1010,105,97,0.9238,invasion,1
211,1000,0000,105,105,1.0,bistable,1
211,1010,0010,7,7,1.0,bistable,1
211,1010,0000,7,6,0.8571,bistable,2
211,1010,1000,7,1,0.1429,bistable,1
212,0010,0000,160,160,1.0,bistable,1
212,1000,0000,160,160,1.0,bistable,1
212,1000,1010,160,144,0.9,invasion,1
212,1010,0010,12,12,1.0,bistable,1
212,1010,0000,12,9,0.75,bistable,2
213,0010,0000,96,96,1.0,bistable,1
213,1000,1010,96,88,0.9167,invasion,1
213,1000,0000,96,96,1.0,bistable,1
213,1000,1001,96,35,0.3646,invasion,1
213,1010,0010,5,5,1.0,bistable,1
213,1010,0000,5,5,1.0,bistable,2
214,0010,0000,96,96,1.0,bistable,1
214,1000,1010,96,90,0.9375,invasion,1
214,1000,0000,96,96,1.0,bistable,1
214,1000,1001,96,36,0.375,invasion,1
214,1010,0010,3,3,1.0,bistable,1
214,1010,1000,3,1,0.3333,bistable,1
214,1010,1011,3,1,0.3333,invasion,1
214,1010,0000,3,2,0.6667,bistable,2
215,0010,0000,146,146,1.0,bistable,1
215,1000,0000,146,146,1.0,bistable,1
215,1000,1010,146,126,0.863,invasion,1
215,1000,1001,146,49,0.3356,invasion,1
215,1010,0010,16,16,1.0,bistable,1
215,1010,1011,16,3,0.1875,invasion,1
215,1010,0000,16,13,0.8125,bistable,2
215,1010,1000,16,2,0.125,bistable,1
216,0010,0000,12,12,1.0,bistable,1
216,1000,1010,12,10,0.8333,invasion,1
216,1000,0000,12,12,1.0,bistable,1
216,1010,0010,1,1,1.0,bistable,1
216,1010,0000,1,1,1.0,bistable,2
217,0010,0000,259,259,1.0,bistable,1
217,1000,0000,259,259,1.0,bistable,1
217,1000,1010,259,234,0.9035,invasion,1
217,1010,0010,20,20,1.0,bistable,1
217,1010,0000,20,17,0.85,bistable,2
217,1010,1000,20,2,0.1,bistable,1
218,0010,0000,50,50,1.0,bistable,1
218,1000,1010,50,48,0.96,invasion,1
218,1000,0000,50,50,1.0,bistable,1
218,1010,0010,1,1,1.0,bistable,1
218,1010,0000,1,1,1.0,bistable,2
219,0010,0000,236,236,1.0,bistable,1
219,1000,0000,236,236,1.0,bistable,1
219,1000,1001,236,94,0.3983,invasion,1
219,1000,1010,236,218,0.9237,invasion,1
219,1010,0010,13,13,1.0,bistable,1
219,1010,0000,13,11,0.8462,bistable,2
219,1001,1011,1,1,1.0,invasion,1
219,1001,0001,1,1,1.0,bistable,1
219,1010,1011,13,3,0.2308,invasion,1
220,0010,0000,97,97,1.0,bistable,1
220,1000,0000,97,97,1.0,bistable,1
220,1000,1001,97,28,0.2887,invasion,1
220,1010,0010,93,93,1.0,bistable,1
220,1010,1011,93,17,0.1828,invasion,1
220,1010,0000,93,87,0.9355,bistable,2
220,1010,1000,93,6,0.0645,bistable,1
221,0010,0000,241,241,1.0,bistable,1
221,1000,1001,241,91,0.3776,invasion,1
221,1000,0000,241,241,1.0,bistable,1
221,1010,1011,17,10,0.5882,invasion,1
221,1010,0010,17,17,1.0,bistable,1
221,1010,1000,17,17,1.0,bistable,1
221,1000,1010,241,219,0.9087,invasion,1
222,0010,0000,106,106,1.0,bistable,1
222,1000,0000,106,106,1.0,bistable,1
222,1000,1010,106,98,0.9245,invasion,1
222,1000,1001,106,45,0.4245,invasion,1
222,1010,0010,5,5,1.0,bistable,1
222,1010,0000,5,5,1.0,bistable,2
222,1010,1011,5,3,0.6,invasion,1
223,0010,0000,135,135,1.0,bistable,1
223,1000,0000,135,135,1.0,bistable,1
223,1000,1010,135,122,0.9037,invasion,1
223,1000,1001,135,62,0.4593,invasion,1
223,1010,0010,9,9,1.0,bistable,1
223,1010,1011,9,2,0.2222,invasion,1
223,1010,0000,9,9,1.0,bistable,2
224,0010,0000,239,239,1.0,bistable,1
224,1000,1010,239,220,0.9205,invasion,1
224,1000,0000,239,239,1.0,bistable,1
224,1010,0010,12,12,1.0,bistable,1
224,1010,0000,12,10,0.8333,bistable,2
224,1010,1000,12,1,0.0833,bistable,1
225,0010,0000,12,12,1.0,bistable,1
225,1000,1001,12,8,0.6667,invasion,1
225,1000,1010,12,10,0.8333,invasion,1
225,1000,0000,12,12,1.0,bistable,1
225,1010,0010,2,2,1.0,bistable,1
225,1010,0000,2,2,1.0,bistable,2
226,0010,0000,196,196,1.0,bistable,1
226,1000,1010,196,175,0.8929,invasion,1
226,1000,0000,196,196,1.0,bistable,1
226,1000,1001,196,65,0.3316,invasion,1
226,1010,1011,15,2,0.1333,invasion,1
226,1010,0010,15,15,1.0,bistable,1
226,1010,0000,15,10,0.6667,bistable,2
226,1010,1000,15,2,0.1333,bistable,1
227,0010,0000,154,154,1.0,bistable,1
227,1000,0000,154,154,1.0,bistable,1
227,1000,1001,154,67,0.4351,invasion,1
227,1010,0010,15,15,1.0,bistable,1
227,1010,0000,15,14,0.9333,bistable,2
227,1000,1010,154,135,0.8766,invasion,1
227,1010,1011,15,7,0.4667,invasion,1
227,1010,1000,15,1,0.0667,bistable,1
228,0010,0000,188,188,1.0,bistable,1
228,1000,1010,188,171,0.9096,invasion,1
228,1000,0000,188,188,1.0,bistable,1
228,1000,1001,188,76,0.4043,invasion,1
228,1010,0010,10,10,1.0,bistable,1
228,1010,1011,10,4,0.4,invasion,1
228,1010,0000,10,9,0.9,bistable,2
229,0010,0000,1000,1000,1.0,bistable,1
229,1000,1010,1000,873,0.873,invasion,1
229,1000,0000,1000,1000,1.0,bistable,1
229,1010,0010,109,109,1.0,bistable,1
229,1010,1000,109,102,0.9358,bistable,1
230,0010,0000,1000,1000,1.0,bistable,1
230,1000,1010,1000,884,0.884,invasion,1
230,1000,0000,1000,1000,1.0,bistable,1
230,1010,0010,90,90,1.0,bistable,1
230,1010,1000,90,74,0.8222,bistable,1
230,1000,1001,1000,403,0.403,invasion,1
230,1010,1011,90,47,0.5222,invasion,1
231,0010,0000,1000,1000,1.0,bistable,1
231,1000,0000,1000,1000,1.0,bistable,1
231,1000,1010,1000,894,0.894,invasion,1
231,1000,1001,1000,395,0.395,invasion,1
231,1010,0010,92,92,1.0,bistable,1
231,1010,1000,92,90,0.9783,bistable,1
231,1010,1011,92,52,0.5652,invasion,1
232,0010,0000,1000,1000,1.0,bistable,1
232,1000,1010,1000,913,0.913,invasion,1
232,1000,0000,1000,1000,1.0,bistable,1
232,1010,0010,73,73,1.0,bistable,1
232,1010,1000,73,64,0.8767,bistable,1
232,1000,1001,1000,366,0.366,invasion,1
232,1010,1011,73,27,0.3699,invasion,1
233,0010,0000,1000,1000,1.0,bistable,1
233,1000,0000,1000,1000,1.0,bistable,1
233,1000,1001,1000,369,0.369,invasion,1
233,1000,1010,1000,901,0.901,invasion,1
233,1010,0010,69,69,1.0,bistable,1
233,1010,0000,69,59,0.8551,bistable,2
233,1010,1011,69,25,0.3623,invasion,1
233,1010,1000,69,4,0.058,bistable,1
234,0010,0000,1000,1000,1.0,bistable,1
234,1000,1010,1000,885,0.885,invasion,1
234,1000,0000,1000,1000,1.0,bistable,1
234,1010,0010,77,77,1.0,bistable,1
234,1010,0000,77,70,0.9091,bistable,2
234,1010,1000,77,3,0.039,bistable,1
235,0010,0000,1000,1000,1.0,bistable,1
235,1000,1010,1000,869,0.869,invasion,1
235,1000,0000,1000,1000,1.0,bistable,1
235,1000,1001,1000,371,0.371,invasion,1
235,1010,0010,96,96,1.0,bistable,1
235,1010,0000,96,84,0.875,bistable,2
235,1010,1011,96,26,0.2708,invasion,1
235,1010,1000,96,4,0.0417,bistable,1
236,0010,0000,1000,1000,1.0,bistable,1
236,1000,1010,1000,883,0.883,invasion,1
236,1000,0000,1000,1000,1.0,bistable,1
236,1000,1001,1000,400,0.4,invasion,1
236,1010,0010,81,81,1.0,bistable,1
236,1010,0000,81,72,0.8889,bistable,2
236,1010,1011,81,27,0.3333,invasion,1
236,1010,1000,81,4,0.0494,bistable,1
237,0010,0000,1000,1000,1.0,bistable,1
237,1000,0000,1000,1000,1.0,bistable,1
237,1000,1010,1000,884,0.884,invasion,1
237,1000,1001,1000,370,0.37,invasion,1
237,1010,0010,90,90,1.0,bistable,1
237,1010,1000,90,6,0.0667,bistable,1
237,1010,0000,90,76,0.8444,bistable,2
237,1010,1011,90,25,0.2778,invasion,1
238,0010,0000,1000,1000,1.0,bistable,1
238,1000,1010,1000,892,0.892,invasion,1
238,1000,0000,1000,1000,1.0,bistable,1
238,1010,0010,78,78,1.0,bistable,1
238,1010,0000,78,71,0.9103,bistable,2
238,1010,1000,78,5,0.0641,bistable,1
239,0010,0000,1000,1000,1.0,bistable,1
239,1000,1010,1000,888,0.888,invasion,1
239,1000,0000,1000,1000,1.0,bistable,1
239,1000,1001,1000,370,0.37,invasion,1
239,1010,0010,69,69,1.0,bistable,1
239,1010,0000,69,59,0.8551,bistable,2
239,1010,1011,69,13,0.1884,invasion,1
239,1010,1000,69,7,0.1014,bistable,1
240,0010,0000,1000,1000,1.0,bistable,1
240,1000,1010,1000,896,0.896,invasion,1
240,1000,0000,1000,1000,1.0,bistable,1
240,1000,1001,1000,366,0.366,invasion,1
240,1010,1011,73,21,0.2877,invasion,1
240,1010,0010,73,73,1.0,bistable,1
240,1010,1000,73,7,0.0959,bistable,1
240,1010,0000,73,62,0.8493,bistable,2
241,0010,0000,1000,1000,1.0,bistable,1
241,1000,1010,1000,894,0.894,invasion,1
241,1000,0000,1000,1000,1.0,bistable,1
241,1000,1001,1000,405,0.405,invasion,1
241,1010,0010,67,67,1.0,bistable,1
241,1010,0000,67,61,0.9104,bistable,2
241,1010,1011,67,21,0.3134,invasion,1
241,1010,1000,67,2,0.0299,bistable,1
242,0010,0000,1000,1000,1.0,bistable,1
242,1000,1010,1000,893,0.893,invasion,1
242,1000,0000,1000,1000,1.0,bistable,1
242,1010,0010,81,81,1.0,bistable,1
242,1010,0000,81,72,0.8889,bistable,2
242,1010,1000,81,4,0.0494,bistable,1
243,0010,0000,1000,1000,1.0,bistable,1
243,1000,1010,1000,894,0.894,invasion,1
243,1000,0000,1000,1000,1.0,bistable,1
243,1010,0010,74,74,1.0,bistable,1
243,1010,0000,74,65,0.8784,bistable,2
243,1010,1000,74,3,0.0405,bistable,1
244,0010,0000,1000,1000,1.0,bistable,1
244,1000,1010,1000,877,0.877,invasion,1
244,1000,0000,1000,1000,1.0,bistable,1
244,1010,0010,86,86,1.0,bistable,1
244,1010,0000,86,73,0.8488,bistable,2
244,1010,1000,86,7,0.0814,bistable,1
245,0010,0000,1000,1000,1.0,bistable,1
245,1000,0000,1000,1000,1.0,bistable,1
245,1010,0010,70,70,1.0,bistable,1
245,1010,0000,70,61,0.8714,bistable,2
245,1000,1010,1000,894,0.894,invasion,1
245,1000,1001,1000,361,0.361,invasion,1
245,1010,1011,70,25,0.3571,invasion,1
245,1010,1000,70,8,0.1143,bistable,1
245,1011,0011,1,1,1.0,bistable,1
245,1011,0001,1,1,1.0,bistable,2
246,0010,0000,1000,1000,1.0,bistable,1
246,1000,1010,1000,893,0.893,invasion,1
246,1000,0000,1000,1000,1.0,bistable,1
246,1000,1001,1000,350,0.35,invasion,1
246,1010,0010,76,76,1.0,bistable,1
246,1010,0000,76,68,0.8947,bistable,2
246,1010,1011,76,20,0.2632,invasion,1
246,1010,1000,76,1,0.0132,bistable,1
247,0010,0000,1000,1000,1.0,bistable,1
247,1000,1010,1000,877,0.877,invasion,1
247,1000,0000,1000,1000,1.0,bistable,1
247,1000,1001,1000,381,0.381,invasion,1
247,1010,0010,87,87,1.0,bistable,1
247,1010,0000,87,70,0.8046,bistable,2
247,1010,1011,87,31,0.3563,invasion,1
247,1010,1000,87,10,0.1149,bistable,1
248,0010,0000,1000,1000,1.0,bistable,1
248,1000,0000,1000,1000,1.0,bistable,1
248,1010,0010,980,980,1.0,bistable,1
248,1010,1000,980,29,0.0296,bistable,1
248,1000,1001,1000,396,0.396,invasion,1
248,1010,0000,980,951,0.9704,bistable,2
248,1010,1011,980,209,0.2133,invasion,1
249,0010,0000,1000,1000,1.0,bistable,1
249,1000,0000,1000,1000,1.0,bistable,1
249,1000,1010,1000,875,0.875,invasion,1
249,1000,1001,1000,378,0.378,invasion,1
249,1010,0010,101,101,1.0,bistable,1
249,1010,1011,101,40,0.396,invasion,1
249,1010,1000,101,90,0.8911,bistable,1
250,0010,0000,1000,1000,1.0,bistable,1
250,1000,0000,1000,1000,1.0,bistable,1
250,1000,1001,1000,406,0.406,invasion,1
250,1000,1010,1000,893,0.893,invasion,1
250,1010,0010,79,79,1.0,bistable,1
250,1010,1011,79,25,0.3165,invasion,1
250,1010,0000,79,71,0.8987,bistable,2
250,1010,1000,79,3,0.038,bistable,1
251,0010,0000,1000,1000,1.0,bistable,1
251,1000,0000,1000,1000,1.0,bistable,1
251,1000,1010,1000,898,0.898,invasion,1
251,1010,0010,73,73,1.0,bistable,1
251,1010,0000,73,68,0.9315,bistable,2
251,1000,1001,1000,388,0.388,invasion,1
251,1010,1011,73,19,0.2603,invasion,1
251,1010,1000,73,4,0.0548,bistable,1
252,0010,0000,1000,1000,1.0,bistable,1
252,1000,0000,1000,1000,1.0,bistable,1
252,1000,1010,1000,905,0.905,invasion,1
252,1010,0010,70,72,1.0286,bistable,1
252,1010,0000,70,62,0.8857,bistable,2
252,1010,1000,70,1,0.0143,bistable,1
253,0010,0000,1000,1000,1.0,bistable,1
253,1000,1001,1000,390,0.39,invasion,1
253,1000,0000,1000,1000,1.0,bistable,1
253,1010,0010,70,70,1.0,bistable,1
253,1010,1011,70,24,0.3429,invasion,1
253,1010,0000,70,60,0.8571,bistable,2
253,1000,1010,1000,901,0.901,invasion,1
253,1010,1000,70,8,0.1143,bistable,1
254,0010,0000,1000,1000,1.0,bistable,1
254,1000,1010,1000,901,0.901,invasion,1
254,1000,0000,1000,1000,1.0,bistable,1
254,1000,1001,1000,376,0.376,invasion,1
254,1010,0010,76,76,1.0,bistable,1
254,1010,0000,76,72,0.9474,bistable,2
254,1010,1011,76,31,0.4079,invasion,1
254,1010,1000,76,2,0.0263,bistable,1
255,0010,0000,1000,1000,1.0,bistable,1
255,1000,1010,1000,884,0.884,invasion,1
255,1000,0000,1000,1000,1.0,bistable,1
255,1000,1001,1000,383,0.383,invasion,1
255,1010,0010,77,77,1.0,bistable,1
255,1010,0000,77,68,0.8831,bistable,2
255,1010,1011,77,21,0.2727,invasion,1
255,1010,1000,77,5,0.0649,bistable,1
256,0010,0000,1000,1000,1.0,bistable,1
256,1000,1010,1000,897,0.897,invasion,1
256,1000,0000,1000,1000,1.0,bistable,1
256,1000,1001,1000,394,0.394,invasion,1
256,1010,0010,66,66,1.0,bistable,1
256,1010,0000,66,53,0.803,bistable,2
256,1010,1011,66,25,0.3788,invasion,1
256,1010,1000,66,6,0.0909,bistable,1
