circuit_index,added_edges,n_edges,solution_1,freq_1,solution_2,freq_2,solution_3,freq_3,solution_4,freq_4,solution_5,freq_5,solution_6,freq_6,solution_7,freq_7,solution_8,freq_8,solution_9,freq_9,solution_10,freq_10,solution_11,freq_11,solution_12,freq_12,solution_13,freq_13,solution_14,freq_14,solution_15,freq_15,solution_16,freq_16,solution_17,freq_17,solution_18,freq_18,solution_19,freq_19,solution_20,freq_20,solution_21,freq_21,solution_22,freq_22,solution_23,freq_23,solution_24,freq_24,solution_25,freq_25,solution_26,freq_26,solution_27,freq_27
1,{},0,0000|0011|1000|1011|1100|1111,1.0
2,{B->M},1,0000|0011|1000|1100|1111,0.9829,0000|0011|1000|1011|1100|1111,0.0171
3,{M->B},1,0000|0011|1000|1011|1101,0.513,0000|0011|1000|1011|1101|1111,0.2645,0000|0011|1000|1011|1100|1111,0.2225
4,{B->F},1,0000|0011|1000|1100|1111,0.5268,0000|1000|1100|1111,0.4083,0000|0011|1000|1011|1100|1111,0.0649
5,{F->B},1,0000|0011|1001|1011|1101|1111,0.289,0000|0011|1000|1011|1100|1111,0.2722,0000|0011|1001|1101,0.2691,0000|0011|1001|1011|1101,0.1165,0000|0011|1000|1011|1101|1111,0.0532
6,{T->M},1,0000|0011|1000|1100|1111,0.8196,0000|1000|1100|1111,0.1712,0000|0011|1000|1011|1100|1111,0.0092
7,{M->T},1,0000|0011|1000|1011|1111,0.9636,0000|0011|1000|1011|1100|1111,0.0364
8,{T->F},1,0000|1000|1100|1111,0.7547,0000|0011|1000|1100|1111,0.2187,0000|0011|1000|1011|1100|1111,0.0266
9,{F->T},1,0000|0011|1011|1111,0.9506,0000|0011|1000|1011|1100|1111,0.0406,0000|0011|1000|1011|1111,0.0088
10,"{M->B,B->M}",2,0000|0011|1000|1101,0.525,0000|0011|1000|1101|1111,0.2383,0000|0011|1000|1100|1111,0.2164,0000|0011|1000|1011|1101,0.01,0000|0011|1000|1011|1100|1111,0.0057,0000|0011|1000|1011|1101|1111,0.0046
11,"{B->F,B->M}",2,0000|0011|1000|1100|1111,0.5933,0000|1000|1100|1111,0.4059,0000|0011|1000|1011|1100|1111,0.0008
12,"{B->F,M->B}",2,0000|0011|1000|1101,0.2652,0000|1000|1101,0.2116,0000|0011|1000|1101|1111,0.1445,0000|0011|1000|1100|1111,0.1162,0000|1000|1101|1111,0.1111,0000|1000|1100|1111,0.0885,0000|0011|1000|1011|1101,0.029,0000|0011|1000|1011|1101|1111,0.0195,0000|0011|1000|1011|1100|1111,0.0144
13,"{F->B,B->M}",2,0000|0011|1101,0.3767,0000|0011|1000|1100|1111,0.2781,0000|0011|1101|1111,0.2479,0000|0011|1000|1101|1111,0.0523,0000|0011|1001|1101|1111,0.0288,0000|0011|1000|1011|1100|1111,0.0052,0000|0011|1001|1101,0.0044,0000|0011|1001|1011|1101|1111,0.004,0000|0011|1001|1011|1101,0.002,0000|0011|1000|1011|1101|1111,0.0006
14,"{F->B,M->B}",2,0000|0011|1001|1011|1101,0.3734,0000|0011|1001|1101,0.2514,0000|0011|1000|1011|1101,0.2179,0000|0011|1000|1011|1101|1111,0.0923,0000|0011|1001|1011|1101|1111,0.0347,0000|0011|1000|1011|1100|1111,0.0303
15,"{F->B,B->F}",2,0000|0011|1101,0.2041,0000|1101,0.1543,0000|0011|1000|1100|1111,0.1504,0000|1000|1100|1111,0.114,0000|1101|1111,0.1042,0000|0011|1101|1111,0.0989,0000|0011|1001|1101|1111,0.0561,0000|0011|1000|1101|1111,0.029,0000|0011|1001|1101,0.0214,0000|1000|1101|1111,0.0202,0000|0011|1000|1011|1100|1111,0.0157,0000|0011|1001|1011|1101|1111,0.0129,0000|1001|1101|1111,0.0101,0000|0011|1001|1011|1101,0.0056,0000|0011|1000|1011|1101|1111,0.0031
16,"{T->M,B->M}",2,0000|0011|1000|1100|1111,0.6269,0000|1000|1100|1111,0.3731
17,"{T->M,M->B}",2,0000|0011|1000|1101,0.4321,0000|0011|1000|1101|1111,0.2094,0000|0011|1000|1100|1111,0.1787,0000|1000|1101,0.0941,0000|1000|1101|1111,0.0401,0000|1000|1100|1111,0.0392,0000|0011|1000|1011|1101,0.0035,0000|0011|1000|1011|1101|1111,0.0019,0000|0011|1000|1011|1100|1111,0.001
18,"{T->M,B->F}",2,0000|1000|1100|1111,0.5002,0000|0011|1000|1100|1111,0.4996,0000|0011|1000|1011|1100|1111,0.0002
19,"{T->M,F->B}",2,0000|0011|1001|1101,0.3141,0000|0011|1000|1100|1111,0.2314,0000|0011|1001|1101|1111,0.2299,0000|1001|1101,0.066,0000|1001|1101|1111,0.0514,0000|1000|1100|1111,0.0486,0000|0011|1000|1101|1111,0.0443,0000|1000|1101|1111,0.007,0000|0011|1000|1011|1100|1111,0.0029,0000|0011|1001|1011|1101|1111,0.0029,0000|0011|1001|1011|1101,0.0013,0000|0011|1000|1011|1101|1111,0.0002
20,"{M->T,B->M}",2,0000|0011|1000|1111,0.9502,0000|0011|1000|1100|1111,0.0315,0000|0011|1000|1011|1111,0.0175,0000|0011|1000|1011|1100|1111,0.0008
21,"{M->T,M->B}",2,0000|0011|1000|1011|1111,0.8973,0000|0011|1000|1011|1101|1111,0.074,0000|0011|1000|1011|1101,0.0208,0000|0011|1000|1011|1100|1111,0.0079
22,"{M->T,B->F}",2,0000|0011|1000|1111,0.5126,0000|1000|1111,0.3865,0000|0011|1000|1011|1111,0.064,0000|0011|1000|1100|1111,0.0187,0000|1000|1100|1111,0.0167,0000|0011|1000|1011|1100|1111,0.0015
23,"{M->T,F->B}",2,0000|0011|1001|1011|1111,0.3617,0000|0011|1000|1011|1111,0.3307,0000|0011|1001|1111,0.2175,0000|0011|1001|1011|1101|1111,0.0387,0000|0011|1001|1101|1111,0.0291,0000|0011|1001|1101,0.0117,0000|0011|1000|1011|1100|1111,0.0079,0000|0011|1000|1011|1101|1111,0.0015,0000|0011|1001|1011|1101,0.0012
24,"{M->T,T->M}",2,0000|0011|1000|1111,0.7977,0000|1000|1111,0.1598,0000|0011|1000|1100|1111,0.0291,0000|1000|1100|1111,0.0064,0000|0011|1000|1011|1111,0.0062,0000|0011|1000|1011|1100|1111,0.0008
25,"{T->F,B->M}",2,0000|1000|1100|1111,0.7453,0000|0011|1000|1100|1111,0.2545,0000|0011|1000|1011|1100|1111,0.0002
26,"{T->F,M->B}",2,0000|1000|1101,0.3751,0000|1000|1101|1111,0.2055,0000|1000|1100|1111,0.17,0000|0011|1000|1101,0.1103,0000|0011|1000|1101|1111,0.0631,0000|0011|1000|1100|1111,0.0504,0000|0011|1000|1011|1101,0.0132,0000|0011|1000|1011|1101|1111,0.0071,0000|0011|1000|1011|1100|1111,0.0053
27,"{T->F,B->F}",2,0000|1000|1100|1111,0.926,0000|0011|1000|1100|1111,0.0731,0000|0011|1000|1011|1100|1111,0.0009
28,"{T->F,F->B}",2,0000|1001|1101,0.2904,0000|1001|1101|1111,0.2101,0000|1000|1100|1111,0.2076,0000|0011|1001|1101,0.0934,0000|0011|1001|1101|1111,0.0651,0000|0011|1000|1100|1111,0.0608,0000|1000|1101|1111,0.0378,0000|0011|1000|1101|1111,0.0134,0000|0011|1001|1011|1101|1111,0.0083,0000|0011|1000|1011|1100|1111,0.0072,0000|0011|1001|1011|1101,0.0046,0000|0011|1000|1011|1101|1111,0.0013
29,"{T->F,T->M}",2,0000|1000|1100|1111,0.7959,0000|0011|1000|1100|1111,0.2041
30,"{T->F,M->T}",2,0000|1000|1111,0.7288,0000|0011|1000|1111,0.2124,0000|0011|1000|1011|1111,0.0248,0000|1000|1100|1111,0.0244,0000|0011|1000|1100|1111,0.0083,0000|0011|1000|1011|1100|1111,0.0013
31,"{F->T,B->M}",2,0000|0011|1111,0.935,0000|0011|1000|1100|1111,0.0416,0000|0011|1011|1111,0.0142,0000|0011|1000|1111,0.0088,0000|0011|1000|1011|1100|1111,0.0004
32,"{F->T,M->B}",2,0000|0011|1011|1111,0.855,0000|0011|1011|1101|1111,0.0839,0000|0011|1000|1011|1101,0.0221,0000|0011|1000|1011|1101|1111,0.0165,0000|0011|1000|1011|1100|1111,0.0117,0000|0011|1011|1101,0.0092,0000|0011|1000|1011|1111,0.0016
33,"{F->T,B->F}",2,0000|0011|1111,0.5104,0000|1111,0.3814,0000|0011|1011|1111,0.0541,0000|0011|1000|1100|1111,0.0241,0000|1000|1100|1111,0.0185,0000|0011|1000|1111,0.0049,0000|1000|1111,0.0031,0000|0011|1000|1011|1100|1111,0.0028,0000|0011|1000|1011|1111,0.0007
34,"{F->T,F->B}",2,0000|0011|1011|1111,0.8781,0000|0011|1001|1011|1101|1111,0.087,0000|0011|1000|1011|1100|1111,0.011,0000|0011|1001|1011|1101,0.0084,0000|0011|1001|1101,0.0067,0000|0011|1000|1011|1111,0.0026,0000|0011|1000|1011|1101|1111,0.0024,0000|0011|1001|1011|1111,0.0021,0000|0011|1011|1101|1111,0.0017
35,"{F->T,T->M}",2,0000|0011|1111,0.7828,0000|1111,0.1605,0000|0011|1000|1100|1111,0.0361,0000|0011|1000|1111,0.0072,0000|1000|1100|1111,0.0065,0000|0011|1011|1111,0.0053,0000|1000|1111,0.0012,0000|0011|1000|1011|1100|1111,0.0004
36,"{F->T,M->T}",2,0000|0011|1011|1111,0.9488,0000|0011|1000|1011|1111,0.0508,0000|0011|1000|1011|1100|1111,0.0004
37,"{F->T,T->F}",2,0000|1111,0.7058,0000|0011|1111,0.2172,0000|1000|1100|1111,0.0328,0000|0011|1011|1111,0.0255,0000|0011|1000|1100|1111,0.0091,0000|1000|1111,0.0069,0000|0011|1000|1111,0.0017,0000|0011|1000|1011|1100|1111,0.0008,0000|0011|1000|1011|1111,0.0002
38,"{B->F,M->B,B->M}",3,0000|0011|1000|1101,0.315,0000|1000|1101,0.2153,0000|0011|1000|1101|1111,0.1458,0000|0011|1000|1100|1111,0.1342,0000|1000|1101|1111,0.1022,0000|1000|1100|1111,0.0868,0000|0011|1000|1011|1101,0.0003,0000|0011|1000|1011|1100|1111,0.0002,0000|0011|1000|1011|1101|1111,0.0002
39,"{F->B,M->B,B->M}",3,0000|0011|1101,0.6118,0000|0011|1000|1101,0.2076,0000|0011|1000|1101|1111,0.0821,0000|0011|1000|1100|1111,0.0295,0000|0011|1001|1101,0.0286,0000|0011|1101|1111,0.0251,0000|0011|1001|1011|1101,0.005,0000|0011|1001|1101|1111,0.005,0000|0011|1000|1011|1101,0.0025,0000|0011|1000|1011|1101|1111,0.0017,0000|0011|1000|1011|1100|1111,0.0007,0000|0011|1001|1011|1101|1111,0.0004
40,"{F->B,B->F,B->M}",3,0000|0011|1101,0.2282,0000|0011|1000|1100|1111,0.1711,0000|0011|1101|1111,0.1565,0000|1101,0.1563,0000|1000|1100|1111,0.1126,0000|1101|1111,0.1093,0000|0011|1000|1101|1111,0.0312,0000|1000|1101|1111,0.0196,0000|0011|1001|1101|1111,0.0107,0000|1001|1101|1111,0.0037,0000|0011|1001|1101,0.0006,0000|0011|1000|1011|1100|1111,0.0001,0000|0011|1001|1011|1101,0.0001
41,"{F->B,B->F,M->B}",3,0000|0011|1101,0.2853,0000|1101,0.255,0000|0011|1000|1101,0.1115,0000|1000|1101,0.0875,0000|0011|1001|1101,0.0719,0000|0011|1000|1101|1111,0.0442,0000|1000|1101|1111,0.0362,0000|0011|1000|1100|1111,0.0177,0000|0011|1001|1011|1101,0.0176,0000|0011|1000|1011|1101,0.0126,0000|1101|1111,0.0113,0000|1000|1100|1111,0.0113,0000|1001|1101,0.0095,0000|0011|1001|1101|1111,0.0089,0000|0011|1101|1111,0.0081,0000|0011|1000|1011|1101|1111,0.0056,0000|1001|1101|1111,0.0021,0000|0011|1000|1011|1100|1111,0.0019,0000|0011|1001|1011|1101|1111,0.0018
42,"{T->M,M->B,B->M}",3,0000|0011|1000|1101,0.3322,0000|1000|1101,0.2149,0000|0011|1000|1101|1111,0.1519,0000|0011|1000|1100|1111,0.1361,0000|1000|1100|1111,0.0859,0000|1000|1101|1111,0.0789,0000|0011|1000|1011|1101,0.0001
43,"{T->M,B->F,B->M}",3,0000|1000|1100|1111,0.631,0000|0011|1000|1100|1111,0.369
44,"{T->M,B->F,M->B}",3,0000|0011|1000|1101,0.2655,0000|1000|1101,0.2643,0000|1000|1101|1111,0.1299,0000|0011|1000|1101|1111,0.1242,0000|1000|1100|1111,0.1091,0000|0011|1000|1100|1111,0.1067,0000|0011|1000|1011|1101,0.0003
45,"{T->M,F->B,B->M}",3,0000|0011|1101,0.2306,0000|0011|1000|1100|1111,0.173,0000|0011|1101|1111,0.1517,0000|1101,0.1435,0000|1000|1100|1111,0.1071,0000|1101|1111,0.101,0000|0011|1000|1101|1111,0.0321,0000|0011|1001|1101|1111,0.0253,0000|1000|1101|1111,0.0185,0000|1001|1101|1111,0.0082,0000|0011|1001|1101,0.0077,0000|1001|1101,0.0012,0000|0011|1000|1011|1100|1111,0.0001
46,"{T->M,F->B,M->B}",3,0000|0011|1001|1101,0.5133,0000|0011|1000|1101,0.1803,0000|1001|1101,0.109,0000|0011|1000|1101|1111,0.0699,0000|1000|1101,0.0412,0000|0011|1000|1100|1111,0.0273,0000|0011|1001|1101|1111,0.0264,0000|1000|1101|1111,0.0151,0000|1001|1101|1111,0.005,0000|1000|1100|1111,0.0048,0000|0011|1001|1011|1101,0.004,0000|0011|1000|1011|1101,0.0029,0000|0011|1000|1011|1100|1111,0.0004,0000|0011|1000|1011|1101|1111,0.0002,0000|0011|1001|1011|1101|1111,0.0002
47,"{T->M,F->B,B->F}",3,0000|1101,0.1895,0000|0011|1101,0.1674,0000|1000|1100|1111,0.1382,0000|0011|1000|1100|1111,0.1373,0000|1101|1111,0.1229,0000|0011|1101|1111,0.0835,0000|0011|1001|1101|1111,0.0591,0000|0011|1000|1101|1111,0.0272,0000|1001|1101|1111,0.0233,0000|0011|1001|1101,0.0231,0000|1000|1101|1111,0.0231,0000|1001|1101,0.0051,0000|0011|1001|1011|1101|1111,0.0001,0000|0011|1000|1011|1100|1111,0.0001,0000|0011|1001|1011|1101,0.0001
48,"{M->T,M->B,B->M}",3,0000|0011|1000|1111,0.8673,0000|0011|1000|1101|1111,0.0792,0000|0011|1000|1101,0.0249,0000|0011|1000|1011|1111,0.0196,0000|0011|1000|1100|1111,0.0071,0000|0011|1000|1011|1101|1111,0.0014,0000|0011|1000|1011|1101,0.0004,0000|0011|1000|1011|1100|1111,0.0001
49,"{M->T,B->F,B->M}",3,0000|0011|1000|1111,0.5673,0000|1000|1111,0.3972,0000|0011|1000|1100|1111,0.0198,0000|1000|1100|1111,0.0153,0000|0011|1000|1011|1111,0.0004
50,"{M->T,B->F,M->B}",3,0000|0011|1000|1111,0.4673,0000|1000|1111,0.3633,0000|0011|1000|1011|1111,0.0575,0000|0011|1000|1101|1111,0.0435,0000|1000|1101|1111,0.0329,0000|0011|1000|1101,0.012,0000|1000|1101,0.0097,0000|0011|1000|1011|1101|1111,0.0045,0000|0011|1000|1100|1111,0.0037,0000|1000|1100|1111,0.0035,0000|0011|1000|1011|1101,0.0017,0000|0011|1000|1011|1100|1111,0.0004
51,"{M->T,F->B,B->M}",3,0000|0011|1111,0.5532,0000|0011|1000|1111,0.3156,0000|0011|1101|1111,0.0656,0000|0011|1001|1111,0.0306,0000|0011|1101,0.0109,0000|0011|1000|1100|1111,0.0085,0000|0011|1001|1011|1111,0.0056,0000|0011|1000|1011|1111,0.005,0000|0011|1001|1101|1111,0.0024,0000|0011|1000|1101|1111,0.0018,0000|0011|1001|1011|1101|1111,0.0005,0000|0011|1000|1011|1100|1111,0.0001,0000|0011|1001|1101,0.0001,0000|0011|1000|1011|1101|1111,0.0001
52,"{M->T,F->B,M->B}",3,0000|0011|1001|1011|1111,0.3307,0000|0011|1000|1011|1111,0.2923,0000|0011|1001|1111,0.2052,0000|0011|1001|1011|1101|1111,0.0427,0000|0011|1000|1011|1101|1111,0.0325,0000|0011|1001|1101|1111,0.0294,0000|0011|1001|1011|1101,0.0272,0000|0011|1001|1101,0.0269,0000|0011|1000|1011|1101,0.012,0000|0011|1000|1011|1100|1111,0.0011
53,"{M->T,F->B,B->F}",3,0000|0011|1111,0.2646,0000|1111,0.2314,0000|0011|1000|1111,0.1692,0000|1000|1111,0.1313,0000|0011|1001|1111,0.0674,0000|0011|1101|1111,0.0329,0000|1101|1111,0.0268,0000|0011|1000|1011|1111,0.0184,0000|0011|1001|1011|1111,0.0156,0000|1001|1111,0.0093,0000|0011|1001|1101|1111,0.0065,0000|0011|1101,0.0064,0000|0011|1000|1100|1111,0.0061,0000|1101,0.0041,0000|1000|1100|1111,0.004,0000|1000|1101|1111,0.0014,0000|0011|1001|1011|1101|1111,0.0012,0000|0011|1001|1101,0.0009,0000|1001|1101|1111,0.0009,0000|0011|1000|1101|1111,0.0008,0000|0011|1000|1011|1100|1111,0.0006,0000|0011|1000|1011|1101|1111,0.0002
54,"{M->T,T->M,B->M}",3,0000|0011|1000|1111,0.6005,0000|1000|1111,0.3639,0000|0011|1000|1100|1111,0.021,0000|1000|1100|1111,0.0146
55,"{M->T,T->M,M->B}",3,0000|0011|1000|1111,0.7256,0000|1000|1111,0.1549,0000|0011|1000|1101|1111,0.0656,0000|0011|1000|1101,0.019,0000|1000|1101|1111,0.0139,0000|0011|1000|1100|1111,0.0076,0000|0011|1000|1011|1111,0.0069,0000|1000|1101,0.0054,0000|1000|1100|1111,0.0006,0000|0011|1000|1011|1101|1111,0.0004,0000|0011|1000|1011|1101,0.0001
56,"{M->T,T->M,B->F}",3,0000|1000|1111,0.4842,0000|0011|1000|1111,0.4816,0000|0011|1000|1100|1111,0.0169,0000|1000|1100|1111,0.0168,0000|0011|1000|1011|1111,0.0005
57,"{M->T,T->M,F->B}",3,0000|0011|1001|1111,0.4853,0000|0011|1000|1111,0.2644,0000|1001|1111,0.0964,0000|1000|1111,0.0569,0000|0011|1001|1101|1111,0.0562,0000|1001|1101|1111,0.0098,0000|0011|1001|1101,0.0093,0000|0011|1000|1100|1111,0.0082,0000|0011|1001|1011|1111,0.0048,0000|0011|1000|1101|1111,0.0022,0000|0011|1000|1011|1111,0.0022,0000|1001|1101,0.0017,0000|1000|1100|1111,0.0016,0000|1000|1101|1111,0.0005,0000|0011|1001|1011|1101|1111,0.0002,0000|0011|1000|1011|1100|1111,0.0002,0000|0011|1000|1011|1101|1111,0.0001
58,"{T->F,M->B,B->M}",3,0000|1000|1101,0.3988,0000|1000|1101|1111,0.1851,0000|1000|1100|1111,0.1687,0000|0011|1000|1101,0.1333,0000|0011|1000|1101|1111,0.0594,0000|0011|1000|1100|1111,0.0547
59,"{T->F,B->F,B->M}",3,0000|1000|1100|1111,0.9254,0000|0011|1000|1100|1111,0.0745,0000|0011|1000|1011|1100|1111,0.0001
60,"{T->F,B->F,M->B}",3,0000|1000|1101,0.4681,0000|1000|1101|1111,0.2558,0000|1000|1100|1111,0.2048,0000|0011|1000|1101,0.0355,0000|0011|1000|1100|1111,0.0176,0000|0011|1000|1101|1111,0.0172,0000|0011|1000|1011|1100|1111,0.0006,0000|0011|1000|1011|1101|1111,0.0002,0000|0011|1000|1011|1101,0.0002
61,"{T->F,F->B,B->M}",3,0000|1101,0.2889,0000|1000|1100|1111,0.2113,0000|1101|1111,0.1887,0000|0011|1101,0.0917,0000|0011|1000|1100|1111,0.066,0000|0011|1101|1111,0.0655,0000|1000|1101|1111,0.0386,0000|1001|1101|1111,0.0211,0000|0011|1000|1101|1111,0.0122,0000|0011|1001|1101|1111,0.0087,0000|1001|1101,0.0049,0000|0011|1001|1101,0.0023,0000|0011|1000|1011|1100|1111,0.0001
62,"{T->F,F->B,M->B}",3,0000|1001|1101,0.4745,0000|1000|1101,0.1604,0000|0011|1001|1101,0.1475,0000|1000|1101|1111,0.0651,0000|0011|1000|1101,0.048,0000|1000|1100|1111,0.0253,0000|1001|1101|1111,0.023,0000|0011|1000|1101|1111,0.0183,0000|0011|1001|1011|1101,0.013,0000|0011|1000|1100|1111,0.0072,0000|0011|1001|1101|1111,0.007,0000|0011|1000|1011|1101,0.0062,0000|0011|1000|1011|1101|1111,0.0026,0000|0011|1001|1011|1101|1111,0.001,0000|0011|1000|1011|1100|1111,0.0009
63,"{T->F,F->B,B->F}",3,0000|1101,0.3387,0000|1000|1100|1111,0.2583,0000|1101|1111,0.1906,0000|1001|1101|1111,0.0687,0000|1000|1101|1111,0.0513,0000|0011|1101,0.0224,0000|0011|1000|1100|1111,0.022,0000|1001|1101,0.0185,0000|0011|1001|1101|1111,0.0105,0000|0011|1101|1111,0.0086,0000|0011|1001|1101,0.0063,0000|0011|1000|1101|1111,0.0036,0000|0011|1001|1011|1101|1111,0.0002,0000|0011|1001|1011|1101,0.0001,0000|0011|1000|1011|1101|1111,0.0001,0000|0011|1000|1011|1100|1111,0.0001
64,"{T->F,T->M,B->M}",3,0000|1000|1100|1111,0.8383,0000|0011|1000|1100|1111,0.1617
65,"{T->F,T->M,M->B}",3,0000|1000|1101,0.4184,0000|1000|1101|1111,0.1959,0000|1000|1100|1111,0.1738,0000|0011|1000|1101,0.1105,0000|0011|1000|1101|1111,0.0536,0000|0011|1000|1100|1111,0.0476,0000|0011|1000|1011|1101,0.0002
66,"{T->F,T->M,B->F}",3,0000|1000|1100|1111,0.9391,0000|0011|1000|1100|1111,0.0609
67,"{T->F,T->M,F->B}",3,0000|1001|1101,0.3045,0000|1001|1101|1111,0.2257,0000|1000|1100|1111,0.2218,0000|0011|1001|1101,0.0762,0000|0011|1000|1100|1111,0.0583,0000|0011|1001|1101|1111,0.0583,0000|1000|1101|1111,0.0437,0000|0011|1000|1101|1111,0.0115
68,"{T->F,M->T,B->M}",3,0000|1000|1111,0.7264,0000|0011|1000|1111,0.2412,0000|1000|1100|1111,0.0239,0000|0011|1000|1100|1111,0.0084,0000|0011|1000|1011|1111,0.0001
69,"{T->F,M->T,M->B}",3,0000|1000|1111,0.6699,0000|0011|1000|1111,0.197,0000|1000|1101|1111,0.0572,0000|0011|1000|1011|1111,0.0229,0000|0011|1000|1101|1111,0.0199,0000|1000|1101,0.0171,0000|1000|1100|1111,0.0062,0000|0011|1000|1101,0.0055,0000|0011|1000|1011|1101|1111,0.0022,0000|0011|1000|1100|1111,0.0011,0000|0011|1000|1011|1101,0.0006,0000|0011|1000|1011|1100|1111,0.0004
70,"{T->F,M->T,B->F}",3,0000|1000|1111,0.8909,0000|0011|1000|1111,0.0722,0000|1000|1100|1111,0.0327,0000|0011|1000|1100|1111,0.0034,0000|0011|1000|1011|1111,0.0008
71,"{T->F,M->T,F->B}",3,0000|1001|1111,0.4433,0000|1000|1111,0.2454,0000|0011|1001|1111,0.1316,0000|0011|1000|1111,0.0699,0000|1001|1101|1111,0.0503,0000|0011|1001|1101|1111,0.014,0000|0011|1001|1011|1111,0.0124,0000|0011|1000|1011|1111,0.0094,0000|1001|1101,0.0083,0000|1000|1100|1111,0.0071,0000|0011|1001|1101,0.0025,0000|0011|1000|1100|1111,0.002,0000|1000|1101|1111,0.002,0000|0011|1001|1011|1101|1111,0.0009,0000|0011|1000|1101|1111,0.0005,0000|0011|1000|1011|1100|1111,0.0003,0000|0011|1000|1011|1101|1111,0.0001
72,"{T->F,M->T,T->M}",3,0000|1000|1111,0.7754,0000|0011|1000|1111,0.1902,0000|1000|1100|1111,0.0267,0000|0011|1000|1100|1111,0.0075,0000|0011|1000|1011|1111,0.0002
73,"{F->T,M->B,B->M}",3,0000|0011|1111,0.8438,0000|0011|1101|1111,0.0817,0000|0011|1000|1101,0.0201,0000|0011|1000|1101|1111,0.0182,0000|0011|1011|1111,0.0137,0000|0011|1101,0.0111,0000|0011|1000|1100|1111,0.0084,0000|0011|1000|1111,0.0014,0000|0011|1011|1101|1111,0.001,0000|0011|1000|1011|1101|1111,0.0004,0000|0011|1000|1011|1101,0.0002
74,"{F->T,B->F,B->M}",3,0000|0011|1111,0.5618,0000|1111,0.3819,0000|0011|1000|1100|1111,0.0265,0000|1000|1100|1111,0.0185,0000|0011|1000|1111,0.0062,0000|1000|1111,0.0042,0000|0011|1011|1111,0.0005,0000|0011|1000|1011|1100|1111,0.0004
75,"{F->T,B->F,M->B}",3,0000|0011|1111,0.4576,0000|1111,0.3484,0000|0011|1101|1111,0.0502,0000|0011|1011|1111,0.0477,0000|1101|1111,0.0326,0000|0011|1000|1101,0.0119,0000|0011|1000|1101|1111,0.0095,0000|1000|1101,0.0073,0000|1000|1101|1111,0.006,0000|0011|1000|1100|1111,0.006,0000|0011|1011|1101|1111,0.0049,0000|1000|1100|1111,0.0046,0000|0011|1101,0.0044,0000|1101,0.0023,0000|0011|1000|1011|1101|1111,0.0019,0000|0011|1000|1011|1101,0.0016,0000|0011|1000|1111,0.001,0000|1000|1111,0.001,0000|0011|1000|1011|1100|1111,0.0006,0000|0011|1011|1101,0.0003,0000|0011|1000|1011|1111,0.0002
76,"{F->T,F->B,B->M}",3,0000|0011|1111,0.8683,0000|0011|1101|1111,0.0854,0000|0011|1101,0.0143,0000|0011|1000|1100|1111,0.0125,0000|0011|1011|1111,0.0094,0000|0011|1000|1111,0.0031,0000|0011|1000|1101|1111,0.0029,0000|0011|1001|1101|1111,0.0025,0000|0011|1001|1011|1101|1111,0.001,0000|0011|1001|1101,0.0002,0000|0011|1000|1011|1100|1111,0.0002,0000|0011|1001|1011|1101,0.0001,0000|0011|1001|1111,0.0001
77,"{F->T,F->B,M->B}",3,0000|0011|1011|1111,0.7824,0000|0011|1011|1101|1111,0.0911,0000|0011|1001|1011|1101,0.0548,0000|0011|1001|1011|1101|1111,0.0371,0000|0011|1000|1011|1101,0.0107,0000|0011|1001|1101,0.008,0000|0011|1011|1101,0.0075,0000|0011|1000|1011|1101|1111,0.0066,0000|0011|1000|1011|1100|1111,0.0016,0000|0011|1000|1011|1111,0.0002
78,"{F->T,F->B,B->F}",3,0000|0011|1111,0.4893,0000|1111,0.3588,0000|0011|1101|1111,0.0446,0000|0011|1011|1111,0.037,0000|1101|1111,0.029,0000|0011|1101,0.0077,0000|0011|1000|1100|1111,0.0068,0000|1101,0.0063,0000|0011|1001|1101|1111,0.0053,0000|1000|1100|1111,0.0045,0000|0011|1001|1011|1101|1111,0.0037,0000|0011|1000|1101|1111,0.0012,0000|0011|1000|1111,0.0011,0000|1000|1111,0.0011,0000|0011|1001|1101,0.0009,0000|1000|1101|1111,0.0008,0000|1001|1101|1111,0.0007,0000|0011|1001|1011|1101,0.0004,0000|0011|1000|1011|1100|1111,0.0004,0000|0011|1000|1011|1101|1111,0.0002,0000|0011|1011|1101|1111,0.0001,0000|0011|1000|1011|1111,0.0001
79,"{F->T,T->M,B->M}",3,0000|0011|1111,0.5847,0000|1111,0.3633,0000|0011|1000|1100|1111,0.0266,0000|1000|1100|1111,0.0171,0000|0011|1000|1111,0.0055,0000|1000|1111,0.0026,0000|0011|1011|1111,0.0002
80,"{F->T,T->M,M->B}",3,0000|0011|1111,0.7106,0000|1111,0.1435,0000|0011|1101|1111,0.0673,0000|0011|1000|1101,0.0183,0000|0011|1000|1101|1111,0.0141,0000|1101|1111,0.0134,0000|0011|1101,0.0084,0000|0011|1000|1100|1111,0.0075,0000|0011|1011|1111,0.0063,0000|1000|1101,0.0027,0000|0011|1000|1111,0.0018,0000|1000|1101|1111,0.0017,0000|1101,0.0016,0000|1000|1100|1111,0.0014,0000|0011|1011|1101|1111,0.0006,0000|0011|1000|1011|1100|1111,0.0003,0000|0011|1000|1011|1101|1111,0.0002,0000|0011|1000|1011|1101,0.0001,0000|0011|1011|1101,0.0001,0000|1000|1111,0.0001
81,"{F->T,T->M,B->F}",3,0000|1111,0.482,0000|0011|1111,0.4666,0000|0011|1000|1100|1111,0.0223,0000|1000|1100|1111,0.0222,0000|0011|1000|1111,0.0034,0000|1000|1111,0.0033,0000|0011|1011|1111,0.0002
82,"{F->T,T->M,F->B}",3,0000|0011|1111,0.7303,0000|1111,0.1461,0000|0011|1001|1101|1111,0.0692,0000|1001|1101|1111,0.0143,0000|0011|1001|1101,0.0101,0000|0011|1000|1100|1111,0.01,0000|0011|1011|1111,0.0061,0000|1001|1101,0.0022,0000|0011|1101|1111,0.002,0000|1000|1100|1111,0.002,0000|0011|1000|1101|1111,0.002,0000|0011|1000|1111,0.0017,0000|0011|1001|1111,0.0013,0000|0011|1001|1011|1101|1111,0.0009,0000|1000|1101|1111,0.0006,0000|1000|1111,0.0003,0000|1101|1111,0.0002,0000|1001|1111,0.0002,0000|0011|1001|1011|1111,0.0001,0000|0011|1001|1011|1101,0.0001,0000|0011|1000|1011|1111,0.0001,0000|0011|1000|1011|1101|1111,0.0001,0000|0011|1000|1011|1100|1111,0.0001
83,"{F->T,M->T,B->M}",3,0000|0011|1111,0.9327,0000|0011|1000|1111,0.0503,0000|0011|1011|1111,0.0155,0000|0011|1000|1100|1111,0.001,0000|0011|1000|1011|1111,0.0005
84,"{F->T,M->T,M->B}",3,0000|0011|1011|1111,0.9436,0000|0011|1000|1011|1111,0.0463,0000|0011|1011|1101|1111,0.0059,0000|0011|1000|1011|1101|1111,0.003,0000|0011|1000|1011|1101,0.0008,0000|0011|1000|1011|1100|1111,0.0003,0000|0011|1011|1101,0.0001
85,"{F->T,M->T,B->F}",3,0000|0011|1111,0.5136,0000|1111,0.381,0000|0011|1011|1111,0.0521,0000|0011|1000|1111,0.0257,0000|1000|1111,0.0234,0000|0011|1000|1011|1111,0.0039,0000|0011|1000|1100|1111,0.0003
86,"{F->T,M->T,F->B}",3,0000|0011|1011|1111,0.8784,0000|0011|1001|1011|1111,0.0909,0000|0011|1000|1011|1111,0.0182,0000|0011|1001|1111,0.0067,0000|0011|1001|1011|1101|1111,0.0048,0000|0011|1001|1101|1111,0.0004,0000|0011|1000|1011|1100|1111,0.0003,0000|0011|1001|1101,0.0002,0000|0011|1000|1011|1101|1111,0.0001
87,"{F->T,M->T,T->M}",3,0000|0011|1111,0.78,0000|1111,0.1603,0000|0011|1000|1111,0.0431,0000|1000|1111,0.0083,0000|0011|1011|1111,0.0068,0000|0011|1000|1100|1111,0.0008,0000|0011|1000|1011|1111,0.0005,0000|1000|1100|1111,0.0002
88,"{F->T,T->F,B->M}",3,0000|1111,0.7133,0000|0011|1111,0.2312,0000|1000|1100|1111,0.0366,0000|0011|1000|1100|1111,0.0109,0000|1000|1111,0.0057,0000|0011|1000|1111,0.002,0000|0011|1011|1111,0.0003
89,"{F->T,T->F,M->B}",3,0000|1111,0.6379,0000|0011|1111,0.1999,0000|1101|1111,0.0646,0000|0011|1011|1111,0.0218,0000|0011|1101|1111,0.0161,0000|1000|1101,0.0143,0000|1000|1101|1111,0.0142,0000|1000|1100|1111,0.0071,0000|1101,0.0067,0000|0011|1000|1101|1111,0.0049,0000|0011|1000|1101,0.004,0000|0011|1011|1101|1111,0.0029,0000|0011|1000|1100|1111,0.0018,0000|1000|1111,0.0013,0000|0011|1101,0.0012,0000|0011|1000|1011|1101,0.0005,0000|0011|1000|1011|1101|1111,0.0005,0000|0011|1011|1101,0.0002,0000|0011|1000|1011|1111,0.0001
90,"{F->T,T->F,B->F}",3,0000|1111,0.881,0000|0011|1111,0.0689,0000|1000|1100|1111,0.0404,0000|1000|1111,0.0069,0000|0011|1000|1100|1111,0.0018,0000|0011|1000|1111,0.0005,0000|0011|1011|1111,0.0005
91,"{F->T,T->F,F->B}",3,0000|1111,0.6573,0000|0011|1111,0.1934,0000|1001|1101|1111,0.0671,0000|0011|1011|1111,0.0229,0000|0011|1001|1101|1111,0.0194,0000|1001|1101,0.0102,0000|1000|1100|1111,0.009,0000|0011|1000|1100|1111,0.0035,0000|0011|1001|1011|1101|1111,0.0033,0000|1001|1111,0.0029,0000|0011|1001|1101,0.0026,0000|1101|1111,0.0019,0000|1000|1101|1111,0.0018,0000|1000|1111,0.0015,0000|0011|1000|1111,0.001,0000|0011|1101|1111,0.0006,0000|0011|1000|1101|1111,0.0006,0000|0011|1001|1111,0.0005,0000|0011|1000|1011|1100|1111,0.0002,0000|0011|1001|1011|1101,0.0001,0000|0011|1000|1011|1111,0.0001,0000|0011|1011|1101|1111,0.0001
92,"{F->T,T->F,T->M}",3,0000|1111,0.7524,0000|0011|1111,0.2035,0000|1000|1100|1111,0.0284,0000|0011|1000|1100|1111,0.0079,0000|1000|1111,0.0062,0000|0011|1000|1111,0.0014,0000|0011|1011|1111,0.0002
93,"{F->T,T->F,M->T}",3,0000|1111,0.7081,0000|0011|1111,0.215,0000|1000|1111,0.0402,0000|0011|1011|1111,0.0238,0000|0011|1000|1111,0.0106,0000|0011|1000|1011|1111,0.0014,0000|1000|1100|1111,0.0008,0000|0011|1000|1100|1111,0.0001
94,"{F->B,B->F,M->B,B->M}",4,0000|0011|1101,0.3721,0000|1101,0.2521,0000|0011|1000|1101,0.1238,0000|1000|1101,0.0904,0000|0011|1000|1101|1111,0.0519,0000|1000|1101|1111,0.0358,0000|0011|1000|1100|1111,0.0185,0000|0011|1101|1111,0.0172,0000|1000|1100|1111,0.0121,0000|1101|1111,0.0116,0000|0011|1001|1101,0.008,0000|1001|1101,0.0036,0000|0011|1001|1101|1111,0.0022,0000|1001|1101|1111,0.0006,0000|0011|1001|1011|1101,0.0001
95,"{T->M,B->F,M->B,B->M}",4,0000|1000|1101,0.3491,0000|0011|1000|1101,0.196,0000|1000|1101|1111,0.1433,0000|1000|1100|1111,0.1402,0000|0011|1000|1101|1111,0.0903,0000|0011|1000|1100|1111,0.0811
96,"{T->M,F->B,M->B,B->M}",4,0000|0011|1101,0.3702,0000|1101,0.2368,0000|0011|1000|1101,0.1343,0000|1000|1101,0.0836,0000|0011|1000|1101|1111,0.049,0000|1000|1101|1111,0.0296,0000|0011|1001|1101,0.0255,0000|0011|1000|1100|1111,0.0191,0000|0011|1101|1111,0.0178,0000|1000|1100|1111,0.0117,0000|1101|1111,0.0093,0000|1001|1101,0.0068,0000|0011|1001|1101|1111,0.0044,0000|1001|1101|1111,0.0019
97,"{T->M,F->B,B->F,B->M}",4,0000|1101,0.2461,0000|1000|1100|1111,0.1742,0000|1101|1111,0.1726,0000|0011|1101,0.143,0000|0011|1000|1100|1111,0.1011,0000|0011|1101|1111,0.0979,0000|1000|1101|1111,0.035,0000|0011|1000|1101|1111,0.0168,0000|0011|1001|1101|1111,0.0074,0000|1001|1101|1111,0.0055,0000|0011|1001|1101,0.0004
98,"{T->M,F->B,B->F,M->B}",4,0000|1101,0.2948,0000|0011|1101,0.2444,0000|1000|1101,0.1118,0000|0011|1000|1101,0.1032,0000|0011|1001|1101,0.0745,0000|0011|1000|1101|1111,0.0434,0000|1000|1101|1111,0.043,0000|1001|1101,0.0228,0000|1000|1100|1111,0.0178,0000|0011|1000|1100|1111,0.0143,0000|1101|1111,0.0114,0000|0011|1001|1101|1111,0.0081,0000|0011|1101|1111,0.0066,0000|1001|1101|1111,0.0037,0000|0011|1001|1011|1101,0.0002
99,"{M->T,B->F,M->B,B->M}",4,0000|0011|1000|1111,0.5242,0000|1000|1111,0.3679,0000|0011|1000|1101|1111,0.0443,0000|1000|1101|1111,0.0292,0000|0011|1000|1101,0.0145,0000|1000|1101,0.0112,0000|0011|1000|1100|1111,0.0049,0000|1000|1100|1111,0.003,0000|0011|1000|1011|1111,0.0006,0000|0011|1000|1011|1101,0.0001,0000|0011|1000|1011|1101|1111,0.0001
100,"{M->T,F->B,M->B,B->M}",4,0000|0011|1111,0.5113,0000|0011|1000|1111,0.2829,0000|0011|1101|1111,0.0631,0000|0011|1101,0.051,0000|0011|1001|1111,0.0333,0000|0011|1000|1101|1111,0.0299,0000|0011|1000|1101,0.0111,0000|0011|1000|1011|1111,0.0047,0000|0011|1001|1011|1111,0.004,0000|0011|1001|1101|1111,0.0031,0000|0011|1001|1101,0.0028,0000|0011|1000|1011|1101|1111,0.0008,0000|0011|1000|1100|1111,0.0008,0000|0011|1001|1011|1101|1111,0.0007,0000|0011|1001|1011|1101,0.0004,0000|0011|1000|1011|1101,0.0001
101,"{M->T,F->B,B->F,B->M}",4,0000|0011|1111,0.3412,0000|1111,0.2311,0000|0011|1000|1111,0.1955,0000|1000|1111,0.1297,0000|0011|1101|1111,0.0393,0000|1101|1111,0.0263,0000|0011|1001|1111,0.0094,0000|0011|1101,0.0066,0000|0011|1000|1100|1111,0.0049,0000|1101,0.0048,0000|1000|1100|1111,0.0035,0000|1001|1111,0.0033,0000|0011|1000|1101|1111,0.0016,0000|1000|1101|1111,0.0011,0000|0011|1001|1101|1111,0.0006,0000|1001|1101|1111,0.0005,0000|0011|1001|1011|1111,0.0004,0000|0011|1000|1011|1111,0.0002
102,"{M->T,F->B,B->F,M->B}",4,0000|0011|1111,0.243,0000|1111,0.2082,0000|0011|1000|1111,0.1474,0000|1000|1111,0.1234,0000|0011|1001|1111,0.0622,0000|0011|1101|1111,0.0333,0000|1101|1111,0.0296,0000|0011|1101,0.0274,0000|1101,0.02,0000|0011|1000|1101|1111,0.0171,0000|0011|1001|1011|1111,0.0158,0000|1000|1101|1111,0.0152,0000|0011|1000|1011|1111,0.0147,0000|0011|1001|1101|1111,0.01,0000|1001|1111,0.009,0000|0011|1000|1101,0.0067,0000|0011|1001|1101,0.0048,0000|1000|1101,0.0042,0000|0011|1001|1011|1101|1111,0.0021,0000|0011|1000|1011|1101|1111,0.0019,0000|0011|1001|1011|1101,0.0013,0000|1001|1101|1111,0.001,0000|0011|1000|1011|1101,0.0006,0000|1001|1101,0.0005,0000|1000|1100|1111,0.0003,0000|0011|1000|1100|1111,0.0002,0000|0011|1000|1011|1100|1111,0.0001
103,"{M->T,T->M,M->B,B->M}",4,0000|0011|1000|1111,0.5598,0000|1000|1111,0.3306,0000|0011|1000|1101|1111,0.0447,0000|1000|1101|1111,0.0294,0000|0011|1000|1101,0.0151,0000|1000|1101,0.0123,0000|0011|1000|1100|1111,0.0055,0000|1000|1100|1111,0.0026
104,"{M->T,T->M,B->F,B->M}",4,0000|1000|1111,0.6056,0000|0011|1000|1111,0.3614,0000|1000|1100|1111,0.0199,0000|0011|1000|1100|1111,0.0131
105,"{M->T,T->M,B->F,M->B}",4,0000|1000|1111,0.4525,0000|0011|1000|1111,0.4437,0000|0011|1000|1101|1111,0.0375,0000|1000|1101|1111,0.037,0000|1000|1101,0.0126,0000|0011|1000|1101,0.0109,0000|1000|1100|1111,0.003,0000|0011|1000|1100|1111,0.0025,0000|0011|1000|1011|1111,0.0002,0000|0011|1000|1011|1101|1111,0.0001
106,"{M->T,T->M,F->B,B->M}",4,0000|0011|1111,0.3421,0000|1111,0.215,0000|0011|1000|1111,0.1915,0000|1000|1111,0.1231,0000|0011|1101|1111,0.0399,0000|0011|1001|1111,0.0286,0000|1101|1111,0.0244,0000|1001|1111,0.0083,0000|0011|1000|1100|1111,0.0067,0000|0011|1101,0.0055,0000|1101,0.0047,0000|1000|1100|1111,0.0039,0000|0011|1001|1101|1111,0.0028,0000|0011|1000|1101|1111,0.0012,0000|1001|1101|1111,0.0012,0000|1000|1101|1111,0.0008,0000|1001|1101,0.0001,0000|0011|1001,0.0001,0000|0011|1001|1101,0.0001
107,"{M->T,T->M,F->B,M->B}",4,0000|0011|1001|1111,0.4515,0000|0011|1000|1111,0.232,0000|1001|1111,0.0892,0000|0011|1001|1101|1111,0.0582,0000|0011|1001|1101,0.0497,0000|1000|1111,0.0484,0000|0011|1000|1101|1111,0.0231,0000|1001|1101|1111,0.013,0000|0011|1000|1101,0.0092,0000|1001|1101,0.0083,0000|1000|1101|1111,0.0066,0000|0011|1001|1011|1111,0.003,0000|1000|1101,0.0027,0000|0011|1000|1011|1111,0.0027,0000|0011|1001|1011|1101|1111,0.0009,0000|0011|1000|1100|1111,0.0009,0000|1000|1100|1111,0.0003,0000|0011|1001|1011|1101,0.0002,0000|0011|1000|1011|1101|1111,0.0001
108,"{M->T,T->M,F->B,B->F}",4,0000|1111,0.276,0000|0011|1111,0.2127,0000|0011|1000|1111,0.1619,0000|1000|1111,0.1603,0000|0011|1001|1111,0.0738,0000|1101|1111,0.0331,0000|0011|1101|1111,0.0288,0000|1001|1111,0.0208,0000|0011|1001|1101|1111,0.0098,0000|1000|1100|1111,0.0053,0000|0011|1000|1100|1111,0.0047,0000|1101,0.0045,0000|0011|1101,0.0042,0000|1001|1101|1111,0.0014,0000|0011|1000|1101|1111,0.0012,0000|1000|1101|1111,0.001,0000|0011|1001|1101,0.0002,0000|0011|1001|1011|1111,0.0002,0000|0011|1000|1011|1111,0.0001
109,"{T->F,B->F,M->B,B->M}",4,0000|1000|1101,0.4953,0000|1000|1101|1111,0.2271,0000|1000|1100|1111,0.2031,0000|0011|1000|1101,0.0392,0000|0011|1000|1100|1111,0.0183,0000|0011|1000|1101|1111,0.017
110,"{T->F,F->B,M->B,B->M}",4,0000|1101,0.4553,0000|1000|1101,0.1616,0000|0011|1101,0.1484,0000|1000|1101|1111,0.0618,0000|0011|1000|1101,0.0547,0000|1001|1101,0.0258,0000|0011|1000|1101|1111,0.0234,0000|1000|1100|1111,0.0231,0000|1101|1111,0.0166,0000|0011|1001|1101,0.0088,0000|0011|1000|1100|1111,0.0082,0000|0011|1101|1111,0.0054,0000|1001|1101|1111,0.0051,0000|0011|1001|1101|1111,0.0018
111,"{T->F,F->B,B->F,B->M}",4,0000|1101,0.3524,0000|1000|1100|1111,0.2677,0000|1101|1111,0.2417,0000|1000|1101|1111,0.0533,0000|0011|1101,0.0265,0000|0011|1000|1100|1111,0.0215,0000|0011|1101|1111,0.0186,0000|1001|1101|1111,0.0132,0000|0011|1000|1101|1111,0.004,0000|0011|1001|1101|1111,0.0011
112,"{T->F,F->B,B->F,M->B}",4,0000|1101,0.5216,0000|1000|1101,0.1923,0000|1000|1101|1111,0.0795,0000|1001|1101,0.0749,0000|0011|1101,0.0301,0000|1000|1100|1111,0.0287,0000|1101|1111,0.0172,0000|0011|1001|1101,0.0162,0000|0011|1000|1101,0.0152,0000|1001|1101|1111,0.0132,0000|0011|1000|1101|1111,0.0066,0000|0011|1000|1100|1111,0.002,0000|0011|1001|1101|1111,0.0018,0000|0011|1101|1111,0.0004,0000|0011|1000|1011|1101,0.0002,0000|0011|1001|1011|1101,0.0001
113,"{T->F,T->M,M->B,B->M}",4,0000|1000|1101,0.4652,0000|1000|1101|1111,0.193,0000|1000|1100|1111,0.1874,0000|0011|1000|1101,0.0818,0000|0011|1000|1101|1111,0.0396,0000|0011|1000|1100|1111,0.033
114,"{T->F,T->M,B->F,B->M}",4,0000|1000|1100|1111,0.956,0000|0011|1000|1100|1111,0.044
115,"{T->F,T->M,B->F,M->B}",4,0000|1000|1101,0.5033,0000|1000|1101|1111,0.2253,0000|1000|1100|1111,0.2121,0000|0011|1000|1101,0.0311,0000|0011|1000|1101|1111,0.0148,0000|0011|1000|1100|1111,0.0134
116,"{T->F,T->M,F->B,B->M}",4,0000|1101,0.3293,0000|1000|1100|1111,0.2355,0000|1101|1111,0.2085,0000|0011|1101,0.0585,0000|1000|1101|1111,0.0431,0000|0011|1000|1100|1111,0.0421,0000|0011|1101|1111,0.0379,0000|1001|1101|1111,0.0259,0000|0011|1001|1101|1111,0.0063,0000|0011|1000|1101|1111,0.0057,0000|1001|1101,0.005,0000|0011|1001|1101,0.0022
117,"{T->F,T->M,F->B,M->B}",4,0000|1001|1101,0.5063,0000|1000|1101,0.1719,0000|0011|1001|1101,0.1337,0000|1000|1101|1111,0.0658,0000|0011|1000|1101,0.0464,0000|1000|1100|1111,0.025,0000|1001|1101|1111,0.0219,0000|0011|1000|1101|1111,0.0154,0000|0011|1001|1101|1111,0.007,0000|0011|1000|1100|1111,0.0064,0000|0011|1001|1011|1101,0.0002
118,"{T->F,T->M,F->B,B->F}",4,0000|1101,0.339,0000|1000|1100|1111,0.2639,0000|1101|1111,0.1952,0000|1001|1101|1111,0.0694,0000|1000|1101|1111,0.0526,0000|1001|1101,0.0197,0000|0011|1101,0.0197,0000|0011|1000|1100|1111,0.0161,0000|0011|1001|1101|1111,0.0103,0000|0011|1101|1111,0.0058,0000|0011|1000|1101|1111,0.0042,0000|0011|1001|1101,0.004,0000|1000|1100,0.0001
119,"{T->F,M->T,M->B,B->M}",4,0000|1000|1111,0.6657,0000|0011|1000|1111,0.2244,0000|1000|1101|1111,0.0609,0000|0011|1000|1101|1111,0.0189,0000|1000|1101,0.0167,0000|0011|1000|1101,0.0066,0000|1000|1100|1111,0.0051,0000|0011|1000|1100|1111,0.0014,0000|0011|1000|1011|1111,0.0002,0000|0011|1000|1011|1101|1111,0.0001
120,"{T->F,M->T,B->F,B->M}",4,0000|1000|1111,0.8926,0000|0011|1000|1111,0.0702,0000|1000|1100|1111,0.0343,0000|0011|1000|1100|1111,0.0029
121,"{T->F,M->T,B->F,M->B}",4,0000|1000|1111,0.8182,0000|1000|1101|1111,0.0722,0000|0011|1000|1111,0.0705,0000|1000|1101,0.0214,0000|1000|1100|1111,0.0079,0000|0011|1000|1101|1111,0.006,0000|0011|1000|1101,0.0019,0000|0011|1000|1011|1111,0.001,0000|0011|1000|1100|1111,0.0008,0000|0011|1000|1011|1101,0.0001
122,"{T->F,M->T,F->B,B->M}",4,0000|1111,0.4088,0000|1000|1111,0.2421,0000|0011|1111,0.1431,0000|0011|1000|1111,0.0807,0000|1101|1111,0.0438,0000|1001|1111,0.0288,0000|0011|1101|1111,0.0171,0000|0011|1001|1111,0.0104,0000|1101,0.008,0000|1000|1100|1111,0.0059,0000|1001|1101|1111,0.0034,0000|0011|1101,0.0028,0000|0011|1000|1100|1111,0.0022,0000|1000|1101|1111,0.0017,0000|0011|1001|1101|1111,0.0006,0000|0011|1000|1101|1111,0.0004,0000|0011|1001|1011|1111,0.0001,0000|0011|1000|1011|1111,0.0001
123,"{T->F,M->T,F->B,M->B}",4,0000|1001|1111,0.4,0000|1000|1111,0.2222,0000|0011|1001|1111,0.1267,0000|0011|1000|1111,0.0637,0000|1001|1101|1111,0.0515,0000|1001|1101,0.0373,0000|1000|1101|1111,0.0242,0000|0011|1001|1101|1111,0.019,0000|0011|1001|1101,0.0131,0000|0011|1001|1011|1111,0.0109,0000|0011|1000|1011|1111,0.0101,0000|0011|1000|1101|1111,0.0072,0000|1000|1101,0.007,0000|0011|1000|1101,0.0032,0000|0011|1000|1011|1101|1111,0.0013,0000|1000|1100|1111,0.001,0000|0011|1001|1011|1101|1111,0.0009,0000|0011|1001|1011|1101,0.0005,0000|0011|1000|1100|1111,0.0001,0000|0011|1000|1011|1101,0.0001
124,"{T->F,M->T,F->B,B->F}",4,0000|1111,0.4679,0000|1000|1111,0.295,0000|1001|1111,0.0805,0000|1101|1111,0.0552,0000|0011|1111,0.0266,0000|0011|1000|1111,0.0208,0000|0011|1001|1111,0.0166,0000|1000|1100|1111,0.01,0000|1101,0.0095,0000|1001|1101|1111,0.0081,0000|0011|1101|1111,0.0025,0000|1000|1101|1111,0.0024,0000|0011|1001|1101|1111,0.0017,0000|0011|1101,0.001,0000|1001|1101,0.0005,0000|0011|1001|1011|1111,0.0005,0000|0011|1000|1100|1111,0.0004,0000|0011|1000|1011|1111,0.0003,0000|0011|1001|1101,0.0003,0000|0011|1000|1101|1111,0.0002
125,"{T->F,M->T,T->M,B->M}",4,0000|1000|1111,0.8153,0000|0011|1000|1111,0.1509,0000|1000|1100|1111,0.0292,0000|0011|1000|1100|1111,0.0046
126,"{T->F,M->T,T->M,M->B}",4,0000|1000|1111,0.7016,0000|0011|1000|1111,0.1851,0000|1000|1101|1111,0.0633,0000|1000|1101,0.0194,0000|0011|1000|1101|1111,0.0177,0000|1000|1100|1111,0.0065,0000|0011|1000|1101,0.0051,0000|0011|1000|1100|1111,0.0011,0000|0011|1000|1011|1111,0.0002
127,"{T->F,M->T,T->M,B->F}",4,0000|1000|1111,0.9084,0000|0011|1000|1111,0.0568,0000|1000|1100|1111,0.0332,0000|0011|1000|1100|1111,0.0016
128,"{T->F,M->T,T->M,F->B}",4,0000|1001|1111,0.4632,0000|1000|1111,0.2527,0000|0011|1001|1111,0.1199,0000|0011|1000|1111,0.0689,0000|1001|1101|1111,0.0573,0000|0011|1001|1101|1111,0.0156,0000|1000|1100|1111,0.009,0000|1001|1101,0.0085,0000|1000|1101|1111,0.0018,0000|0011|1001|1101,0.0017,0000|0011|1000|1100|1111,0.0012,0000|0011|1001|1011|1111,0.0001,0000|0011|1000|1101|1111,0.0001
129,"{F->T,B->F,M->B,B->M}",4,0000|0011|1111,0.5036,0000|1111,0.3531,0000|0011|1101|1111,0.047,0000|1101|1111,0.0352,0000|0011|1000|1101,0.0134,0000|0011|1000|1101|1111,0.0105,0000|1000|1101,0.0074,0000|0011|1101,0.007,0000|1000|1101|1111,0.0062,0000|0011|1000|1100|1111,0.0058,0000|1101,0.0051,0000|1000|1100|1111,0.0036,0000|0011|1000|1111,0.0009,0000|1000|1111,0.0006,0000|0011|1011|1111,0.0004,0000|0011|1011|1101|1111,0.0001,0000|0011|1000|1011|1101,0.0001
130,"{F->T,F->B,M->B,B->M}",4,0000|0011|1111,0.7681,0000|0011|1101|1111,0.1209,0000|0011|1101,0.0757,0000|0011|1000|1101,0.0114,0000|0011|1011|1111,0.0104,0000|0011|1000|1101|1111,0.0063,0000|0011|1001|1101,0.0018,0000|0011|1000|1100|1111,0.0012,0000|0011|1011|1101|1111,0.0011,0000|0011|1001|1011|1101,0.001,0000|0011|1001|1101|1111,0.0009,0000|0011|1001|1011|1101|1111,0.0007,0000|0011|1000|1111,0.0002,0000|0011|1011|1101,0.0001,0000|0011|1000|1011|1101,0.0001,0000|0011|1000|1011|1100|1111,0.0001
131,"{F->T,F->B,B->F,B->M}",4,0000|0011|1111,0.5183,0000|1111,0.3613,0000|0011|1101|1111,0.0512,0000|1101|1111,0.0339,0000|0011|1101,0.0105,0000|0011|1000|1100|1111,0.0081,0000|1101,0.007,0000|1000|1100|1111,0.0049,0000|0011|1000|1111,0.0016,0000|0011|1000|1101|1111,0.0009,0000|1000|1111,0.0008,0000|1000|1101|1111,0.0007,0000|0011|1001|1101|1111,0.0005,0000|0011|1011|1111,0.0001,0000|1001|1101|1111,0.0001,0000|0011|1001|1011|1101|1111,0.0001
132,"{F->T,F->B,B->F,M->B}",4,0000|0011|1111,0.4199,0000|1111,0.329,0000|0011|1101|1111,0.0697,0000|1101|1111,0.0486,0000|0011|1101,0.0363,0000|0011|1011|1111,0.0315,0000|1101,0.0299,0000|0011|1001|1101,0.0068,0000|0011|1000|1101,0.0055,0000|1000|1101,0.0036,0000|0011|1000|1101|1111,0.0034,0000|0011|1011|1101|1111,0.0033,0000|0011|1001|1011|1101,0.0028,0000|1000|1101|1111,0.0025,0000|0011|1001|1011|1101|1111,0.0023,0000|0011|1001|1101|1111,0.0021,0000|0011|1000|1100|1111,0.0007,0000|0011|1011|1101,0.0006,0000|1001|1101,0.0004,0000|1001|1101|1111,0.0004,0000|0011|1000|1011|1101|1111,0.0002,0000|0011|1000|1011|1101,0.0002,0000|1000|1100|1111,0.0002,0000|0011|1000|1111,0.0001
133,"{F->T,T->M,M->B,B->M}",4,0000|0011|1111,0.5384,0000|1111,0.3236,0000|0011|1101|1111,0.0473,0000|1101|1111,0.0322,0000|0011|1000|1101,0.0135,0000|0011|1000|1101|1111,0.0097,0000|1000|1101,0.008,0000|0011|1101,0.0062,0000|0011|1000|1100|1111,0.0056,0000|1000|1101|1111,0.0054,0000|1101,0.0043,0000|1000|1100|1111,0.0031,0000|0011|1000|1111,0.002,0000|1000|1111,0.0007
134,"{F->T,T->M,B->F,B->M}",4,0000|1111,0.5939,0000|0011|1111,0.3563,0000|1000|1100|1111,0.0265,0000|0011|1000|1100|1111,0.0152,0000|1000|1111,0.0055,0000|0011|1000|1111,0.0026
135,"{F->T,T->M,B->F,M->B}",4,0000|1111,0.434,0000|0011|1111,0.4253,0000|1101|1111,0.0425,0000|0011|1101|1111,0.0373,0000|0011|1000|1101,0.0113,0000|1000|1101,0.0108,0000|0011|1000|1101|1111,0.0086,0000|1000|1101|1111,0.0078,0000|1000|1100|1111,0.0057,0000|0011|1101,0.0056,0000|1101,0.0047,0000|0011|1000|1100|1111,0.0043,0000|0011|1000|1111,0.0014,0000|1000|1111,0.0006,0000|0011|1011|1111,0.0001
136,"{F->T,T->M,F->B,B->M}",4,0000|0011|1111,0.5557,0000|1111,0.3285,0000|0011|1101|1111,0.0543,0000|1101|1111,0.0299,0000|0011|1101,0.0087,0000|0011|1000|1100|1111,0.0074,0000|1101,0.0042,0000|1000|1100|1111,0.0035,0000|0011|1001|1101|1111,0.0023,0000|0011|1000|1101|1111,0.0013,0000|0011|1000|1111,0.0012,0000|1000|1111,0.0011,0000|1001|1101|1111,0.0008,0000|1000|1101|1111,0.0007,0000|0011|1001|1101,0.0002,0000|0011|1011|1111,0.0001,0000|0011|1001|1111,0.0001
137,"{F->T,T->M,F->B,M->B}",4,0000|0011|1111,0.6535,0000|1111,0.1316,0000|0011|1101|1111,0.0665,0000|0011|1001|1101,0.0563,0000|0011|1001|1101|1111,0.0299,0000|1101|1111,0.0133,0000|1001|1101,0.0107,0000|0011|1101,0.0082,0000|0011|1000|1101,0.007,0000|1001|1101|1111,0.0053,0000|0011|1011|1111,0.0051,0000|0011|1000|1101|1111,0.0043,0000|1101,0.0019,0000|1000|1101,0.0016,0000|0011|1000|1100|1111,0.0014,0000|1000|1101|1111,0.0009,0000|0011|1011|1101|1111,0.0007,0000|0011|1001|1011|1101,0.0005,0000|0011|1000|1111,0.0004,0000|1000|1100|1111,0.0004,0000|0011|1001|1011|1101|1111,0.0003,0000|0011|1000|1011|1101,0.0001,0000|0011|1000|1011|1101|1111,0.0001
138,"{F->T,T->M,F->B,B->F}",4,0000|1111,0.4442,0000|0011|1111,0.4338,0000|1101|1111,0.0437,0000|0011|1101|1111,0.0361,0000|0011|1001|1101|1111,0.0077,0000|1000|1100|1111,0.0074,0000|1101,0.0073,0000|0011|1101,0.0068,0000|0011|1000|1100|1111,0.0059,0000|1001|1101|1111,0.0021,0000|1000|1101|1111,0.0012,0000|0011|1000|1101|1111,0.0011,0000|0011|1001|1101,0.0007,0000|1000|1111,0.0007,0000|1001|1101,0.0005,0000|0011|1000|1111,0.0005,0000|0011|1001|1111,0.0002,0000|1001|1111,0.0001
139,"{F->T,M->T,M->B,B->M}",4,0000|0011|1111,0.9302,0000|0011|1000|1111,0.0455,0000|0011|1011|1111,0.0143,0000|0011|1101|1111,0.0044,0000|0011|1000|1101|1111,0.0035,0000|0011|1000|1101,0.001,0000|0011|1000|1011|1111,0.0004,0000|0011|1011|1101|1111,0.0003,0000|0011|1000|1100|1111,0.0002,0000|0011|1101,0.0001,0000|0011|1000|1011|1101,0.0001
140,"{F->T,M->T,B->F,B->M}",4,0000|0011|1111,0.574,0000|1111,0.3778,0000|0011|1000|1111,0.0283,0000|1000|1111,0.0188,0000|1000|1100|1111,0.0006,0000|0011|1000|1100|1111,0.0005
141,"{F->T,M->T,B->F,M->B}",4,0000|0011|1111,0.5106,0000|1111,0.3806,0000|0011|1011|1111,0.0513,0000|0011|1000|1111,0.0226,0000|1000|1111,0.0207,0000|0011|1000|1011|1111,0.0033,0000|0011|1101|1111,0.0026,0000|1101|1111,0.0023,0000|1000|1101|1111,0.0018,0000|0011|1000|1101|1111,0.0013,0000|0011|1000|1101,0.0009,0000|0011|1011|1101|1111,0.0008,0000|0011|1000|1011|1101|1111,0.0007,0000|1000|1101,0.0003,0000|1000|1100|1111,0.0001,0000|1101,0.0001
142,"{F->T,M->T,F->B,B->M}",4,0000|0011|1111,0.9671,0000|0011|1000|1111,0.0133,0000|0011|1011|1111,0.0083,0000|0011|1101|1111,0.0074,0000|0011|1001|1111,0.002,0000|0011|1001|1011|1111,0.0007,0000|0011|1000|1011|1111,0.0004,0000|0011|1101,0.0004,0000|0011|1001|1101|1111,0.0002,0000|0011|1000|1100|1111,0.0002
143,"{F->T,M->T,F->B,M->B}",4,0000|0011|1011|1111,0.8768,0000|0011|1001|1011|1111,0.0798,0000|0011|1000|1011|1111,0.0162,0000|0011|1001|1011|1101|1111,0.0094,0000|0011|1011|1101|1111,0.0061,0000|0011|1001|1111,0.005,0000|0011|1001|1101|1111,0.0018,0000|0011|1001|1011|1101,0.0017,0000|0011|1000|1011|1101|1111,0.0016,0000|0011|1001|1101,0.0008,0000|0011|1011|1101,0.0004,0000|0011|1000|1011|1101,0.0004
144,"{F->T,M->T,F->B,B->F}",4,0000|0011|1111,0.5321,0000|1111,0.3924,0000|0011|1011|1111,0.0382,0000|0011|1000|1111,0.01,0000|1000|1111,0.0078,0000|0011|1001|1111,0.0064,0000|0011|1101|1111,0.0038,0000|0011|1001|1011|1111,0.0035,0000|1101|1111,0.0033,0000|0011|1000|1011|1111,0.0008,0000|1001|1111,0.0008,0000|0011|1101,0.0003,0000|0011|1001|1101|1111,0.0003,0000|0011|1001|1011|1101|1111,0.0001,0000|1101,0.0001,0000|1000|1100|1111,0.0001
145,"{F->T,M->T,T->M,B->M}",4,0000|0011|1111,0.5876,0000|1111,0.3628,0000|0011|1000|1111,0.0295,0000|1000|1111,0.0192,0000|0011|1000|1100|1111,0.0007,0000|0011|1011|1111,0.0001,0000|1000|1100|1111,0.0001
146,"{F->T,M->T,T->M,M->B}",4,0000|0011|1111,0.7786,0000|1111,0.1565,0000|0011|1000|1111,0.0372,0000|1000|1111,0.0088,0000|0011|1011|1111,0.0072,0000|0011|1101|1111,0.0043,0000|0011|1000|1101|1111,0.0032,0000|1101|1111,0.0016,0000|0011|1000|1101,0.0009,0000|0011|1000|1011|1111,0.0007,0000|1000|1101|1111,0.0007,0000|0011|1000|1011|1101,0.0001,0000|0011|1000|1100|1111,0.0001,0000|0011|1011|1101|1111,0.0001
147,"{F->T,M->T,T->M,B->F}",4,0000|1111,0.4789,0000|0011|1111,0.471,0000|1000|1111,0.0262,0000|0011|1000|1111,0.0224,0000|1000|1100|1111,0.0008,0000|0011|1000|1100|1111,0.0005,0000|0011|1011|1111,0.0002
148,"{F->T,M->T,T->M,F->B}",4,0000|0011|1111,0.7281,0000|1111,0.1483,0000|0011|1001|1111,0.076,0000|1001|1111,0.0169,0000|0011|1000|1111,0.0136,0000|0011|1011|1111,0.0074,0000|0011|1001|1101|1111,0.005,0000|1000|1111,0.0026,0000|1001|1101|1111,0.0012,0000|0011|1001|1011|1111,0.0007,0000|0011|1001|1011|1101|1111,0.0001,0000|0011|1001|1101,0.0001
149,"{F->T,T->F,M->B,B->M}",4,0000|1111,0.6485,0000|0011|1111,0.2075,0000|1101|1111,0.0595,0000|0011|1101|1111,0.0208,0000|1000|1101,0.0173,0000|1000|1101|1111,0.0121,0000|1000|1100|1111,0.009,0000|1101,0.0075,0000|0011|1000|1101,0.0049,0000|0011|1000|1101|1111,0.0049,0000|0011|1000|1100|1111,0.0032,0000|0011|1101,0.0025,0000|1000|1111,0.002,0000|0011|1000|1111,0.0002,0000|0011|1011|1111,0.0001
150,"{F->T,T->F,B->F,B->M}",4,0000|1111,0.8819,0000|0011|1111,0.0678,0000|1000|1100|1111,0.04,0000|1000|1111,0.0073,0000|0011|1000|1100|1111,0.0026,0000|0011|1000|1111,0.0004
151,"{F->T,T->F,B->F,M->B}",4,0000|1111,0.7882,0000|1101|1111,0.0758,0000|0011|1111,0.0685,0000|1000|1101,0.0218,0000|1000|1101|1111,0.0184,0000|1000|1100|1111,0.0091,0000|1101,0.0069,0000|0011|1101|1111,0.0053,0000|0011|1000|1101,0.0015,0000|1000|1111,0.0015,0000|0011|1000|1101|1111,0.0011,0000|0011|1011|1111,0.0007,0000|0011|1000|1100|1111,0.0006,0000|0011|1101,0.0005,0000|0011|1011|1101|1111,0.0001
152,"{F->T,T->F,F->B,B->M}",4,0000|1111,0.6578,0000|0011|1111,0.2206,0000|1101|1111,0.065,0000|0011|1101|1111,0.0208,0000|1101,0.0109,0000|1000|1100|1111,0.0092,0000|0011|1101,0.0039,0000|1001|1101|1111,0.0035,0000|0011|1000|1100|1111,0.0029,0000|1000|1101|1111,0.0017,0000|1000|1111,0.0017,0000|0011|1000|1111,0.0007,0000|0011|1000|1101|1111,0.0005,0000|0011|1001|1101|1111,0.0004,0000|0011|1011|1111,0.0002,0000|1001|1111,0.0001,0000|0011|1001|1011|1101,0.0001
153,"{F->T,T->F,F->B,M->B}",4,0000|1111,0.5916,0000|0011|1111,0.1792,0000|1101|1111,0.0648,0000|1001|1101,0.0453,0000|1001|1101|1111,0.025,0000|0011|1011|1111,0.0208,0000|0011|1101|1111,0.0198,0000|0011|1001|1101,0.0127,0000|0011|1001|1101|1111,0.0093,0000|1101,0.0067,0000|1000|1101,0.0065,0000|1000|1101|1111,0.004,0000|0011|1011|1101|1111,0.0023,0000|0011|1101,0.0022,0000|0011|1000|1101,0.0021,0000|0011|1001|1011|1101,0.002,0000|0011|1000|1101|1111,0.0016,0000|0011|1001|1011|1101|1111,0.0014,0000|1000|1100|1111,0.0011,0000|0011|1000|1100|1111,0.0004,0000|1000|1111,0.0003,0000|0011|1011|1101,0.0003,0000|0011|1000|1011|1101|1111,0.0002,0000|0011|1000|1011|1101,0.0002,0000|0011|1000|1011|1100|1111,0.0001,0000|0011|1000|1111,0.0001
154,"{F->T,T->F,F->B,B->F}",4,0000|1111,0.8089,0000|1101|1111,0.0728,0000|0011|1111,0.0669,0000|1101,0.014,0000|1000|1100|1111,0.0122,0000|1001|1101|1111,0.0107,0000|0011|1101|1111,0.0045,0000|1000|1111,0.0032,0000|0011|1001|1101|1111,0.0019,0000|1000|1101|1111,0.0016,0000|0011|1000|1100|1111,0.0007,0000|0011|1101,0.0007,0000|0011|1011|1111,0.0006,0000|1001|1101,0.0004,0000|0011|1001|1111,0.0002,0000|0011|1001|1011|1101|1111,0.0002,0000|0011|1000|1101|1111,0.0001,0000|0011|1000|1111,0.0001,0000|0011|1000|1011|1100|1111,0.0001,0000|1001|1111,0.0001,0000|0011|1001|1101,0.0001
155,"{F->T,T->F,T->M,B->M}",4,0000|1111,0.8005,0000|0011|1111,0.1463,0000|1000|1100|1111,0.0377,0000|1000|1111,0.0076,0000|0011|1000|1100|1111,0.0058,0000|0011|1000|1111,0.0021
156,"{F->T,T->F,T->M,M->B}",4,0000|1111,0.68,0000|0011|1111,0.1779,0000|1101|1111,0.0635,0000|1000|1101,0.0176,0000|0011|1101|1111,0.0165,0000|1000|1101|1111,0.0137,0000|1000|1100|1111,0.008,0000|1101,0.0068,0000|0011|1000|1101,0.005,0000|0011|1000|1101|1111,0.0044,0000|0011|1000|1100|1111,0.0026,0000|0011|1101,0.002,0000|1000|1111,0.0016,0000|0011|1000|1111,0.0004
157,"{F->T,T->F,T->M,B->F}",4,0000|1111,0.8901,0000|0011|1111,0.0589,0000|1000|1100|1111,0.0393,0000|1000|1111,0.0083,0000|0011|1000|1100|1111,0.0032,0000|0011|1000|1111,0.0002
158,"{F->T,T->F,T->M,F->B}",4,0000|1111,0.6958,0000|0011|1111,0.1881,0000|1001|1101|1111,0.0643,0000|0011|1001|1101|1111,0.0162,0000|1001|1101,0.012,0000|1000|1100|1111,0.0089,0000|1000|1101|1111,0.0028,0000|1001|1111,0.0026,0000|0011|1000|1100|1111,0.0021,0000|0011|1001|1101,0.0021,0000|1000|1111,0.0017,0000|1101|1111,0.0014,0000|0011|1001|1111,0.0007,0000|0011|1000|1111,0.0004,0000|0011|1000|1101|1111,0.0004,0000|0011|1101|1111,0.0004,0000|0011|1001|1011|1101|1111,0.0001
159,"{F->T,T->F,M->T,B->M}",4,0000|1111,0.7113,0000|0011|1111,0.237,0000|1000|1111,0.0385,0000|0011|1000|1111,0.0123,0000|1000|1100|1111,0.0005,0000|0011|1000|1100|1111,0.0002,0000|0011|1011|1111,0.0002
160,"{F->T,T->F,M->T,M->B}",4,0000|1111,0.705,0000|0011|1111,0.215,0000|1000|1111,0.0349,0000|0011|1011|1111,0.0234,0000|0011|1000|1111,0.0095,0000|1101|1111,0.0045,0000|1000|1101|1111,0.003,0000|0011|1000|1011|1111,0.0013,0000|0011|1101|1111,0.0009,0000|0011|1000|1101|1111,0.0009,0000|1000|1101,0.0006,0000|1101,0.0003,0000|0011|1011|1101|1111,0.0002,0000|0011|1000|1101,0.0002,0000|1000|1100|1111,0.0002,0000|0011|1101,0.0001
161,"{F->T,T->F,M->T,B->F}",4,0000|1111,0.8844,0000|0011|1111,0.0671,0000|1000|1111,0.0434,0000|0011|1000|1111,0.0035,0000|1000|1100|1111,0.0008,0000|0011|1011|1111,0.0008
162,"{F->T,T->F,M->T,F->B}",4,0000|1111,0.661,0000|0011|1111,0.1945,0000|1001|1111,0.0728,0000|0011|1001|1111,0.022,0000|0011|1011|1111,0.022,0000|1000|1111,0.0124,0000|1001|1101|1111,0.0059,0000|0011|1000|1111,0.0037,0000|0011|1001|1011|1111,0.0031,0000|0011|1001|1101|1111,0.001,0000|0011|1000|1011|1111,0.0007,0000|1000|1100|1111,0.0004,0000|0011|1001|1101,0.0002,0000|1000|1101|1111,0.0001,0000|0011|1000|1100|1111,0.0001,0000|0011|1001|1011|1101|1111,0.0001
163,"{F->T,T->F,M->T,T->M}",4,0000|1111,0.7504,0000|0011|1111,0.1958,0000|1000|1111,0.0403,0000|0011|1000|1111,0.0123,0000|1000|1100|1111,0.0008,0000|0011|1011|1111,0.0002,0000|0011|1000|1100|1111,0.0002
164,"{T->M,F->B,B->F,M->B,B->M}",5,0000|1101,0.3847,0000|0011|1101,0.2331,0000|1000|1101,0.1432,0000|0011|1000|1101,0.0832,0000|1000|1101|1111,0.0502,0000|0011|1000|1101|1111,0.0309,0000|1000|1100|1111,0.0198,0000|1101|1111,0.0181,0000|0011|1101|1111,0.011,0000|0011|1000|1100|1111,0.0104,0000|0011|1001|1101,0.0071,0000|1001|1101,0.0051,0000|1001|1101|1111,0.0018,0000|0011|1001|1101|1111,0.0014
165,"{M->T,F->B,B->F,M->B,B->M}",5,0000|0011|1111,0.3204,0000|1111,0.2219,0000|0011|1000|1111,0.1639,0000|1000|1111,0.117,0000|0011|1101|1111,0.0399,0000|0011|1101,0.0308,0000|1101|1111,0.0256,0000|1101,0.0223,0000|0011|1000|1101|1111,0.0173,0000|1000|1101|1111,0.0124,0000|0011|1001|1111,0.0096,0000|0011|1000|1101,0.0079,0000|1000|1101,0.0047,0000|1001|1111,0.0031,0000|0011|1001|1101|1111,0.0012,0000|0011|1001|1101,0.0007,0000|1001|1101|1111,0.0005,0000|0011|1000|1100|1111,0.0005,0000|1000|1100|1111,0.0003
166,"{M->T,T->M,B->F,M->B,B->M}",5,0000|1000|1111,0.567,0000|0011|1000|1111,0.3241,0000|1000|1101|1111,0.0485,0000|0011|1000|1101|1111,0.0274,0000|1000|1101,0.0166,0000|0011|1000|1101,0.0093,0000|1000|1100|1111,0.0042,0000|0011|1000|1100|1111,0.0029
167,"{M->T,T->M,F->B,M->B,B->M}",5,0000|0011|1111,0.3125,0000|1111,0.198,0000|0011|1000|1111,0.1774,0000|1000|1111,0.1093,0000|0011|1101|1111,0.0427,0000|0011|1101,0.0295,0000|1101|1111,0.0268,0000|0011|1001|1111,0.0234,0000|1101,0.0223,0000|0011|1000|1101|1111,0.0173,0000|1000|1101|1111,0.0119,0000|1001|1111,0.0078,0000|0011|1000|1101,0.0076,0000|1000|1101,0.0054,0000|0011|1001|1101|1111,0.0033,0000|0011|1001|1101,0.0024,0000|1001|1101|1111,0.0008,0000|0011|1000|1100|1111,0.0007,0000|1001|1101,0.0005,0000|1000|1100|1111,0.0004
168,"{M->T,T->M,F->B,B->F,B->M}",5,0000|1111,0.3703,0000|0011|1111,0.2117,0000|1000|1111,0.1999,0000|0011|1000|1111,0.1148,0000|1101|1111,0.0421,0000|0011|1101|1111,0.024,0000|0011|1001|1111,0.0077,0000|1101,0.0066,0000|1001|1111,0.0063,0000|1000|1100|1111,0.0058,0000|0011|1000|1100|1111,0.0043,0000|0011|1101,0.0039,0000|1000|1101|1111,0.0017,0000|0011|1000|1101|1111,0.0005,0000|0011|1001|1101|1111,0.0002,0000|1001|1101|1111,0.0002
169,"{M->T,T->M,F->B,B->F,M->B}",5,0000|1111,0.2469,0000|0011|1111,0.1973,0000|1000|1111,0.1485,0000|0011|1000|1111,0.1456,0000|0011|1001|1111,0.067,0000|1101|1111,0.0328,0000|0011|1101|1111,0.0276,0000|1101,0.0258,0000|1001|1111,0.0234,0000|0011|1101,0.0209,0000|0011|1000|1101|1111,0.0164,0000|1000|1101|1111,0.0156,0000|0011|1001|1101|1111,0.0081,0000|0011|1001|1101,0.0069,0000|1000|1101,0.0065,0000|0011|1000|1101,0.0056,0000|1001|1101|1111,0.0028,0000|1001|1101,0.0013,0000|1000|1100|1111,0.0007,0000|0011|1000|1100|1111,0.0002,0000|0011|1000|1011|1111,0.0001
170,"{T->F,F->B,B->F,M->B,B->M}",5,0000|1101,0.5786,0000|1000|1101,0.2081,0000|1000|1101|1111,0.0761,0000|0011|1101,0.0471,0000|1000|1100|1111,0.029,0000|1101|1111,0.0244,0000|0011|1000|1101,0.0157,0000|1001|1101,0.0095,0000|0011|1000|1101|1111,0.0062,0000|0011|1000|1100|1111,0.0015,0000|0011|1101|1111,0.0014,0000|1001|1101|1111,0.0014,0000|0011|1001|1101,0.0007,0000|0011|1001|1101|1111,0.0003
171,"{T->F,T->M,B->F,M->B,B->M}",5,0000|1000|1101,0.5181,0000|1000|1101|1111,0.2235,0000|1000|1100|1111,0.214,0000|0011|1000|1101,0.0241,0000|0011|1000|1101|1111,0.0105,0000|0011|1000|1100|1111,0.0098
172,"{T->F,T->M,F->B,M->B,B->M}",5,0000|1101,0.5084,0000|1000|1101,0.1839,0000|0011|1101,0.098,0000|1000|1101|1111,0.0684,0000|0011|1000|1101,0.0344,0000|1001|1101,0.0261,0000|1000|1100|1111,0.0248,0000|1101|1111,0.0224,0000|0011|1000|1101|1111,0.0123,0000|0011|1001|1101,0.0073,0000|0011|1000|1100|1111,0.0055,0000|1001|1101|1111,0.0041,0000|0011|1101|1111,0.0038,0000|0011|1001|1101|1111,0.0006
173,"{T->F,T->M,F->B,B->F,B->M}",5,0000|1101,0.373,0000|1000|1100|1111,0.2696,0000|1101|1111,0.248,0000|1000|1101|1111,0.0476,0000|0011|1101,0.0176,0000|1001|1101|1111,0.0156,0000|0011|1101|1111,0.0129,0000|0011|1000|1100|1111,0.0124,0000|0011|1000|1101|1111,0.0021,0000|0011|1001|1101|1111,0.001,0000|1001|1101,0.0001,0000|0011|1001|1101,0.0001
174,"{T->F,T->M,F->B,B->F,M->B}",5,0000|1101,0.5165,0000|1000|1101,0.203,0000|1001|1101,0.0814,0000|1000|1101|1111,0.0807,0000|1000|1100|1111,0.0285,0000|0011|1101,0.0251,0000|1101|1111,0.0172,0000|0011|1001|1101,0.0158,0000|0011|1000|1101,0.013,0000|1001|1101|1111,0.0102,0000|0011|1000|1101|1111,0.0055,0000|0011|1000|1100|1111,0.0019,0000|0011|1101|1111,0.0006,0000|0011|1001|1101|1111,0.0006
175,"{T->F,M->T,B->F,M->B,B->M}",5,0000|1000|1111,0.8248,0000|1000|1101|1111,0.072,0000|0011|1000|1111,0.0653,0000|1000|1101,0.0218,0000|0011|1000|1101|1111,0.0067,0000|1000|1100|1111,0.0064,0000|0011|1000|1101,0.0019,0000|0011|1000|1100|1111,0.0011
176,"{T->F,M->T,F->B,M->B,B->M}",5,0000|1111,0.3881,0000|1000|1111,0.2185,0000|0011|1111,0.1213,0000|0011|1000|1111,0.0686,0000|1101|1111,0.0481,0000|1101,0.0386,0000|1001|1111,0.0261,0000|1000|1101|1111,0.0227,0000|0011|1101|1111,0.0157,0000|0011|1101,0.0135,0000|1000|1101,0.0102,0000|0011|1000|1101|1111,0.0085,0000|0011|1001|1111,0.0079,0000|0011|1000|1101,0.0034,0000|1001|1101|1111,0.0029,0000|1001|1101,0.0026,0000|0011|1001|1101|1111,0.0012,0000|0011|1001|1101,0.0009,0000|1000|1100|1111,0.0009,0000|0011|1000|1011|1111,0.0002,0000|0011|1000|1100|1111,0.0001
177,"{T->F,M->T,F->B,B->F,B->M}",5,0000|1111,0.5367,0000|1000|1111,0.2906,0000|1101|1111,0.0634,0000|0011|1111,0.0414,0000|0011|1000|1111,0.0243,0000|1001|1111,0.0113,0000|1101,0.0107,0000|1000|1100|1111,0.0105,0000|0011|1101|1111,0.005,0000|1000|1101|1111,0.0023,0000|0011|1001|1111,0.001,0000|1001|1101|1111,0.0009,0000|0011|1000|1100|1111,0.0008,0000|0011|1101,0.0007,0000|0011|1000|1101|1111,0.0002,0000|0011|1000|1011|1111,0.0001,0000|0011|1001|1101|1111,0.0001
178,"{T->F,M->T,F->B,B->F,M->B}",5,0000|1111,0.4361,0000|1000|1111,0.2641,0000|1001|1111,0.0739,0000|1101|1111,0.0585,0000|1101,0.0425,0000|1000|1101|1111,0.0252,0000|0011|1111,0.0232,0000|0011|1000|1111,0.0191,0000|0011|1001|1111,0.0151,0000|1000|1101,0.0115,0000|1001|1101|1111,0.0085,0000|1001|1101,0.0064,0000|0011|1101|1111,0.0044,0000|0011|1000|1101|1111,0.0037,0000|0011|1101,0.0026,0000|0011|1001|1101|1111,0.002,0000|0011|1001|1101,0.0013,0000|0011|1000|1101,0.0008,0000|1000|1100|1111,0.0005,0000|0011|1001|1011|1111,0.0003,0000|0011|1000|1100|1111,0.0001,0000|0011|1000|1011|1101,0.0001,0000|0011|1000|1011|1111,0.0001
179,"{T->F,M->T,T->M,M->B,B->M}",5,0000|1000|1111,0.7555,0000|0011|1000|1111,0.1363,0000|1000|1101|1111,0.065,0000|1000|1101,0.0207,0000|0011|1000|1101|1111,0.011,0000|1000|1100|1111,0.0074,0000|0011|1000|1101,0.0032,0000|0011|1000|1100|1111,0.0009
180,"{T->F,M->T,T->M,B->F,B->M}",5,0000|1000|1111,0.9243,0000|0011|1000|1111,0.0409,0000|1000|1100|1111,0.0332,0000|0011|1000|1100|1111,0.0016
181,"{T->F,M->T,T->M,B->F,M->B}",5,0000|1000|1111,0.8347,0000|1000|1101|1111,0.0728,0000|0011|1000|1111,0.0568,0000|1000|1101,0.0219,0000|1000|1100|1111,0.0074,0000|0011|1000|1101|1111,0.0044,0000|0011|1000|1101,0.0014,0000|0011|1000|1100|1111,0.0006
182,"{T->F,M->T,T->M,F->B,B->M}",5,0000|1111,0.4718,0000|1000|1111,0.2722,0000|0011|1111,0.0837,0000|1101|1111,0.0533,0000|0011|1000|1111,0.0476,0000|1001|1111,0.0305,0000|0011|1101|1111,0.0098,0000|1101,0.0084,0000|1000|1100|1111,0.0084,0000|0011|1001|1111,0.0058,0000|1000|1101|1111,0.0021,0000|0011|1101,0.002,0000|1001|1101|1111,0.002,0000|0011|1000|1100|1111,0.0012,0000|0011|1001|1101|1111,0.0008,0000|1001|1101,0.0004
183,"{T->F,M->T,T->M,F->B,M->B}",5,0000|1001|1111,0.4368,0000|1000|1111,0.2286,0000|0011|1001|1111,0.1091,0000|0011|1000|1111,0.0603,0000|1001|1101|1111,0.0557,0000|1001|1101,0.0407,0000|1000|1101|1111,0.0212,0000|0011|1001|1101|1111,0.0163,0000|0011|1001|1101,0.0112,0000|1000|1101,0.0097,0000|0011|1000|1101|1111,0.007,0000|0011|1000|1101,0.0026,0000|1000|1100|1111,0.0006,0000|0011|1000|1100|1111,0.0001,0000|0011|1001|1011|1111,0.0001
184,"{T->F,M->T,T->M,F->B,B->F}",5,0000|1111,0.4668,0000|1000|1111,0.3012,0000|1001|1111,0.0834,0000|1101|1111,0.0557,0000|0011|1111,0.0228,0000|0011|1000|1111,0.019,0000|0011|1001|1111,0.0153,0000|1000|1100|1111,0.0106,0000|1101,0.0084,0000|1001|1101|1111,0.0082,0000|0011|1101|1111,0.0026,0000|1000|1101|1111,0.0024,0000|0011|1001|1101|1111,0.0015,0000|1001|1101,0.0007,0000|0011|1101,0.0006,0000|0011|1000|1100|1111,0.0006,0000|0011|1001|1101,0.0001,0000|0011|1000|1101|1111,0.0001
185,"{F->T,F->B,B->F,M->B,B->M}",5,0000|0011|1111,0.4633,0000|1111,0.3241,0000|0011|1101|1111,0.0756,0000|1101|1111,0.0477,0000|0011|1101,0.0443,0000|1101,0.029,0000|0011|1000|1101,0.0055,0000|0011|1000|1101|1111,0.0038,0000|1000|1101,0.003,0000|1000|1101|1111,0.002,0000|1000|1100|1111,0.0005,0000|0011|1011|1111,0.0003,0000|0011|1001|1101,0.0003,0000|1001|1101,0.0003,0000|1000|1111,0.0001,0000|0011|1000|1111,0.0001,0000|0011|1000|1100|1111,0.0001
186,"{F->T,T->M,B->F,M->B,B->M}",5,0000|1111,0.5466,0000|0011|1111,0.3106,0000|1101|1111,0.0491,0000|0011|1101|1111,0.0278,0000|1000|1101,0.0155,0000|1000|1101|1111,0.0096,0000|0011|1000|1101,0.0088,0000|1101,0.0082,0000|0011|1000|1101|1111,0.0069,0000|1000|1100|1111,0.0063,0000|0011|1101,0.0051,0000|0011|1000|1100|1111,0.0038,0000|1000|1111,0.0009,0000|0011|1000|1111,0.0008
187,"{F->T,T->M,F->B,M->B,B->M}",5,0000|0011|1111,0.4901,0000|1111,0.2987,0000|0011|1101|1111,0.0742,0000|1101|1111,0.0434,0000|0011|1101,0.042,0000|1101,0.0298,0000|0011|1000|1101,0.0053,0000|0011|1000|1101|1111,0.005,0000|1000|1101,0.0034,0000|0011|1001|1101,0.002,0000|1000|1101|1111,0.0019,0000|1001|1101,0.0011,0000|0011|1000|1100|1111,0.0009,0000|0011|1001|1101|1111,0.0008,0000|1000|1100|1111,0.0008,0000|1001|1101|1111,0.0004,0000|0011|1000|1111,0.0001,0000|0011|1011|1101|1111,0.0001
188,"{F->T,T->M,F->B,B->F,B->M}",5,0000|1111,0.5551,0000|0011|1111,0.3281,0000|1101|1111,0.0551,0000|0011|1101|1111,0.0304,0000|1101,0.0092,0000|1000|1100|1111,0.0072,0000|0011|1101,0.0048,0000|0011|1000|1100|1111,0.0042,0000|1000|1101|1111,0.0015,0000|1000|1111,0.0014,0000|0011|1000|1111,0.0014,0000|0011|1000|1101|1111,0.001,0000|0011|1001|1101|1111,0.0004,0000|1001|1101|1111,0.0002
189,"{F->T,T->M,F->B,B->F,M->B}",5,0000|1111,0.4022,0000|0011|1111,0.3847,0000|1101|1111,0.0629,0000|0011|1101|1111,0.0571,0000|1101,0.034,0000|0011|1101,0.0313,0000|0011|1001|1101,0.0063,0000|0011|1000|1101,0.0053,0000|1000|1101,0.0037,0000|0011|1000|1101|1111,0.0035,0000|1000|1101|1111,0.0031,0000|0011|1001|1101|1111,0.0027,0000|1001|1101,0.001,0000|1001|1101|1111,0.0009,0000|0011|1000|1100|1111,0.0007,0000|1000|1100|1111,0.0003,0000|0011|1000|1111,0.0002,0000|0011|1011|1111,0.0001
190,"{F->T,M->T,B->F,M->B,B->M}",5,0000|0011|1111,0.5708,0000|1111,0.3712,0000|0011|1000|1111,0.0291,0000|1000|1111,0.0185,0000|0011|1101|1111,0.0032,0000|1000|1101|1111,0.002,0000|0011|1000|1101|1111,0.0018,0000|1101|1111,0.0015,0000|0011|1011|1111,0.0008,0000|0011|1000|1101,0.0007,0000|0011|1000|1100|1111,0.0002,0000|0011|1101,0.0001,0000|1000|1101,0.0001
191,"{F->T,M->T,F->B,M->B,B->M}",5,0000|0011|1111,0.9558,0000|0011|1000|1111,0.0143,0000|0011|1101|1111,0.012,0000|0011|1011|1111,0.0082,0000|0011|1101,0.0038,0000|0011|1001|1111,0.0022,0000|0011|1000|1101|1111,0.0015,0000|0011|1001|1011|1111,0.0013,0000|0011|1000|1101,0.0003,0000|0011|1000|1011|1111,0.0002,0000|0011|1001|1101,0.0001,0000|0011|1001|1011|1101,0.0001,0000|0011|1001|1011|1101|1111,0.0001,0000|0011|1001|1101|1111,0.0001
192,"{F->T,M->T,F->B,B->F,B->M}",5,0000|0011|1111,0.5779,0000|1111,0.3976,0000|0011|1000|1111,0.0106,0000|1000|1111,0.0068,0000|0011|1101|1111,0.0028,0000|1101|1111,0.0025,0000|0011|1001|1111,0.0008,0000|1001|1111,0.0003,0000|0011|1011|1111,0.0003,0000|1101,0.0003,0000|0011|1000|1100|1111,0.0001
193,"{F->T,M->T,F->B,B->F,M->B}",5,0000|0011|1111,0.5245,0000|1111,0.3893,0000|0011|1011|1111,0.0412,0000|0011|1101|1111,0.0073,0000|0011|1001|1111,0.0071,0000|1000|1111,0.007,0000|0011|1000|1111,0.0068,0000|1101|1111,0.005,0000|0011|1001|1011|1111,0.0039,0000|1101,0.0015,0000|0011|1101,0.0012,0000|0011|1000|1101|1111,0.001,0000|0011|1001|1101|1111,0.0008,0000|0011|1000|1011|1111,0.0007,0000|1000|1101|1111,0.0007,0000|0011|1001|1011|1101|1111,0.0005,0000|0011|1011|1101|1111,0.0003,0000|1000|1101,0.0003,0000|0011|1000|1101,0.0003,0000|1001|1111,0.0003,0000|0011|1001|1011|1101,0.0001,0000|0011|1001|1101,0.0001,0000|0011|1000|1011|1101|1111,0.0001
194,"{F->T,M->T,T->M,M->B,B->M}",5,0000|0011|1111,0.5795,0000|1111,0.363,0000|0011|1000|1111,0.0308,0000|1000|1111,0.0173,0000|0011|1000|1101|1111,0.0027,0000|0011|1101|1111,0.0021,0000|1101|1111,0.002,0000|1000|1101|1111,0.0014,0000|0011|1000|1101,0.0007,0000|1000|1100|1111,0.0002,0000|1000|1101,0.0002,0000|1101,0.0001
195,"{F->T,M->T,T->M,B->F,B->M}",5,0000|1111,0.6013,0000|0011|1111,0.3488,0000|1000|1111,0.03,0000|0011|1000|1111,0.0193,0000|1000|1100|1111,0.0003,0000|0011|1000|1100|1111,0.0003
196,"{F->T,M->T,T->M,B->F,M->B}",5,0000|1111,0.4773,0000|0011|1111,0.4666,0000|1000|1111,0.0245,0000|0011|1000|1111,0.0228,0000|1101|1111,0.0029,0000|0011|1000|1101|1111,0.0021,0000|0011|1101|1111,0.0016,0000|1000|1101|1111,0.0013,0000|0011|1000|1101,0.0004,0000|1000|1100|1111,0.0002,0000|0011|1000|1100|1111,0.0001,0000|0011|1011|1111,0.0001,0000|0011|1101,0.0001
197,"{F->T,M->T,T->M,F->B,B->M}",5,0000|0011|1111,0.5997,0000|1111,0.3734,0000|0011|1000|1111,0.0107,0000|1000|1111,0.0071,0000|0011|1101|1111,0.0032,0000|1101|1111,0.0023,0000|0011|1001|1111,0.0022,0000|1001|1111,0.0008,0000|1101,0.0003,0000|1000|1100|1111,0.0002,0000|0011|1001|1101|1111,0.0001
198,"{F->T,M->T,T->M,F->B,M->B}",5,0000|0011|1111,0.7236,0000|1111,0.1443,0000|0011|1001|1111,0.0725,0000|1001|1111,0.0142,0000|0011|1000|1111,0.014,0000|0011|1001|1101|1111,0.0087,0000|0011|1011|1111,0.0069,0000|0011|1101|1111,0.0038,0000|0011|1001|1101,0.0037,0000|1000|1111,0.0023,0000|1001|1101|1111,0.0017,0000|0011|1000|1101|1111,0.0013,0000|1001|1101,0.0007,0000|0011|1001|1011|1111,0.0007,0000|1101|1111,0.0006,0000|0011|1101,0.0002,0000|1000|1101|1111,0.0002,0000|0011|1000|1011|1111,0.0001,0000|0011|1001|1011|1101,0.0001,0000|1000|1101,0.0001,0000|0011|1000|1101,0.0001,0000|0011|1001|1011|1101|1111,0.0001,0000|0011|1011|1101|1111,0.0001
199,"{F->T,M->T,T->M,F->B,B->F}",5,0000|1111,0.4885,0000|0011|1111,0.4757,0000|0011|1001|1111,0.0096,0000|0011|1000|1111,0.0093,0000|1000|1111,0.0081,0000|1101|1111,0.0029,0000|1001|1111,0.0028,0000|0011|1101|1111,0.0023,0000|0011|1001|1101|1111,0.0003,0000|1101,0.0002,0000|0011|1101,0.0001,0000|1000|1101|1111,0.0001,0000|0011|1011|1111,0.0001
200,"{F->T,T->F,B->F,M->B,B->M}",5,0000|1111,0.7904,0000|1101|1111,0.0743,0000|0011|1111,0.0661,0000|1000|1101,0.0228,0000|1000|1101|1111,0.0129,0000|1101,0.0105,0000|1000|1100|1111,0.0097,0000|0011|1101|1111,0.007,0000|1000|1111,0.0022,0000|0011|1000|1101|1111,0.0013,0000|0011|1101,0.0011,0000|0011|1000|1101,0.0009,0000|0011|1000|1100|1111,0.0007,0000|0011|1000|1111,0.0001
201,"{F->T,T->F,F->B,M->B,B->M}",5,0000|1111,0.5885,0000|0011|1111,0.1927,0000|1101|1111,0.0942,0000|1101,0.0548,0000|0011|1101|1111,0.0308,0000|0011|1101,0.0168,0000|1000|1101,0.008,0000|1000|1101|1111,0.0043,0000|0011|1000|1101,0.0027,0000|1001|1101,0.0018,0000|0011|1000|1101|1111,0.0016,0000|0011|1001|1101,0.001,0000|1000|1100|1111,0.001,0000|1001|1101|1111,0.001,0000|0011|1001|1101|1111,0.0003,0000|1000|1111,0.0003,0000|0011|1000|1111,0.0001,0000|0011|1000|1100|1111,0.0001
202,"{F->T,T->F,F->B,B->F,B->M}",5,0000|1111,0.8176,0000|1101|1111,0.078,0000|0011|1111,0.064,0000|1101,0.0143,0000|1000|1100|1111,0.0106,0000|0011|1101|1111,0.007,0000|1000|1101|1111,0.0029,0000|1000|1111,0.0028,0000|1001|1101|1111,0.0013,0000|0011|1101,0.0006,0000|0011|1000|1100|1111,0.0004,0000|0011|1000|1111,0.0003,0000|0011|1000|1101|1111,0.0002
203,"{F->T,T->F,F->B,B->F,M->B}",5,0000|1111,0.7266,0000|1101|1111,0.1141,0000|1101,0.0595,0000|0011|1111,0.0574,0000|1000|1101,0.0089,0000|0011|1101|1111,0.0083,0000|1001|1101,0.0062,0000|1000|1101|1111,0.006,0000|1001|1101|1111,0.0038,0000|0011|1101,0.0036,0000|0011|1001|1101,0.0014,0000|0011|1000|1101,0.001,0000|1000|1100|1111,0.0008,0000|0011|1001|1101|1111,0.0007,0000|0011|1011|1111,0.0006,0000|1000|1111,0.0005,0000|0011|1000|1101|1111,0.0005,0000|0011|1011|1101|1111,0.0001
204,"{F->T,T->F,T->M,M->B,B->M}",5,0000|1111,0.72,0000|0011|1111,0.1349,0000|1101|1111,0.0671,0000|1000|1101,0.0185,0000|1000|1101|1111,0.0159,0000|0011|1101|1111,0.0137,0000|1101,0.0093,0000|1000|1100|1111,0.0091,0000|0011|1000|1101,0.0037,0000|0011|1000|1101|1111,0.0022,0000|0011|1101,0.0022,0000|0011|1000|1100|1111,0.0019,0000|1000|1111,0.0013,0000|0011|1000|1111,0.0002
205,"{F->T,T->F,T->M,B->F,B->M}",5,0000|1111,0.9056,0000|0011|1111,0.0425,0000|1000|1100|1111,0.0411,0000|1000|1111,0.0084,0000|0011|1000|1100|1111,0.0017,0000|0011|1000|1111,0.0007
206,"{F->T,T->F,T->M,B->F,M->B}",5,0000|1111,0.8109,0000|1101|1111,0.0708,0000|0011|1111,0.0495,0000|1000|1101,0.021,0000|1000|1101|1111,0.017,0000|1101,0.0104,0000|1000|1100|1111,0.0094,0000|0011|1101|1111,0.0053,0000|0011|1000|1101|1111,0.0016,0000|1000|1111,0.0015,0000|0011|1000|1101,0.001,0000|0011|1101,0.0009,0000|0011|1000|1100|1111,0.0007
207,"{F->T,T->F,T->M,F->B,B->M}",5,0000|1111,0.7429,0000|0011|1111,0.1395,0000|1101|1111,0.0716,0000|1101,0.0112,0000|1000|1100|1111,0.0108,0000|0011|1101|1111,0.0103,0000|1001|1101|1111,0.0032,0000|1000|1101|1111,0.0022,0000|0011|1101,0.0022,0000|0011|1000|1100|1111,0.0021,0000|1000|1111,0.0018,0000|0011|1001|1101|1111,0.001,0000|0011|1000|1111,0.0004,0000|0011|1000|1101|1111,0.0004,0000|1001|1101,0.0002,0000|1001|1111,0.0001,0000|0011|1001|1101,0.0001
208,"{F->T,T->F,T->M,F->B,M->B}",5,0000|1111,0.6227,0000|0011|1111,0.1585,0000|1101|1111,0.0684,0000|1001|1101,0.0494,0000|1001|1101|1111,0.0326,0000|0011|1101|1111,0.0181,0000|0011|1001|1101,0.0153,0000|1000|1101,0.0084,0000|1101,0.0083,0000|0011|1001|1101|1111,0.008,0000|1000|1101|1111,0.0042,0000|0011|1101,0.002,0000|0011|1000|1101,0.0018,0000|1000|1100|1111,0.0009,0000|0011|1000|1101|1111,0.0007,0000|1000|1111,0.0004,0000|0011|1000|1100|1111,0.0002,0000|0011|1011|1111,0.0001
209,"{F->T,T->F,T->M,F->B,B->F}",5,0000|1111,0.826,0000|1101|1111,0.0731,0000|0011|1111,0.0525,0000|1101,0.0132,0000|1000|1100|1111,0.0121,0000|1001|1101|1111,0.0099,0000|0011|1101|1111,0.0036,0000|0011|1001|1101|1111,0.0026,0000|1000|1111,0.0023,0000|1000|1101|1111,0.0017,0000|1001|1101,0.0012,0000|0011|1000|1100|1111,0.0007,0000|0011|1101,0.0005,0000|0011|1001|1101,0.0004,0000|0011|1000|1101|1111,0.0001,0000|1001|1111,0.0001
210,"{F->T,T->F,M->T,M->B,B->M}",5,0000|1111,0.7157,0000|0011|1111,0.235,0000|1000|1111,0.033,0000|0011|1000|1111,0.0089,0000|1101|1111,0.0028,0000|0011|1101|1111,0.0013,0000|1000|1101|1111,0.0011,0000|0011|1000|1101|1111,0.0007,0000|1000|1101,0.0005,0000|1000|1100|1111,0.0004,0000|1101,0.0003,0000|0011|1000|1101,0.0002,0000|0011|1011|1111,0.0001
211,"{F->T,T->F,M->T,B->F,B->M}",5,0000|1111,0.8807,0000|0011|1111,0.0696,0000|1000|1111,0.0454,0000|0011|1000|1111,0.0037,0000|1000|1100|1111,0.0006
212,"{F->T,T->F,M->T,B->F,M->B}",5,0000|1111,0.8709,0000|0011|1111,0.0716,0000|1000|1111,0.0423,0000|1101|1111,0.0049,0000|1000|1101|1111,0.0046,0000|0011|1000|1111,0.0029,0000|1000|1101,0.0011,0000|0011|1101|1111,0.0008,0000|0011|1011|1111,0.0004,0000|1000|1100|1111,0.0002,0000|0011|1000|1101|1111,0.0001,0000|1101,0.0001,0000|0011|1000|1011|1111,0.0001
213,"{F->T,T->F,M->T,F->B,B->M}",5,0000|1111,0.727,0000|0011|1111,0.2455,0000|1000|1111,0.0123,0000|1101|1111,0.0059,0000|0011|1000|1111,0.0043,0000|1001|1111,0.0026,0000|0011|1101|1111,0.0011,0000|0011|1001|1111,0.0009,0000|1001|1101|1111,0.0001,0000|0011|1011|1111,0.0001,0000|1101,0.0001,0000|0011|1101,0.0001
214,"{F->T,T->F,M->T,F->B,M->B}",5,0000|1111,0.6531,0000|0011|1111,0.1926,0000|1001|1111,0.0683,0000|0011|1011|1111,0.0231,0000|0011|1001|1111,0.0231,0000|1000|1111,0.012,0000|1001|1101|1111,0.0078,0000|1101|1111,0.0044,0000|0011|1001|1011|1111,0.0033,0000|0011|1000|1111,0.0028,0000|1001|1101,0.0022,0000|0011|1001|1101|1111,0.0016,0000|0011|1101|1111,0.0013,0000|1000|1101|1111,0.0013,0000|1000|1101,0.0007,0000|0011|1000|1101|1111,0.0005,0000|0011|1001|1011|1101|1111,0.0004,0000|0011|1001|1101,0.0004,0000|0011|1011|1101|1111,0.0003,0000|1101,0.0003,0000|0011|1001|1011|1101,0.0002,0000|0011|1101,0.0001,0000|0011|1000|1100|1111,0.0001,0000|0011|1000|1011|1101,0.0001
215,"{F->T,T->F,M->T,F->B,B->F}",5,0000|1111,0.8945,0000|0011|1111,0.0697,0000|1000|1111,0.0177,0000|1001|1111,0.0086,0000|1101|1111,0.0045,0000|0011|1001|1111,0.0024,0000|0011|1000|1111,0.0009,0000|0011|1011|1111,0.0004,0000|1000|1100|1111,0.0004,0000|1001|1101|1111,0.0003,0000|1101,0.0003,0000|0011|1001|1101|1111,0.0002,0000|0011|1101|1111,0.0001
216,"{F->T,T->F,M->T,T->M,B->M}",5,0000|1111,0.8007,0000|0011|1111,0.1508,0000|1000|1111,0.0403,0000|0011|1000|1111,0.0074,0000|1000|1100|1111,0.0006,0000|0011|1000|1100|1111,0.0002
217,"{F->T,T->F,M->T,T->M,M->B}",5,0000|1111,0.748,0000|0011|1111,0.1977,0000|1000|1111,0.034,0000|0011|1000|1111,0.0091,0000|1101|1111,0.0049,0000|1000|1101|1111,0.0029,0000|0011|1101|1111,0.0013,0000|0011|1000|1101|1111,0.0011,0000|1000|1101,0.0006,0000|1101,0.0001,0000|0011|1011|1111,0.0001,0000|1000|1100|1111,0.0001,0000|0011|1000|1101,0.0001
218,"{F->T,T->F,M->T,T->M,B->F}",5,0000|1111,0.8889,0000|0011|1111,0.0607,0000|1000|1111,0.0461,0000|0011|1000|1111,0.0036,0000|1000|1100|1111,0.0006,0000|0011|1000|1100|1111,0.0001
219,"{F->T,T->F,M->T,T->M,F->B}",5,0000|1111,0.6936,0000|0011|1111,0.1833,0000|1001|1111,0.0794,0000|0011|1001|1111,0.019,0000|1000|1111,0.0138,0000|1001|1101|1111,0.006,0000|0011|1000|1111,0.0034,0000|0011|1001|1101|1111,0.0011,0000|1000|1100|1111,0.0002,0000|1001|1101,0.0001,0000|0011|1000|1100|1111,0.0001
220,"{M->T,T->M,F->B,B->F,M->B,B->M}",6,0000|1111,0.3445,0000|0011|1111,0.1929,0000|1000|1111,0.18,0000|0011|1000|1111,0.1083,0000|1101|1111,0.0442,0000|1101,0.0334,0000|0011|1101|1111,0.0243,0000|1000|1101|1111,0.0187,0000|0011|1101,0.0165,0000|0011|1000|1101|1111,0.0101,0000|1000|1101,0.0079,0000|0011|1001|1111,0.0061,0000|1001|1111,0.0054,0000|0011|1000|1101,0.0047,0000|0011|1001|1101|1111,0.001,0000|1001|1101|1111,0.0009,0000|1000|1100|1111,0.0006,0000|1001|1101,0.0002,0000|0011|1001|1101,0.0002,0000|0011|1000|1100|1111,0.0001
221,"{T->F,T->M,F->B,B->F,M->B,B->M}",6,0000|1101,0.588,0000|1000|1101,0.2136,0000|1000|1101|1111,0.0826,0000|1000|1100|1111,0.0296,0000|0011|1101,0.0287,0000|1101|1111,0.0276,0000|0011|1000|1101,0.0103,0000|1001|1101,0.0087,0000|0011|1000|1101|1111,0.0043,0000|1001|1101|1111,0.0035,0000|0011|1101|1111,0.0014,0000|0011|1000|1100|1111,0.0013,0000|0011|1001|1101,0.0004
222,"{T->F,M->T,F->B,B->F,M->B,B->M}",6,0000|1111,0.5004,0000|1000|1111,0.2633,0000|1101|1111,0.0668,0000|1101,0.0463,0000|0011|1111,0.036,0000|1000|1101|1111,0.0265,0000|0011|1000|1111,0.0224,0000|1001|1111,0.0123,0000|1000|1101,0.0097,0000|0011|1101|1111,0.0044,0000|0011|1101,0.0039,0000|0011|1000|1101|1111,0.0026,0000|1001|1101|1111,0.0016,0000|1000|1100|1111,0.0011,0000|0011|1001|1111,0.001,0000|0011|1000|1101,0.0006,0000|1001|1101,0.0005,0000|0011|1000|1100|1111,0.0003,0000|0011|1001|1101,0.0002,0000|0011|1001|1101|1111,0.0001
223,"{T->F,M->T,T->M,B->F,M->B,B->M}",6,0000|1000|1111,0.8504,0000|1000|1101|1111,0.0713,0000|0011|1000|1111,0.041,0000|1000|1101,0.0238,0000|1000|1100|1111,0.0083,0000|0011|1000|1101|1111,0.004,0000|0011|1000|1101,0.0008,0000|0011|1000|1100|1111,0.0004
224,"{T->F,M->T,T->M,F->B,M->B,B->M}",6,0000|1111,0.4325,0000|1000|1111,0.2391,0000|0011|1111,0.0757,0000|1101|1111,0.0566,0000|0011|1000|1111,0.0466,0000|1101,0.0447,0000|1000|1101|1111,0.0293,0000|1001|1111,0.0287,0000|0011|1101|1111,0.0092,0000|1000|1101,0.0091,0000|0011|1101,0.0072,0000|0011|1001|1111,0.0062,0000|0011|1000|1101|1111,0.0056,0000|1001|1101|1111,0.0028,0000|1001|1101,0.0023,0000|0011|1000|1101,0.002,0000|1000|1100|1111,0.001,0000|0011|1001|1101,0.0007,0000|0011|1001|1101|1111,0.0007
225,"{T->F,M->T,T->M,F->B,B->F,B->M}",6,0000|1111,0.5546,0000|1000|1111,0.3006,0000|1101|1111,0.0682,0000|0011|1111,0.0261,0000|0011|1000|1111,0.0123,0000|1001|1111,0.012,0000|1101,0.0099,0000|1000|1100|1111,0.0079,0000|0011|1101|1111,0.0035,0000|1000|1101|1111,0.0022,0000|0011|1001|1111,0.001,0000|0011|1000|1100|1111,0.0007,0000|1001|1101|1111,0.0006,0000|0011|1101,0.0003,0000|0011|1000|1101|1111,0.0001
226,"{T->F,M->T,T->M,F->B,B->F,M->B}",6,0000|1111,0.4406,0000|1000|1111,0.2649,0000|1001|1111,0.0738,0000|1101|1111,0.0558,0000|1101,0.0441,0000|1000|1101|1111,0.0308,0000|0011|1111,0.0216,0000|0011|1000|1111,0.0182,0000|1000|1101,0.0128,0000|0011|1001|1111,0.0114,0000|1001|1101|1111,0.0103,0000|1001|1101,0.0055,0000|0011|1101,0.0024,0000|0011|1101|1111,0.0023,0000|0011|1000|1101|1111,0.0022,0000|0011|1001|1101|1111,0.0011,0000|0011|1001|1101,0.001,0000|0011|1000|1101,0.0007,0000|1000|1100|1111,0.0005
227,"{F->T,T->M,F->B,B->F,M->B,B->M}",6,0000|1111,0.4838,0000|0011|1111,0.2973,0000|1101|1111,0.0763,0000|0011|1101|1111,0.0467,0000|1101,0.0462,0000|0011|1101,0.0293,0000|1000|1101,0.0065,0000|0011|1000|1101,0.0048,0000|1000|1101|1111,0.0043,0000|0011|1000|1101|1111,0.0019,0000|1000|1100|1111,0.0011,0000|0011|1000|1100|1111,0.0007,0000|1001|1101,0.0004,0000|0011|1001|1101|1111,0.0004,0000|0011|1001|1101,0.0002,0000|1000|1111,0.0001
228,"{F->T,M->T,F->B,B->F,M->B,B->M}",6,0000|0011|1111,0.5726,0000|1111,0.3897,0000|0011|1000|1111,0.0096,0000|0011|1101|1111,0.0092,0000|1000|1111,0.0075,0000|1101|1111,0.0055,0000|1101,0.0016,0000|0011|1101,0.0012,0000|0011|1000|1101|1111,0.0009,0000|1000|1101|1111,0.0008,0000|0011|1001|1111,0.0006,0000|1000|1101,0.0003,0000|0011|1011|1111,0.0002,0000|1001|1111,0.0002,0000|0011|1000|1101,0.0001
229,"{F->T,M->T,T->M,B->F,M->B,B->M}",6,0000|1111,0.595,0000|0011|1111,0.3497,0000|1000|1111,0.0289,0000|0011|1000|1111,0.0172,0000|1101|1111,0.0025,0000|0011|1101|1111,0.002,0000|1000|1101|1111,0.0019,0000|0011|1000|1101|1111,0.0015,0000|1000|1101,0.0006,0000|0011|1000|1101,0.0004,0000|1101,0.0002,0000|0011|1101,0.0001
230,"{F->T,M->T,T->M,F->B,M->B,B->M}",6,0000|0011|1111,0.5951,0000|1111,0.3691,0000|0011|1000|1111,0.0084,0000|1000|1111,0.0071,0000|0011|1101|1111,0.0069,0000|1101|1111,0.0049,0000|0011|1001|1111,0.0024,0000|0011|1101,0.0019,0000|1101,0.0013,0000|1001|1111,0.0009,0000|0011|1000|1101|1111,0.0007,0000|0011|1001|1101,0.0003,0000|1000|1101|1111,0.0003,0000|1000|1101,0.0003,0000|0011|1001|1101|1111,0.0002,0000|0011|1001|1011|1111,0.0001,0000|0011|1000|1101,0.0001
231,"{F->T,M->T,T->M,F->B,B->F,B->M}",6,0000|1111,0.6083,0000|0011|1111,0.3682,0000|1000|1111,0.0101,0000|1101|1111,0.0052,0000|0011|1000|1111,0.0041,0000|0011|1101|1111,0.0024,0000|1001|1111,0.0006,0000|0011|1001|1111,0.0005,0000|1000|1100|1111,0.0003,0000|1101,0.0002,0000|0011|1000|1100|1111,0.0001
232,"{F->T,M->T,T->M,F->B,B->F,M->B}",6,0000|1111,0.4825,0000|0011|1111,0.4743,0000|1000|1111,0.0087,0000|1101|1111,0.0065,0000|0011|1001|1111,0.0065,0000|0011|1000|1111,0.0061,0000|0011|1101|1111,0.005,0000|1001|1111,0.0024,0000|0011|1101,0.002,0000|1101,0.0018,0000|0011|1001|1101|1111,0.0009,0000|1000|1101|1111,0.0008,0000|0011|1001|1101,0.0007,0000|1000|1101,0.0006,0000|0011|1000|1101|1111,0.0004,0000|0011|1000|1101,0.0003,0000|1001|1101|1111,0.0002,0000|0011|1011|1111,0.0002,0000|0011|1011|1101|1111,0.0001
233,"{F->T,T->F,F->B,B->F,M->B,B->M}",6,0000|1111,0.724,0000|1101|1111,0.1135,0000|1101,0.0748,0000|0011|1111,0.0562,0000|0011|1101|1111,0.0096,0000|1000|1101,0.0084,0000|0011|1101,0.0064,0000|1000|1101|1111,0.0044,0000|1001|1101,0.0007,0000|0011|1000|1101,0.0007,0000|1000|1100|1111,0.0006,0000|0011|1000|1101|1111,0.0003,0000|1001|1101|1111,0.0002,0000|0011|1000|1111,0.0001,0000|1000|1111,0.0001
234,"{F->T,T->F,T->M,B->F,M->B,B->M}",6,0000|1111,0.8161,0000|1101|1111,0.0749,0000|0011|1111,0.0398,0000|1000|1101,0.0239,0000|1000|1101|1111,0.017,0000|1101,0.0139,0000|1000|1100|1111,0.0065,0000|0011|1101|1111,0.0028,0000|1000|1111,0.0022,0000|0011|1000|1101,0.0009,0000|0011|1000|1101|1111,0.0009,0000|0011|1000|1100|1111,0.0006,0000|0011|1101,0.0005
235,"{F->T,T->F,T->M,F->B,M->B,B->M}",6,0000|1111,0.6655,0000|0011|1111,0.1242,0000|1101|1111,0.0999,0000|1101,0.0607,0000|0011|1101|1111,0.0177,0000|0011|1101,0.0097,0000|1000|1101,0.0095,0000|1000|1101|1111,0.0048,0000|1001|1101,0.0025,0000|1001|1101|1111,0.0017,0000|0011|1000|1101|1111,0.0011,0000|0011|1000|1101,0.001,0000|1000|1100|1111,0.0007,0000|0011|1000|1100|1111,0.0005,0000|0011|1001|1101|1111,0.0002,0000|0011|1001|1101,0.0002,0000|1000|1111,0.0001
236,"{F->T,T->F,T->M,F->B,B->F,B->M}",6,0000|1111,0.8388,0000|1101|1111,0.0824,0000|0011|1111,0.0397,0000|1101,0.0153,0000|1000|1100|1111,0.0136,0000|0011|1101|1111,0.004,0000|1000|1101|1111,0.0027,0000|1000|1111,0.002,0000|1001|1101|1111,0.0009,0000|0011|1000|1100|1111,0.0003,0000|0011|1101,0.0003
237,"{F->T,T->F,T->M,F->B,B->F,M->B}",6,0000|1111,0.7334,0000|1101|1111,0.1174,0000|1101,0.0635,0000|0011|1111,0.0491,0000|1000|1101,0.008,0000|0011|1101|1111,0.0066,0000|1000|1101|1111,0.0062,0000|1001|1101,0.0051,0000|1001|1101|1111,0.0036,0000|0011|1101,0.0023,0000|1000|1100|1111,0.0015,0000|0011|1001|1101,0.0012,0000|0011|1001|1101|1111,0.0007,0000|0011|1000|1101|1111,0.0007,0000|0011|1000|1101,0.0003,0000|1000|1111,0.0003,0000|0011|1000|1100|1111,0.0001
238,"{F->T,T->F,M->T,B->F,M->B,B->M}",6,0000|1111,0.8741,0000|0011|1111,0.0682,0000|1000|1111,0.044,0000|1101|1111,0.0049,0000|0011|1000|1111,0.0036,0000|1000|1101|1111,0.0033,0000|0011|1101|1111,0.0009,0000|1000|1101,0.0006,0000|0011|1000|1101,0.0001,0000|1000|1100|1111,0.0001,0000|1101,0.0001,0000|0011|1000|1101|1111,0.0001
239,"{F->T,T->F,M->T,F->B,M->B,B->M}",6,0000|1111,0.7231,0000|0011|1111,0.2387,0000|1000|1111,0.0109,0000|1101|1111,0.0105,0000|0011|1101|1111,0.0042,0000|0011|1000|1111,0.004,0000|1001|1111,0.0028,0000|1101,0.0026,0000|0011|1101,0.001,0000|1000|1101|1111,0.0007,0000|0011|1001|1111,0.0004,0000|1001|1101|1111,0.0003,0000|0011|1000|1101|1111,0.0002,0000|0011|1001|1101|1111,0.0002,0000|0011|1001|1101,0.0002,0000|1000|1101,0.0001,0000|0011|1011|1111,0.0001
240,"{F->T,T->F,M->T,F->B,B->F,B->M}",6,0000|1111,0.9064,0000|0011|1111,0.0705,0000|1000|1111,0.0148,0000|1101|1111,0.005,0000|0011|1000|1111,0.0014,0000|1001|1111,0.0008,0000|0011|1101|1111,0.0005,0000|0011|1001|1111,0.0003,0000|1000|1100|1111,0.0002,0000|1101,0.0001
241,"{F->T,T->F,M->T,F->B,B->F,M->B}",6,0000|1111,0.8863,0000|0011|1111,0.0703,0000|1000|1111,0.0137,0000|1101|1111,0.0103,0000|1001|1111,0.0081,0000|1101,0.0033,0000|1000|1101|1111,0.0017,0000|0011|1001|1111,0.0016,0000|0011|1101|1111,0.0012,0000|1001|1101|1111,0.0011,0000|0011|1000|1111,0.0009,0000|1000|1101,0.0006,0000|0011|1011|1111,0.0005,0000|0011|1001|1101,0.0001,0000|1000|1100|1111,0.0001,0000|0011|1101,0.0001,0000|1001|1101,0.0001
242,"{F->T,T->F,M->T,T->M,M->B,B->M}",6,0000|1111,0.7921,0000|0011|1111,0.1471,0000|1000|1111,0.0428,0000|0011|1000|1111,0.0069,0000|1101|1111,0.0039,0000|1000|1101|1111,0.0037,0000|0011|1000|1101|1111,0.0011,0000|0011|1101|1111,0.0008,0000|1000|1101,0.0008,0000|1101,0.0004,0000|0011|1000|1101,0.0003,0000|0011|1000|1100|1111,0.0001
243,"{F->T,T->F,M->T,T->M,B->F,B->M}",6,0000|1111,0.9052,0000|1000|1111,0.0484,0000|0011|1111,0.0435,0000|0011|1000|1111,0.0021,0000|1000|1100|1111,0.0007,0000|0011|1000|1100|1111,0.0001
244,"{F->T,T->F,M->T,T->M,B->F,M->B}",6,0000|1111,0.8924,0000|0011|1111,0.0545,0000|1000|1111,0.0399,0000|1101|1111,0.0046,0000|0011|1000|1111,0.0036,0000|1000|1101|1111,0.0034,0000|1000|1101,0.0009,0000|1000|1100|1111,0.0003,0000|0011|1000|1101,0.0002,0000|0011|1000|1101|1111,0.0001,0000|1101,0.0001
245,"{F->T,T->F,M->T,T->M,F->B,B->M}",6,0000|1111,0.8242,0000|0011|1111,0.1499,0000|1000|1111,0.0139,0000|1101|1111,0.0049,0000|1001|1111,0.0032,0000|0011|1000|1111,0.0026,0000|0011|1101|1111,0.0005,0000|0011|1001|1111,0.0004,0000|1001|1101|1111,0.0002,0000|1101,0.0001,0000|1000|1100|1111,0.0001
246,"{F->T,T->F,M->T,T->M,F->B,M->B}",6,0000|1111,0.6917,0000|0011|1111,0.182,0000|1001|1111,0.0706,0000|0011|1001|1111,0.0194,0000|1000|1111,0.013,0000|1001|1101|1111,0.0092,0000|1101|1111,0.0038,0000|0011|1000|1111,0.0034,0000|1001|1101,0.0018,0000|0011|1001|1101|1111,0.0017,0000|1000|1101|1111,0.0011,0000|0011|1101|1111,0.0006,0000|0011|1001|1101,0.0006,0000|1000|1101,0.0004,0000|0011|1101,0.0003,0000|0011|1011|1111,0.0002,0000|0011|1000|1101,0.0001,0000|1101,0.0001
247,"{F->T,T->F,M->T,T->M,F->B,B->F}",6,0000|1111,0.9063,0000|0011|1111,0.0605,0000|1000|1111,0.0146,0000|1001|1111,0.0076,0000|1101|1111,0.0064,0000|0011|1001|1111,0.002,0000|0011|1000|1111,0.0009,0000|1001|1101|1111,0.0006,0000|1101,0.0003,0000|1000|1100|1111,0.0003,0000|0011|1001|1101|1111,0.0002,0000|0011|1101|1111,0.0002,0000|1000|1101|1111,0.0001
248,"{T->F,M->T,T->M,F->B,B->F,M->B,B->M}",7,0000|1111,0.5148,0000|1000|1111,0.2693,0000|1101|1111,0.0611,0000|1101,0.0498,0000|1000|1101|1111,0.032,0000|0011|1111,0.0252,0000|0011|1000|1111,0.0135,0000|1001|1111,0.0132,0000|1000|1101,0.0119,0000|0011|1101|1111,0.0031,0000|0011|1101,0.0016,0000|0011|1000|1101|1111,0.0015,0000|0011|1001|1111,0.001,0000|1001|1101|1111,0.001,0000|1000|1100|1111,0.0004,0000|1001|1101,0.0003,0000|0011|1001|1101,0.0001,0000|0011|1000|1101,0.0001,0000|0011|1001|1101|1111,0.0001
249,"{F->T,M->T,T->M,F->B,B->F,M->B,B->M}",7,0000|1111,0.6081,0000|0011|1111,0.3559,0000|1000|1111,0.0097,0000|1101|1111,0.0076,0000|0011|1000|1111,0.0063,0000|0011|1101|1111,0.0062,0000|1101,0.0024,0000|0011|1000|1101|1111,0.0009,0000|0011|1101,0.0007,0000|1001|1111,0.0006,0000|0011|1001|1111,0.0006,0000|1000|1101,0.0004,0000|0011|1000|1101,0.0003,0000|1000|1101|1111,0.0003
250,"{F->T,T->F,T->M,F->B,B->F,M->B,B->M}",7,0000|1111,0.7482,0000|1101|1111,0.1172,0000|1101,0.0728,0000|0011|1111,0.0329,0000|1000|1101,0.0108,0000|0011|1101|1111,0.0062,0000|1000|1101|1111,0.0053,0000|0011|1101,0.0038,0000|1000|1100|1111,0.0012,0000|1001|1101,0.0005,0000|0011|1000|1101|1111,0.0004,0000|1000|1111,0.0003,0000|0011|1000|1101,0.0002,0000|0011|1001|1101|1111,0.0001,0000|1001|1101|1111,0.0001
251,"{F->T,T->F,M->T,F->B,B->F,M->B,B->M}",7,0000|1111,0.8957,0000|0011|1111,0.0726,0000|1000|1111,0.0127,0000|1101|1111,0.0104,0000|1101,0.0029,0000|0011|1101|1111,0.002,0000|1000|1101|1111,0.0013,0000|1001|1111,0.0008,0000|0011|1000|1111,0.0004,0000|1000|1101,0.0004,0000|0011|1000|1101|1111,0.0003,0000|0011|1000|1101,0.0002,0000|1001|1101|1111,0.0001,0000|0011|1001|1111,0.0001,0000|0011|1101,0.0001
252,"{F->T,T->F,M->T,T->M,B->F,M->B,B->M}",7,0000|1111,0.9003,0000|1000|1111,0.0438,0000|0011|1111,0.0438,0000|1101|1111,0.0046,0000|1000|1101|1111,0.0028,0000|0011|1000|1111,0.0026,0000|1000|1101,0.0012,0000|1101,0.0004,0000|0011|1101|1111,0.0002,0000|1000|1100|1111,0.0002,0000|0011|1000|1101|1111,0.0001
253,"{F->T,T->F,M->T,T->M,F->B,M->B,B->M}",7,0000|1111,0.8168,0000|0011|1111,0.1467,0000|1000|1111,0.0122,0000|1101|1111,0.0115,0000|1101,0.0032,0000|1001|1111,0.0022,0000|1000|1101|1111,0.0017,0000|0011|1000|1111,0.0016,0000|0011|1101|1111,0.0015,0000|0011|1001|1111,0.001,0000|1000|1101,0.0005,0000|0011|1000|1101|1111,0.0003,0000|1001|1101|1111,0.0003,0000|0011|1101,0.0003,0000|0011|1001|1101|1111,0.0001,0000|0011|1000|1101,0.0001
254,"{F->T,T->F,M->T,T->M,F->B,B->F,B->M}",7,0000|1111,0.9305,0000|0011|1111,0.0449,0000|1000|1111,0.0169,0000|1101|1111,0.0055,0000|1001|1111,0.001,0000|0011|1000|1111,0.0006,0000|0011|1101|1111,0.0002,0000|1101,0.0001,0000|1000|1101|1111,0.0001,0000|1001|1101|1111,0.0001,0000|1000|1100|1111,0.0001
255,"{F->T,T->F,M->T,T->M,F->B,B->F,M->B}",7,0000|1111,0.8937,0000|0011|1111,0.0613,0000|1000|1111,0.0145,0000|1101|1111,0.0128,0000|1001|1111,0.0067,0000|1101,0.0041,0000|1000|1101|1111,0.0016,0000|0011|1001|1111,0.0013,0000|0011|1000|1111,0.0011,0000|0011|1101|1111,0.001,0000|1001|1101|1111,0.001,0000|0011|1101,0.0003,0000|1000|1101,0.0003,0000|0011|1000|1101|1111,0.0002,0000|1001|1101,0.0001
256,"{F->T,T->F,M->T,T->M,F->B,B->F,M->B,B->M}",8,0000|1111,0.9173,0000|0011|1111,0.0477,0000|1000|1111,0.015,0000|1101|1111,0.0124,0000|1101,0.0033,0000|1000|1101|1111,0.0014,0000|1001|1111,0.0009,0000|0011|1101|1111,0.0006,0000|0011|1000|1111,0.0006,0000|0011|1000|1101|1111,0.0003,0000|1000|1101,0.0002,0000|0011|1000|1101,0.0001,0000|1001|1101,0.0001,0000|0011|1101,0.0001
